structure,strategy,trim_level,trim_random,trim_topology,initial_selected,expand_failures,additional_scheduled,additional_executed,sample_eligible,sample_retained,sample_minimum,sample_minimum_fields,profile_match,sampling_fallback,calibration_id,seed,status,error,time_limit_seconds,valid_domain,possible_outcomes,selected,omitted,attempted,completed,remaining,render_invocations,proved_equivalent,erroneous_inputs_evaluated,erroneous_inputs_rendered,observed_outcomes,planning_seconds,analysis_seconds,execution_seconds,total_seconds,compiler_fallback,selected_sha256,chart_sha256,axis,axis_value,condition_depth,quantile_unused_inputs,clustering,repeat,order,error_percent,error_seed,error_count,actual_error_percent,errors_detected,errors_missed,error_recall,neighbor_error_fraction,population_sha256
error-surface,random,2,2,0,17,False,0,0,,,,,,,,2026,passed,,540,256,4,17,239,17,17,0,17,0,0,0,4,0.021459042094647884,6.44167885184288e-05,0.8502627499401569,0.8717862088233232,,c6ee030cdf198dd354265ec475486f8dd38764efb604fd5d639a13f8952fffe9,910990bc2dc52a4758d721159c07e08c048b1179156be822cd75118ba14cd5a6,clustering,0,0,6,0.0,0,0,0,1729,0,0.0,0,0,,,3071c65715248c1529ce16d06ddf97a5cb809bd550b491bbc55ae00d3e58c7bd
error-surface,combined,2,2,2,5,False,0,0,,,,,,,,2026,passed,,540,256,4,5,251,5,5,0,5,0,0,0,4,0.018832874950021505,0.011995083652436733,0.27472545905038714,0.3055534176528454,,e89e08d0e6be2244df9b71e5d4e911c1e60884fe03ae4dc7877686eb4c964b4f,910990bc2dc52a4758d721159c07e08c048b1179156be822cd75118ba14cd5a6,clustering,0,0,6,0.0,0,1,0,1729,0,0.0,0,0,,,3071c65715248c1529ce16d06ddf97a5cb809bd550b491bbc55ae00d3e58c7bd
error-surface,topology,2,0,2,17,False,0,0,,,,,,,,2026,passed,,540,256,4,17,239,17,17,0,17,0,0,0,4,0.019359374884516,0.019043332897126675,0.749563833232969,0.7879665410146117,,62476f5214f9b3c5b7779745df12dc063eef192da58154ebc8194e2bd7724368,910990bc2dc52a4758d721159c07e08c048b1179156be822cd75118ba14cd5a6,clustering,0,0,6,0.0,0,2,0,1729,0,0.0,0,0,,,3071c65715248c1529ce16d06ddf97a5cb809bd550b491bbc55ae00d3e58c7bd
error-surface,filter-aggressive,2,0,2,17,True,0,0,16,16,1,0,unmatched,chart complexity or topology is outside the measured calibration profiles,65b65fc46bcb4af6ae69145bdd32606e6e48270ff4564783c6c95ac61043d36b,2026,passed,,540,256,4,17,239,17,17,0,17,0,0,0,4,0.017942375037819147,0.08277225028723478,0.7946575409732759,0.8953721662983298,,964ffe68b9f07e2d3e19fcc69d4973a6846ed67fa537d1cd267b98144a7ffaec,910990bc2dc52a4758d721159c07e08c048b1179156be822cd75118ba14cd5a6,clustering,0,0,6,0.0,0,3,0,1729,0,0.0,0,0,,,3071c65715248c1529ce16d06ddf97a5cb809bd550b491bbc55ae00d3e58c7bd
error-surface,filter,2,0,2,17,True,0,0,16,16,128,,,,,2026,passed,,540,256,4,17,239,17,17,0,17,0,0,0,4,0.018056292086839676,0.042847291100770235,0.8114265413023531,0.872330124489963,,964ffe68b9f07e2d3e19fcc69d4973a6846ed67fa537d1cd267b98144a7ffaec,910990bc2dc52a4758d721159c07e08c048b1179156be822cd75118ba14cd5a6,clustering,0,0,6,0.0,0,4,0,1729,0,0.0,0,0,,,3071c65715248c1529ce16d06ddf97a5cb809bd550b491bbc55ae00d3e58c7bd
error-surface,sample-random,2,0,0,180,False,0,0,,,,,,,,2026,passed,,540,256,4,180,76,180,180,0,180,0,0,0,4,0.019957749638706446,0.0009539159946143627,8.352101000025868,8.37301266565919,,7d8916ae78bbfcaa82c1d84a70429580b89707fb646c292531a055db0798ca51,910990bc2dc52a4758d721159c07e08c048b1179156be822cd75118ba14cd5a6,clustering,0,0,6,0.0,0,5,0,1729,0,0.0,0,0,,,3071c65715248c1529ce16d06ddf97a5cb809bd550b491bbc55ae00d3e58c7bd
error-surface,exact-equivalence,2,0,0,256,False,0,0,,,,,,,,2026,passed,,540,256,4,256,0,256,256,0,4,252,0,0,4,0.02735337521880865,0.004213790874928236,0.6846830411814153,0.7162502072751522,,f272707a56fa325f3e1ef032830433de622478dd220af2ebc08b2caf97d84630,910990bc2dc52a4758d721159c07e08c048b1179156be822cd75118ba14cd5a6,clustering,0,0,6,0.0,0,6,0,1729,0,0.0,0,0,,,3071c65715248c1529ce16d06ddf97a5cb809bd550b491bbc55ae00d3e58c7bd
error-surface,default,2,0,0,256,False,0,0,,,,,,,,2026,passed,,540,256,4,256,0,256,256,0,256,0,0,0,4,0.016564374789595604,2.250075340270996e-06,12.17828124994412,12.194847874809057,,f272707a56fa325f3e1ef032830433de622478dd220af2ebc08b2caf97d84630,910990bc2dc52a4758d721159c07e08c048b1179156be822cd75118ba14cd5a6,clustering,0,0,6,0.0,0,7,0,1729,0,0.0,0,0,,,3071c65715248c1529ce16d06ddf97a5cb809bd550b491bbc55ae00d3e58c7bd
error-surface,default,2,0,0,256,False,0,0,,,,,,,,2026,passed,,540,256,4,256,0,256,256,0,256,0,2,2,4,0.02004274958744645,2.166256308555603e-06,11.5744474157691,11.594492331612855,,f272707a56fa325f3e1ef032830433de622478dd220af2ebc08b2caf97d84630,910990bc2dc52a4758d721159c07e08c048b1179156be822cd75118ba14cd5a6,clustering,0,0,6,0.0,0,0,1,1729,2,0.78125,2,0,1.0,0.0,da60a4459022a0125ef16c7683215758c4d6325421f3f0c198f13770f9441f8b
error-surface,sample-random,2,0,0,180,False,0,0,,,,,,,,2026,passed,,540,256,4,180,76,180,180,0,180,0,0,0,4,0.05088691599667072,0.0010461253114044666,8.484081082977355,8.53601412428543,,7d8916ae78bbfcaa82c1d84a70429580b89707fb646c292531a055db0798ca51,910990bc2dc52a4758d721159c07e08c048b1179156be822cd75118ba14cd5a6,clustering,0,0,6,0.0,0,1,1,1729,2,0.78125,0,2,0.0,0.0,da60a4459022a0125ef16c7683215758c4d6325421f3f0c198f13770f9441f8b
error-surface,filter,2,0,2,17,True,0,0,16,16,128,,,,,2026,passed,,540,256,4,17,239,17,17,0,17,0,0,0,4,0.017897709272801876,0.041514832992106676,0.8219628748483956,0.8813754171133041,,964ffe68b9f07e2d3e19fcc69d4973a6846ed67fa537d1cd267b98144a7ffaec,910990bc2dc52a4758d721159c07e08c048b1179156be822cd75118ba14cd5a6,clustering,0,0,6,0.0,0,2,1,1729,2,0.78125,0,2,0.0,0.0,da60a4459022a0125ef16c7683215758c4d6325421f3f0c198f13770f9441f8b
error-surface,random,2,2,0,17,False,0,0,,,,,,,,2026,passed,,540,256,4,17,239,17,17,0,17,0,0,0,4,0.01981012476608157,5.945935845375061e-05,0.7744983327575028,0.7943679168820381,,c6ee030cdf198dd354265ec475486f8dd38764efb604fd5d639a13f8952fffe9,910990bc2dc52a4758d721159c07e08c048b1179156be822cd75118ba14cd5a6,clustering,0,0,6,0.0,0,3,1,1729,2,0.78125,0,2,0.0,0.0,da60a4459022a0125ef16c7683215758c4d6325421f3f0c198f13770f9441f8b
error-surface,combined,2,2,2,5,False,0,0,,,,,,,,2026,passed,,540,256,4,5,251,5,5,0,5,0,0,0,4,0.019143332727253437,0.03849400021135807,0.3411367922089994,0.3987741251476109,,e89e08d0e6be2244df9b71e5d4e911c1e60884fe03ae4dc7877686eb4c964b4f,910990bc2dc52a4758d721159c07e08c048b1179156be822cd75118ba14cd5a6,clustering,0,0,6,0.0,0,4,1,1729,2,0.78125,0,2,0.0,0.0,da60a4459022a0125ef16c7683215758c4d6325421f3f0c198f13770f9441f8b
error-surface,filter-aggressive,2,0,2,17,True,0,0,16,16,1,0,unmatched,chart complexity or topology is outside the measured calibration profiles,65b65fc46bcb4af6ae69145bdd32606e6e48270ff4564783c6c95ac61043d36b,2026,passed,,540,256,4,17,239,17,17,0,17,0,0,0,4,0.02398333279415965,0.07441112492233515,0.8056752909906209,0.9040697487071157,,964ffe68b9f07e2d3e19fcc69d4973a6846ed67fa537d1cd267b98144a7ffaec,910990bc2dc52a4758d721159c07e08c048b1179156be822cd75118ba14cd5a6,clustering,0,0,6,0.0,0,5,1,1729,2,0.78125,0,2,0.0,0.0,da60a4459022a0125ef16c7683215758c4d6325421f3f0c198f13770f9441f8b
error-surface,topology,2,0,2,17,False,0,0,,,,,,,,2026,passed,,540,256,4,17,239,17,17,0,17,0,0,0,4,0.019151000306010246,0.01575254090130329,0.7799556669779122,0.8148592081852257,,62476f5214f9b3c5b7779745df12dc063eef192da58154ebc8194e2bd7724368,910990bc2dc52a4758d721159c07e08c048b1179156be822cd75118ba14cd5a6,clustering,0,0,6,0.0,0,6,1,1729,2,0.78125,0,2,0.0,0.0,da60a4459022a0125ef16c7683215758c4d6325421f3f0c198f13770f9441f8b
error-surface,exact-equivalence,2,0,0,256,False,0,0,,,,,,,,2026,passed,,540,256,4,256,0,256,256,0,4,252,2,1,4,0.017502416856586933,0.00461729196831584,0.6119053745642304,0.6340250833891332,,f272707a56fa325f3e1ef032830433de622478dd220af2ebc08b2caf97d84630,910990bc2dc52a4758d721159c07e08c048b1179156be822cd75118ba14cd5a6,clustering,0,0,6,0.0,0,7,1,1729,2,0.78125,2,0,1.0,0.0,da60a4459022a0125ef16c7683215758c4d6325421f3f0c198f13770f9441f8b
error-surface,combined,2,2,2,5,False,0,0,,,,,,,,2026,passed,,540,256,4,5,251,5,5,0,5,0,0,0,4,0.01899920916184783,0.012102125212550163,0.26344645908102393,0.2945477934554219,,e89e08d0e6be2244df9b71e5d4e911c1e60884fe03ae4dc7877686eb4c964b4f,910990bc2dc52a4758d721159c07e08c048b1179156be822cd75118ba14cd5a6,clustering,0,0,6,0.0,0,0,5,1729,12,4.6875,0,12,0.0,0.041666666666666664,a1eda048ffdecb737c024f7e07917f9911fc929755a5a2abd3fc3e699ce12f4f
error-surface,topology,2,0,2,17,False,0,0,,,,,,,,2026,passed,,540,256,4,17,239,17,17,0,17,0,0,0,4,0.019750208593904972,0.01459316723048687,0.7798429168760777,0.8141862927004695,,62476f5214f9b3c5b7779745df12dc063eef192da58154ebc8194e2bd7724368,910990bc2dc52a4758d721159c07e08c048b1179156be822cd75118ba14cd5a6,clustering,0,0,6,0.0,0,1,5,1729,12,4.6875,0,12,0.0,0.041666666666666664,a1eda048ffdecb737c024f7e07917f9911fc929755a5a2abd3fc3e699ce12f4f
error-surface,filter-aggressive,2,0,2,17,True,0,0,16,16,1,0,unmatched,chart complexity or topology is outside the measured calibration profiles,65b65fc46bcb4af6ae69145bdd32606e6e48270ff4564783c6c95ac61043d36b,2026,passed,,540,256,4,17,239,17,17,0,17,0,0,0,4,0.019188291858881712,0.06194954179227352,0.7880008751526475,0.8691387088038027,,964ffe68b9f07e2d3e19fcc69d4973a6846ed67fa537d1cd267b98144a7ffaec,910990bc2dc52a4758d721159c07e08c048b1179156be822cd75118ba14cd5a6,clustering,0,0,6,0.0,0,2,5,1729,12,4.6875,0,12,0.0,0.041666666666666664,a1eda048ffdecb737c024f7e07917f9911fc929755a5a2abd3fc3e699ce12f4f
error-surface,filter,2,0,2,17,True,0,0,16,16,128,,,,,2026,passed,,540,256,4,17,239,17,17,0,17,0,0,0,4,0.04992566583678126,0.038738416973501444,0.7930722078308463,0.881736290641129,,964ffe68b9f07e2d3e19fcc69d4973a6846ed67fa537d1cd267b98144a7ffaec,910990bc2dc52a4758d721159c07e08c048b1179156be822cd75118ba14cd5a6,clustering,0,0,6,0.0,0,3,5,1729,12,4.6875,0,12,0.0,0.041666666666666664,a1eda048ffdecb737c024f7e07917f9911fc929755a5a2abd3fc3e699ce12f4f
error-surface,random,2,2,0,17,False,0,0,,,,,,,,2026,passed,,540,256,4,17,239,17,17,0,17,0,0,0,4,0.020534500014036894,8.145906031131744e-05,0.8050555419176817,0.8256715009920299,,c6ee030cdf198dd354265ec475486f8dd38764efb604fd5d639a13f8952fffe9,910990bc2dc52a4758d721159c07e08c048b1179156be822cd75118ba14cd5a6,clustering,0,0,6,0.0,0,4,5,1729,12,4.6875,0,12,0.0,0.041666666666666664,a1eda048ffdecb737c024f7e07917f9911fc929755a5a2abd3fc3e699ce12f4f
error-surface,sample-random,2,0,0,180,False,0,0,,,,,,,,2026,passed,,540,256,4,180,76,180,180,0,180,0,7,7,4,0.01974870776757598,0.0009820000268518925,8.472096124663949,8.492826832458377,,7d8916ae78bbfcaa82c1d84a70429580b89707fb646c292531a055db0798ca51,910990bc2dc52a4758d721159c07e08c048b1179156be822cd75118ba14cd5a6,clustering,0,0,6,0.0,0,5,5,1729,12,4.6875,7,5,0.5833333333333334,0.041666666666666664,a1eda048ffdecb737c024f7e07917f9911fc929755a5a2abd3fc3e699ce12f4f
error-surface,default,2,0,0,256,False,0,0,,,,,,,,2026,passed,,540,256,4,256,0,256,256,0,256,0,12,12,4,0.019147666171193123,2.2081658244132996e-06,12.746630375273526,12.765780249610543,,f272707a56fa325f3e1ef032830433de622478dd220af2ebc08b2caf97d84630,910990bc2dc52a4758d721159c07e08c048b1179156be822cd75118ba14cd5a6,clustering,0,0,6,0.0,0,6,5,1729,12,4.6875,12,0,1.0,0.041666666666666664,a1eda048ffdecb737c024f7e07917f9911fc929755a5a2abd3fc3e699ce12f4f
error-surface,exact-equivalence,2,0,0,256,False,0,0,,,,,,,,2026,passed,,540,256,4,256,0,256,256,0,4,252,12,1,4,0.025067207869142294,0.004736957605928183,0.884192958008498,0.9139971234835684,,f272707a56fa325f3e1ef032830433de622478dd220af2ebc08b2caf97d84630,910990bc2dc52a4758d721159c07e08c048b1179156be822cd75118ba14cd5a6,clustering,0,0,6,0.0,0,7,5,1729,12,4.6875,12,0,1.0,0.041666666666666664,a1eda048ffdecb737c024f7e07917f9911fc929755a5a2abd3fc3e699ce12f4f
error-surface,combined,2,2,2,5,False,0,0,,,,,,,,2026,passed,,540,256,4,5,251,5,5,0,5,0,0,0,4,0.02161087514832616,0.020082375034689903,0.24853283306583762,0.2902260832488537,,e89e08d0e6be2244df9b71e5d4e911c1e60884fe03ae4dc7877686eb4c964b4f,910990bc2dc52a4758d721159c07e08c048b1179156be822cd75118ba14cd5a6,clustering,0,0,6,0.0,0,0,10,1729,25,9.765625,0,25,0.0,0.06,103415be8779399fd1282517fb77919694e4955de72b8d1efd19af14e6861fc0
error-surface,filter-aggressive,2,0,2,17,True,0,0,16,16,1,0,unmatched,chart complexity or topology is outside the measured calibration profiles,65b65fc46bcb4af6ae69145bdd32606e6e48270ff4564783c6c95ac61043d36b,2026,passed,,540,256,4,17,239,17,17,0,17,0,0,0,4,0.017526665702462196,0.09921870799735188,0.8840609579347074,1.0008063316345215,,964ffe68b9f07e2d3e19fcc69d4973a6846ed67fa537d1cd267b98144a7ffaec,910990bc2dc52a4758d721159c07e08c048b1179156be822cd75118ba14cd5a6,clustering,0,0,6,0.0,0,1,10,1729,25,9.765625,0,25,0.0,0.06,103415be8779399fd1282517fb77919694e4955de72b8d1efd19af14e6861fc0
error-surface,filter,2,0,2,17,True,0,0,16,16,128,,,,,2026,passed,,540,256,4,17,239,17,17,0,17,0,0,0,4,0.026046291925013065,0.05768304178491235,1.5250129578635097,1.608742291573435,,964ffe68b9f07e2d3e19fcc69d4973a6846ed67fa537d1cd267b98144a7ffaec,910990bc2dc52a4758d721159c07e08c048b1179156be822cd75118ba14cd5a6,clustering,0,0,6,0.0,0,2,10,1729,25,9.765625,0,25,0.0,0.06,103415be8779399fd1282517fb77919694e4955de72b8d1efd19af14e6861fc0
error-surface,topology,2,0,2,17,False,0,0,,,,,,,,2026,passed,,540,256,4,17,239,17,17,0,17,0,0,0,4,0.06611879169940948,0.11152775026857853,1.556594458874315,1.734241000842303,,62476f5214f9b3c5b7779745df12dc063eef192da58154ebc8194e2bd7724368,910990bc2dc52a4758d721159c07e08c048b1179156be822cd75118ba14cd5a6,clustering,0,0,6,0.0,0,3,10,1729,25,9.765625,0,25,0.0,0.06,103415be8779399fd1282517fb77919694e4955de72b8d1efd19af14e6861fc0
error-surface,random,2,2,0,17,False,0,0,,,,,,,,2026,passed,,540,256,4,17,239,17,17,0,17,0,2,2,4,0.028962000273168087,5.900021642446518e-05,1.194432666990906,1.2234536674804986,,c6ee030cdf198dd354265ec475486f8dd38764efb604fd5d639a13f8952fffe9,910990bc2dc52a4758d721159c07e08c048b1179156be822cd75118ba14cd5a6,clustering,0,0,6,0.0,0,4,10,1729,25,9.765625,2,23,0.08,0.06,103415be8779399fd1282517fb77919694e4955de72b8d1efd19af14e6861fc0
error-surface,default,2,0,0,256,False,0,0,,,,,,,,2026,passed,,540,256,4,256,0,256,256,0,256,0,25,25,4,0.11967587471008301,2.333894371986389e-06,16.28548554191366,16.405163750518113,,f272707a56fa325f3e1ef032830433de622478dd220af2ebc08b2caf97d84630,910990bc2dc52a4758d721159c07e08c048b1179156be822cd75118ba14cd5a6,clustering,0,0,6,0.0,0,5,10,1729,25,9.765625,25,0,1.0,0.06,103415be8779399fd1282517fb77919694e4955de72b8d1efd19af14e6861fc0
error-surface,exact-equivalence,2,0,0,256,False,0,0,,,,,,,,2026,passed,,540,256,4,256,0,256,256,0,4,252,25,2,4,0.023026665672659874,0.027691250201314688,1.298938584048301,1.3496564999222755,,f272707a56fa325f3e1ef032830433de622478dd220af2ebc08b2caf97d84630,910990bc2dc52a4758d721159c07e08c048b1179156be822cd75118ba14cd5a6,clustering,0,0,6,0.0,0,6,10,1729,25,9.765625,25,0,1.0,0.06,103415be8779399fd1282517fb77919694e4955de72b8d1efd19af14e6861fc0
error-surface,sample-random,2,0,0,180,False,0,0,,,,,,,,2026,passed,,540,256,4,180,76,180,180,0,180,0,16,16,4,0.11678704200312495,0.0010629589669406414,11.314855709206313,11.432705710176378,,7d8916ae78bbfcaa82c1d84a70429580b89707fb646c292531a055db0798ca51,910990bc2dc52a4758d721159c07e08c048b1179156be822cd75118ba14cd5a6,clustering,0,0,6,0.0,0,7,10,1729,25,9.765625,16,9,0.64,0.06,103415be8779399fd1282517fb77919694e4955de72b8d1efd19af14e6861fc0
error-surface,topology,2,0,2,17,False,0,0,,,,,,,,2026,passed,,540,256,4,17,239,17,17,0,17,0,4,4,4,0.03259854204952717,0.015210332814604044,0.9971483750268817,1.044957249891013,,62476f5214f9b3c5b7779745df12dc063eef192da58154ebc8194e2bd7724368,910990bc2dc52a4758d721159c07e08c048b1179156be822cd75118ba14cd5a6,clustering,0,0,6,0.0,0,0,25,1729,64,25.0,4,60,0.0625,0.25390625,e017b53227bceadad28348d9ed2e94e8eab33353aa585df8b50ee2517a19bf84
error-surface,random,2,2,0,17,False,0,0,,,,,,,,2026,passed,,540,256,4,17,239,17,17,0,17,0,4,4,4,0.032916958909481764,6.120791658759117e-05,1.0104506248608232,1.0434287916868925,,c6ee030cdf198dd354265ec475486f8dd38764efb604fd5d639a13f8952fffe9,910990bc2dc52a4758d721159c07e08c048b1179156be822cd75118ba14cd5a6,clustering,0,0,6,0.0,0,1,25,1729,64,25.0,4,60,0.0625,0.25390625,e017b53227bceadad28348d9ed2e94e8eab33353aa585df8b50ee2517a19bf84
error-surface,filter-aggressive,2,0,2,17,True,179,179,16,16,1,0,unmatched,chart complexity or topology is outside the measured calibration profiles,65b65fc46bcb4af6ae69145bdd32606e6e48270ff4564783c6c95ac61043d36b,2026,passed,,540,256,4,196,60,196,196,0,196,0,46,46,4,0.035421791952103376,0.26497504115104675,12.285621291957796,12.586018125060946,,77bd1f3859d4839f018223c194f4ba94191d50040748b1c8e647d2a6bb15e17d,910990bc2dc52a4758d721159c07e08c048b1179156be822cd75118ba14cd5a6,clustering,0,0,6,0.0,0,2,25,1729,64,25.0,46,18,0.71875,0.25390625,e017b53227bceadad28348d9ed2e94e8eab33353aa585df8b50ee2517a19bf84
error-surface,filter,2,0,2,17,True,179,179,16,16,128,,,,,2026,passed,,540,256,4,196,60,196,196,0,196,0,46,46,4,0.026503790635615587,0.22605691710487008,14.688899499829859,14.941460207570344,,77bd1f3859d4839f018223c194f4ba94191d50040748b1c8e647d2a6bb15e17d,910990bc2dc52a4758d721159c07e08c048b1179156be822cd75118ba14cd5a6,clustering,0,0,6,0.0,0,3,25,1729,64,25.0,46,18,0.71875,0.25390625,e017b53227bceadad28348d9ed2e94e8eab33353aa585df8b50ee2517a19bf84
error-surface,combined,2,2,2,5,False,0,0,,,,,,,,2026,passed,,540,256,4,5,251,5,5,0,5,0,2,2,4,0.0317782498896122,0.015826458111405373,0.27704700035974383,0.3246517083607614,,e89e08d0e6be2244df9b71e5d4e911c1e60884fe03ae4dc7877686eb4c964b4f,910990bc2dc52a4758d721159c07e08c048b1179156be822cd75118ba14cd5a6,clustering,0,0,6,0.0,0,4,25,1729,64,25.0,2,62,0.03125,0.25390625,e017b53227bceadad28348d9ed2e94e8eab33353aa585df8b50ee2517a19bf84
error-surface,default,2,0,0,256,False,0,0,,,,,,,,2026,passed,,540,256,4,256,0,256,256,0,256,0,64,64,4,0.04499954218044877,8.33394005894661e-06,16.10810195794329,16.153109834063798,,f272707a56fa325f3e1ef032830433de622478dd220af2ebc08b2caf97d84630,910990bc2dc52a4758d721159c07e08c048b1179156be822cd75118ba14cd5a6,clustering,0,0,6,0.0,0,5,25,1729,64,25.0,64,0,1.0,0.25390625,e017b53227bceadad28348d9ed2e94e8eab33353aa585df8b50ee2517a19bf84
error-surface,sample-random,2,0,0,180,False,0,0,,,,,,,,2026,passed,,540,256,4,180,76,180,180,0,180,0,42,42,4,0.019345332868397236,0.001897625159472227,11.722552916035056,11.743795874062926,,7d8916ae78bbfcaa82c1d84a70429580b89707fb646c292531a055db0798ca51,910990bc2dc52a4758d721159c07e08c048b1179156be822cd75118ba14cd5a6,clustering,0,0,6,0.0,0,6,25,1729,64,25.0,42,22,0.65625,0.25390625,e017b53227bceadad28348d9ed2e94e8eab33353aa585df8b50ee2517a19bf84
error-surface,exact-equivalence,2,0,0,256,False,0,0,,,,,,,,2026,passed,,540,256,4,256,0,256,256,0,4,252,64,2,4,0.018805415835231543,0.003358584363013506,1.5881641670130193,1.6103281672112644,,f272707a56fa325f3e1ef032830433de622478dd220af2ebc08b2caf97d84630,910990bc2dc52a4758d721159c07e08c048b1179156be822cd75118ba14cd5a6,clustering,0,0,6,0.0,0,7,25,1729,64,25.0,64,0,1.0,0.25390625,e017b53227bceadad28348d9ed2e94e8eab33353aa585df8b50ee2517a19bf84
error-surface,sample-random,2,0,0,180,False,0,0,,,,,,,,2026,passed,,540,256,4,180,76,180,180,0,180,0,90,90,4,0.07372695906087756,0.0009882496669888496,11.400376833043993,11.475092041771859,,7d8916ae78bbfcaa82c1d84a70429580b89707fb646c292531a055db0798ca51,910990bc2dc52a4758d721159c07e08c048b1179156be822cd75118ba14cd5a6,clustering,0,0,6,0.0,0,0,50,1729,128,50.0,90,38,0.703125,0.498046875,ecb1fd9d120d49dd80196eb27a39b1a4de2e2b9be68acd3b878074b45edc8486
error-surface,topology,2,0,2,17,False,0,0,,,,,,,,2026,passed,,540,256,4,17,239,17,17,0,17,0,7,7,4,0.03436333406716585,0.016758999787271023,1.0911772078834474,1.1422995417378843,,62476f5214f9b3c5b7779745df12dc063eef192da58154ebc8194e2bd7724368,910990bc2dc52a4758d721159c07e08c048b1179156be822cd75118ba14cd5a6,clustering,0,0,6,0.0,0,1,50,1729,128,50.0,7,121,0.0546875,0.498046875,ecb1fd9d120d49dd80196eb27a39b1a4de2e2b9be68acd3b878074b45edc8486
error-surface,combined,2,2,2,5,False,0,0,,,,,,,,2026,passed,,540,256,4,5,251,5,5,0,5,0,4,4,4,0.0176533330231905,0.05815050005912781,0.2855914579704404,0.3613952910527587,,e89e08d0e6be2244df9b71e5d4e911c1e60884fe03ae4dc7877686eb4c964b4f,910990bc2dc52a4758d721159c07e08c048b1179156be822cd75118ba14cd5a6,clustering,0,0,6,0.0,0,2,50,1729,128,50.0,4,124,0.03125,0.498046875,ecb1fd9d120d49dd80196eb27a39b1a4de2e2b9be68acd3b878074b45edc8486
error-surface,filter-aggressive,2,0,2,17,True,179,179,16,16,1,0,unmatched,chart complexity or topology is outside the measured calibration profiles,65b65fc46bcb4af6ae69145bdd32606e6e48270ff4564783c6c95ac61043d36b,2026,passed,,540,256,4,196,60,196,196,0,196,0,96,96,4,0.025449625216424465,0.07898854184895754,12.517161124851555,12.621599291916937,,0784824339db390837c9b3ac34ed9bda5e9323dce6b120df1a38af2496de478c,910990bc2dc52a4758d721159c07e08c048b1179156be822cd75118ba14cd5a6,clustering,0,0,6,0.0,0,3,50,1729,128,50.0,96,32,0.75,0.498046875,ecb1fd9d120d49dd80196eb27a39b1a4de2e2b9be68acd3b878074b45edc8486
error-surface,filter,2,0,2,17,True,179,179,16,16,128,,,,,2026,passed,,540,256,4,196,60,196,196,0,196,0,96,96,4,0.01876516593620181,0.03741179220378399,13.195425832644105,13.25160279078409,,0784824339db390837c9b3ac34ed9bda5e9323dce6b120df1a38af2496de478c,910990bc2dc52a4758d721159c07e08c048b1179156be822cd75118ba14cd5a6,clustering,0,0,6,0.0,0,4,50,1729,128,50.0,96,32,0.75,0.498046875,ecb1fd9d120d49dd80196eb27a39b1a4de2e2b9be68acd3b878074b45edc8486
error-surface,random,2,2,0,17,False,0,0,,,,,,,,2026,passed,,540,256,4,17,239,17,17,0,17,0,10,10,4,0.02283249981701374,7.175002247095108e-05,0.8929977091029286,0.9159019589424133,,c6ee030cdf198dd354265ec475486f8dd38764efb604fd5d639a13f8952fffe9,910990bc2dc52a4758d721159c07e08c048b1179156be822cd75118ba14cd5a6,clustering,0,0,6,0.0,0,5,50,1729,128,50.0,10,118,0.078125,0.498046875,ecb1fd9d120d49dd80196eb27a39b1a4de2e2b9be68acd3b878074b45edc8486
error-surface,exact-equivalence,2,0,0,256,False,0,0,,,,,,,,2026,passed,,540,256,4,256,0,256,256,0,4,252,128,4,4,0.0262299170717597,0.003575459122657776,0.7513105827383697,0.7811159589327872,,f272707a56fa325f3e1ef032830433de622478dd220af2ebc08b2caf97d84630,910990bc2dc52a4758d721159c07e08c048b1179156be822cd75118ba14cd5a6,clustering,0,0,6,0.0,0,6,50,1729,128,50.0,128,0,1.0,0.498046875,ecb1fd9d120d49dd80196eb27a39b1a4de2e2b9be68acd3b878074b45edc8486
error-surface,default,2,0,0,256,False,0,0,,,,,,,,2026,passed,,540,256,4,256,0,256,256,0,256,0,128,128,4,0.019099750090390444,3.1669624149799347e-06,14.53082241723314,14.549925334285945,,f272707a56fa325f3e1ef032830433de622478dd220af2ebc08b2caf97d84630,910990bc2dc52a4758d721159c07e08c048b1179156be822cd75118ba14cd5a6,clustering,0,0,6,0.0,0,7,50,1729,128,50.0,128,0,1.0,0.498046875,ecb1fd9d120d49dd80196eb27a39b1a4de2e2b9be68acd3b878074b45edc8486
error-surface,topology,2,0,2,17,False,0,0,,,,,,,,2026,passed,,540,256,4,17,239,17,17,0,17,0,13,13,4,0.02163266623392701,0.015114499721676111,0.9108593338169158,0.9476064997725189,,62476f5214f9b3c5b7779745df12dc063eef192da58154ebc8194e2bd7724368,910990bc2dc52a4758d721159c07e08c048b1179156be822cd75118ba14cd5a6,clustering,0,0,6,0.0,0,0,75,1729,192,75.0,13,179,0.06770833333333333,0.75,276d1abbb7694e1829e1c1ed11ac279238366fa38882586fa8928793a2493ba4
error-surface,default,2,0,0,256,False,0,0,,,,,,,,2026,passed,,540,256,4,256,0,256,256,0,256,0,192,192,4,0.02861058386042714,1.587485894560814e-05,12.633535250090063,12.662161708809435,,f272707a56fa325f3e1ef032830433de622478dd220af2ebc08b2caf97d84630,910990bc2dc52a4758d721159c07e08c048b1179156be822cd75118ba14cd5a6,clustering,0,0,6,0.0,0,1,75,1729,192,75.0,192,0,1.0,0.75,276d1abbb7694e1829e1c1ed11ac279238366fa38882586fa8928793a2493ba4
error-surface,combined,2,2,2,5,False,0,0,,,,,,,,2026,passed,,540,256,4,5,251,5,5,0,5,0,4,4,4,0.020466374699026346,0.012734124902635813,0.27123983297497034,0.3044403325766325,,e89e08d0e6be2244df9b71e5d4e911c1e60884fe03ae4dc7877686eb4c964b4f,910990bc2dc52a4758d721159c07e08c048b1179156be822cd75118ba14cd5a6,clustering,0,0,6,0.0,0,2,75,1729,192,75.0,4,188,0.020833333333333332,0.75,276d1abbb7694e1829e1c1ed11ac279238366fa38882586fa8928793a2493ba4
error-surface,filter,2,0,2,17,True,239,239,16,16,128,,,,,2026,passed,,540,256,4,256,0,256,256,0,256,0,192,192,4,0.02164808288216591,0.041295625269412994,11.87919883383438,11.942142541985959,,d82f3bcca93529427ed3275a35e571409ad6343c89218b2c43e185bfdc669e40,910990bc2dc52a4758d721159c07e08c048b1179156be822cd75118ba14cd5a6,clustering,0,0,6,0.0,0,3,75,1729,192,75.0,192,0,1.0,0.75,276d1abbb7694e1829e1c1ed11ac279238366fa38882586fa8928793a2493ba4
error-surface,exact-equivalence,2,0,0,256,False,0,0,,,,,,,,2026,passed,,540,256,4,256,0,256,256,0,4,252,192,4,4,0.020089166704565287,0.004818999674171209,0.5847365423105657,0.6096447086893022,,f272707a56fa325f3e1ef032830433de622478dd220af2ebc08b2caf97d84630,910990bc2dc52a4758d721159c07e08c048b1179156be822cd75118ba14cd5a6,clustering,0,0,6,0.0,0,4,75,1729,192,75.0,192,0,1.0,0.75,276d1abbb7694e1829e1c1ed11ac279238366fa38882586fa8928793a2493ba4
error-surface,random,2,2,0,17,False,0,0,,,,,,,,2026,passed,,540,256,4,17,239,17,17,0,17,0,12,12,4,0.026335000060498714,6.516696885228157e-05,0.7792517081834376,0.8056518752127886,,c6ee030cdf198dd354265ec475486f8dd38764efb604fd5d639a13f8952fffe9,910990bc2dc52a4758d721159c07e08c048b1179156be822cd75118ba14cd5a6,clustering,0,0,6,0.0,0,5,75,1729,192,75.0,12,180,0.0625,0.75,276d1abbb7694e1829e1c1ed11ac279238366fa38882586fa8928793a2493ba4
error-surface,filter-aggressive,2,0,2,17,True,239,239,16,16,1,0,unmatched,chart complexity or topology is outside the measured calibration profiles,65b65fc46bcb4af6ae69145bdd32606e6e48270ff4564783c6c95ac61043d36b,2026,passed,,540,256,4,256,0,256,256,0,256,0,192,192,4,0.019816458225250244,0.06435266602784395,12.420948500279337,12.505117624532431,,d82f3bcca93529427ed3275a35e571409ad6343c89218b2c43e185bfdc669e40,910990bc2dc52a4758d721159c07e08c048b1179156be822cd75118ba14cd5a6,clustering,0,0,6,0.0,0,6,75,1729,192,75.0,192,0,1.0,0.75,276d1abbb7694e1829e1c1ed11ac279238366fa38882586fa8928793a2493ba4
error-surface,sample-random,2,0,0,180,False,0,0,,,,,,,,2026,passed,,540,256,4,180,76,180,180,0,180,0,129,129,4,0.025340958032757044,0.0010081250220537186,8.65606604097411,8.682415124028921,,7d8916ae78bbfcaa82c1d84a70429580b89707fb646c292531a055db0798ca51,910990bc2dc52a4758d721159c07e08c048b1179156be822cd75118ba14cd5a6,clustering,0,0,6,0.0,0,7,75,1729,192,75.0,129,63,0.671875,0.75,276d1abbb7694e1829e1c1ed11ac279238366fa38882586fa8928793a2493ba4
error-surface,filter,2,0,2,17,True,239,239,16,16,128,,,,,2026,passed,,540,256,4,256,0,256,256,0,256,0,256,256,4,0.019112957641482353,0.0832592910155654,12.01160612469539,12.113978373352438,,d82f3bcca93529427ed3275a35e571409ad6343c89218b2c43e185bfdc669e40,910990bc2dc52a4758d721159c07e08c048b1179156be822cd75118ba14cd5a6,clustering,0,0,6,0.0,0,0,100,1729,256,100.0,256,0,1.0,1.0,436a0f1bdc8861facc8207b9537bd5a2be05f477f2d22e159e1cde2e4e580b5b
error-surface,combined,2,2,2,5,False,0,0,,,,,,,,2026,passed,,540,256,4,5,251,5,5,0,5,0,5,5,4,0.01881195791065693,0.013036833144724369,0.22178091667592525,0.25362970773130655,,e89e08d0e6be2244df9b71e5d4e911c1e60884fe03ae4dc7877686eb4c964b4f,910990bc2dc52a4758d721159c07e08c048b1179156be822cd75118ba14cd5a6,clustering,0,0,6,0.0,0,1,100,1729,256,100.0,5,251,0.01953125,1.0,436a0f1bdc8861facc8207b9537bd5a2be05f477f2d22e159e1cde2e4e580b5b
error-surface,topology,2,0,2,17,False,0,0,,,,,,,,2026,passed,,540,256,4,17,239,17,17,0,17,0,17,17,4,0.022209041751921177,0.040651584044098854,0.9530968749895692,1.0159575007855892,,62476f5214f9b3c5b7779745df12dc063eef192da58154ebc8194e2bd7724368,910990bc2dc52a4758d721159c07e08c048b1179156be822cd75118ba14cd5a6,clustering,0,0,6,0.0,0,2,100,1729,256,100.0,17,239,0.06640625,1.0,436a0f1bdc8861facc8207b9537bd5a2be05f477f2d22e159e1cde2e4e580b5b
error-surface,sample-random,2,0,0,180,False,0,0,,,,,,,,2026,passed,,540,256,4,180,76,180,180,0,180,0,180,180,4,0.023368957918137312,0.0015865839086472988,9.185038624797016,9.209994166623801,,7d8916ae78bbfcaa82c1d84a70429580b89707fb646c292531a055db0798ca51,910990bc2dc52a4758d721159c07e08c048b1179156be822cd75118ba14cd5a6,clustering,0,0,6,0.0,0,3,100,1729,256,100.0,180,76,0.703125,1.0,436a0f1bdc8861facc8207b9537bd5a2be05f477f2d22e159e1cde2e4e580b5b
error-surface,exact-equivalence,2,0,0,256,False,0,0,,,,,,,,2026,passed,,540,256,4,256,0,256,256,0,4,252,256,4,4,0.019878416787832975,0.005362417083233595,0.6933889999054372,0.7186298337765038,,f272707a56fa325f3e1ef032830433de622478dd220af2ebc08b2caf97d84630,910990bc2dc52a4758d721159c07e08c048b1179156be822cd75118ba14cd5a6,clustering,0,0,6,0.0,0,4,100,1729,256,100.0,256,0,1.0,1.0,436a0f1bdc8861facc8207b9537bd5a2be05f477f2d22e159e1cde2e4e580b5b
error-surface,default,2,0,0,256,False,0,0,,,,,,,,2026,passed,,540,256,4,256,0,256,256,0,256,0,256,256,4,0.02163904206827283,3.1245872378349304e-06,12.046460124664009,12.06810229131952,,f272707a56fa325f3e1ef032830433de622478dd220af2ebc08b2caf97d84630,910990bc2dc52a4758d721159c07e08c048b1179156be822cd75118ba14cd5a6,clustering,0,0,6,0.0,0,5,100,1729,256,100.0,256,0,1.0,1.0,436a0f1bdc8861facc8207b9537bd5a2be05f477f2d22e159e1cde2e4e580b5b
error-surface,random,2,2,0,17,False,0,0,,,,,,,,2026,passed,,540,256,4,17,239,17,17,0,17,0,17,17,4,0.028125375043600798,6.866687908768654e-05,0.8024196662008762,0.8306137081235647,,c6ee030cdf198dd354265ec475486f8dd38764efb604fd5d639a13f8952fffe9,910990bc2dc52a4758d721159c07e08c048b1179156be822cd75118ba14cd5a6,clustering,0,0,6,0.0,0,6,100,1729,256,100.0,17,239,0.06640625,1.0,436a0f1bdc8861facc8207b9537bd5a2be05f477f2d22e159e1cde2e4e580b5b
error-surface,filter-aggressive,2,0,2,17,True,239,239,16,16,1,0,unmatched,chart complexity or topology is outside the measured calibration profiles,65b65fc46bcb4af6ae69145bdd32606e6e48270ff4564783c6c95ac61043d36b,2026,passed,,540,256,4,256,0,256,256,0,256,0,256,256,4,0.020813458133488894,0.06035966705530882,11.99419179186225,12.075364917051047,,d82f3bcca93529427ed3275a35e571409ad6343c89218b2c43e185bfdc669e40,910990bc2dc52a4758d721159c07e08c048b1179156be822cd75118ba14cd5a6,clustering,0,0,6,0.0,0,7,100,1729,256,100.0,256,0,1.0,1.0,436a0f1bdc8861facc8207b9537bd5a2be05f477f2d22e159e1cde2e4e580b5b
error-surface,sample-random,2,0,0,180,False,0,0,,,,,,,,2027,passed,,540,256,4,180,76,180,180,0,180,0,0,0,4,0.021439790725708008,0.0009931670501828194,8.526920083910227,8.549353041686118,,e11992f18c369144224551226889664b01423d6962914b83e402a9980184bfdf,910990bc2dc52a4758d721159c07e08c048b1179156be822cd75118ba14cd5a6,clustering,0,0,6,0.0,1,0,0,1730,0,0.0,0,0,,,3071c65715248c1529ce16d06ddf97a5cb809bd550b491bbc55ae00d3e58c7bd
error-surface,filter-aggressive,2,0,2,17,True,0,0,16,16,1,0,unmatched,chart complexity or topology is outside the measured calibration profiles,65b65fc46bcb4af6ae69145bdd32606e6e48270ff4564783c6c95ac61043d36b,2027,passed,,540,256,4,17,239,17,17,0,17,0,0,0,4,0.022302750032395124,0.09620437491685152,0.7910484997555614,0.909555624704808,,4075187e77d52620f897d22251e4051809d33bd53fa72c0aaa5577fba153d5b8,910990bc2dc52a4758d721159c07e08c048b1179156be822cd75118ba14cd5a6,clustering,0,0,6,0.0,1,1,0,1730,0,0.0,0,0,,,3071c65715248c1529ce16d06ddf97a5cb809bd550b491bbc55ae00d3e58c7bd
error-surface,default,2,0,0,256,False,0,0,,,,,,,,2027,passed,,540,256,4,256,0,256,256,0,256,0,0,0,4,0.020755999721586704,2.250075340270996e-06,12.772521708160639,12.793279957957566,,5687df5fd03529fc039c76db2b86101df7014922d1983f9c9b2266f86750f4d3,910990bc2dc52a4758d721159c07e08c048b1179156be822cd75118ba14cd5a6,clustering,0,0,6,0.0,1,2,0,1730,0,0.0,0,0,,,3071c65715248c1529ce16d06ddf97a5cb809bd550b491bbc55ae00d3e58c7bd
error-surface,filter,2,0,2,17,True,0,0,16,16,128,,,,,2027,passed,,540,256,4,17,239,17,17,0,17,0,0,0,4,0.022330957930535078,0.04203654220327735,0.8745245421305299,0.9388920422643423,,4075187e77d52620f897d22251e4051809d33bd53fa72c0aaa5577fba153d5b8,910990bc2dc52a4758d721159c07e08c048b1179156be822cd75118ba14cd5a6,clustering,0,0,6,0.0,1,3,0,1730,0,0.0,0,0,,,3071c65715248c1529ce16d06ddf97a5cb809bd550b491bbc55ae00d3e58c7bd
error-surface,topology,2,0,2,17,False,0,0,,,,,,,,2027,passed,,540,256,4,17,239,17,17,0,17,0,0,0,4,0.0323424581438303,0.013334874995052814,1.1893945410847664,1.2350718742236495,,0f7406e586922e147a427ce77d17db1ab4f183597cd62813e961f18a2bde1beb,910990bc2dc52a4758d721159c07e08c048b1179156be822cd75118ba14cd5a6,clustering,0,0,6,0.0,1,4,0,1730,0,0.0,0,0,,,3071c65715248c1529ce16d06ddf97a5cb809bd550b491bbc55ae00d3e58c7bd
error-surface,combined,2,2,2,5,False,0,0,,,,,,,,2027,passed,,540,256,4,5,251,5,5,0,5,0,0,0,4,0.03182145906612277,0.014778499957174063,0.5530497920699418,0.5996497510932386,,34513e7c9240c76043c0eb6b5f6561a131304309470f1b473b9c1eef1185a6b1,910990bc2dc52a4758d721159c07e08c048b1179156be822cd75118ba14cd5a6,clustering,0,0,6,0.0,1,5,0,1730,0,0.0,0,0,,,3071c65715248c1529ce16d06ddf97a5cb809bd550b491bbc55ae00d3e58c7bd
error-surface,exact-equivalence,2,0,0,256,False,0,0,,,,,,,,2027,passed,,540,256,4,256,0,256,256,0,4,252,0,0,4,0.016879082657396793,0.00764641584828496,1.8431415832601488,1.8676670817658305,,5687df5fd03529fc039c76db2b86101df7014922d1983f9c9b2266f86750f4d3,910990bc2dc52a4758d721159c07e08c048b1179156be822cd75118ba14cd5a6,clustering,0,0,6,0.0,1,6,0,1730,0,0.0,0,0,,,3071c65715248c1529ce16d06ddf97a5cb809bd550b491bbc55ae00d3e58c7bd
error-surface,random,2,2,0,17,False,0,0,,,,,,,,2027,passed,,540,256,4,17,239,17,17,0,17,0,0,0,4,0.05507604172453284,6.045820191502571e-05,0.9579625418409705,1.0130990417674184,,789d170927e05623c4ed33f0a213d666a4144a9217608879abbe25d17b39b9d0,910990bc2dc52a4758d721159c07e08c048b1179156be822cd75118ba14cd5a6,clustering,0,0,6,0.0,1,7,0,1730,0,0.0,0,0,,,3071c65715248c1529ce16d06ddf97a5cb809bd550b491bbc55ae00d3e58c7bd
error-surface,topology,2,0,2,17,False,0,0,,,,,,,,2027,passed,,540,256,4,17,239,17,17,0,17,0,0,0,4,0.01866208342835307,0.014447333756834269,0.9883779170922935,1.0214873342774808,,0f7406e586922e147a427ce77d17db1ab4f183597cd62813e961f18a2bde1beb,910990bc2dc52a4758d721159c07e08c048b1179156be822cd75118ba14cd5a6,clustering,0,0,6,0.0,1,0,1,1730,2,0.78125,0,2,0.0,0.0,07c052854eecb49d7a558430436b278af7811da8b5d39449896945762eab2033
error-surface,filter-aggressive,2,0,2,17,True,0,0,16,16,1,0,unmatched,chart complexity or topology is outside the measured calibration profiles,65b65fc46bcb4af6ae69145bdd32606e6e48270ff4564783c6c95ac61043d36b,2027,passed,,540,256,4,17,239,17,17,0,17,0,0,0,4,0.03197179175913334,0.08338729105889797,0.8490702919661999,0.9644293747842312,,4075187e77d52620f897d22251e4051809d33bd53fa72c0aaa5577fba153d5b8,910990bc2dc52a4758d721159c07e08c048b1179156be822cd75118ba14cd5a6,clustering,0,0,6,0.0,1,1,1,1730,2,0.78125,0,2,0.0,0.0,07c052854eecb49d7a558430436b278af7811da8b5d39449896945762eab2033
error-surface,sample-random,2,0,0,180,False,0,0,,,,,,,,2027,passed,,540,256,4,180,76,180,180,0,180,0,2,2,4,0.022280707955360413,0.0016053328290581703,9.339190499857068,9.363076540641487,,e11992f18c369144224551226889664b01423d6962914b83e402a9980184bfdf,910990bc2dc52a4758d721159c07e08c048b1179156be822cd75118ba14cd5a6,clustering,0,0,6,0.0,1,2,1,1730,2,0.78125,2,0,1.0,0.0,07c052854eecb49d7a558430436b278af7811da8b5d39449896945762eab2033
error-surface,filter,2,0,2,17,True,0,0,16,16,128,,,,,2027,passed,,540,256,4,17,239,17,17,0,17,0,0,0,4,0.020051749888807535,0.042443832848221064,0.7873637499287724,0.849859332665801,,4075187e77d52620f897d22251e4051809d33bd53fa72c0aaa5577fba153d5b8,910990bc2dc52a4758d721159c07e08c048b1179156be822cd75118ba14cd5a6,clustering,0,0,6,0.0,1,3,1,1730,2,0.78125,0,2,0.0,0.0,07c052854eecb49d7a558430436b278af7811da8b5d39449896945762eab2033
error-surface,default,2,0,0,256,False,0,0,,,,,,,,2027,passed,,540,256,4,256,0,256,256,0,256,0,2,2,4,0.020081792026758194,2.00001522898674e-06,12.29388766689226,12.313971458934247,,5687df5fd03529fc039c76db2b86101df7014922d1983f9c9b2266f86750f4d3,910990bc2dc52a4758d721159c07e08c048b1179156be822cd75118ba14cd5a6,clustering,0,0,6,0.0,1,4,1,1730,2,0.78125,2,0,1.0,0.0,07c052854eecb49d7a558430436b278af7811da8b5d39449896945762eab2033
error-surface,exact-equivalence,2,0,0,256,False,0,0,,,,,,,,2027,passed,,540,256,4,256,0,256,256,0,4,252,2,0,4,0.01990345912054181,0.003926834091544151,0.6373951248824596,0.6612254180945456,,5687df5fd03529fc039c76db2b86101df7014922d1983f9c9b2266f86750f4d3,910990bc2dc52a4758d721159c07e08c048b1179156be822cd75118ba14cd5a6,clustering,0,0,6,0.0,1,5,1,1730,2,0.78125,2,0,1.0,0.0,07c052854eecb49d7a558430436b278af7811da8b5d39449896945762eab2033
error-surface,combined,2,2,2,5,False,0,0,,,,,,,,2027,passed,,540,256,4,5,251,5,5,0,5,0,0,0,4,0.019970208406448364,0.01332420902326703,0.20245229080319405,0.23574670823290944,,34513e7c9240c76043c0eb6b5f6561a131304309470f1b473b9c1eef1185a6b1,910990bc2dc52a4758d721159c07e08c048b1179156be822cd75118ba14cd5a6,clustering,0,0,6,0.0,1,6,1,1730,2,0.78125,0,2,0.0,0.0,07c052854eecb49d7a558430436b278af7811da8b5d39449896945762eab2033
error-surface,random,2,2,0,17,False,0,0,,,,,,,,2027,passed,,540,256,4,17,239,17,17,0,17,0,0,0,4,0.04719570837914944,5.974993109703064e-05,0.7838475410826504,0.8311029993928969,,789d170927e05623c4ed33f0a213d666a4144a9217608879abbe25d17b39b9d0,910990bc2dc52a4758d721159c07e08c048b1179156be822cd75118ba14cd5a6,clustering,0,0,6,0.0,1,7,1,1730,2,0.78125,0,2,0.0,0.0,07c052854eecb49d7a558430436b278af7811da8b5d39449896945762eab2033
error-surface,exact-equivalence,2,0,0,256,False,0,0,,,,,,,,2027,passed,,540,256,4,256,0,256,256,0,4,252,12,0,4,0.04452570900321007,0.0034385407343506813,0.6160207907669246,0.6639850405044854,,5687df5fd03529fc039c76db2b86101df7014922d1983f9c9b2266f86750f4d3,910990bc2dc52a4758d721159c07e08c048b1179156be822cd75118ba14cd5a6,clustering,0,0,6,0.0,1,0,5,1730,12,4.6875,12,0,1.0,0.041666666666666664,ffc37bb99a3590d98a6d446d6176a394ca1f55bc85f885064336c10bbf4cc1e9
error-surface,sample-random,2,0,0,180,False,0,0,,,,,,,,2027,passed,,540,256,4,180,76,180,180,0,180,0,7,7,4,0.016635374631732702,0.001002333126962185,8.468380792066455,8.48601849982515,,e11992f18c369144224551226889664b01423d6962914b83e402a9980184bfdf,910990bc2dc52a4758d721159c07e08c048b1179156be822cd75118ba14cd5a6,clustering,0,0,6,0.0,1,1,5,1730,12,4.6875,7,5,0.5833333333333334,0.041666666666666664,ffc37bb99a3590d98a6d446d6176a394ca1f55bc85f885064336c10bbf4cc1e9
error-surface,topology,2,0,2,17,False,0,0,,,,,,,,2027,passed,,540,256,4,17,239,17,17,0,17,0,1,1,4,0.02185762533918023,0.010797041933983564,0.7752798330038786,0.8079345002770424,,0f7406e586922e147a427ce77d17db1ab4f183597cd62813e961f18a2bde1beb,910990bc2dc52a4758d721159c07e08c048b1179156be822cd75118ba14cd5a6,clustering,0,0,6,0.0,1,2,5,1730,12,4.6875,1,11,0.08333333333333333,0.041666666666666664,ffc37bb99a3590d98a6d446d6176a394ca1f55bc85f885064336c10bbf4cc1e9
error-surface,filter-aggressive,2,0,2,17,True,60,60,16,16,1,0,unmatched,chart complexity or topology is outside the measured calibration profiles,65b65fc46bcb4af6ae69145bdd32606e6e48270ff4564783c6c95ac61043d36b,2027,passed,,540,256,4,77,179,77,77,0,77,0,4,4,4,0.03759204130619764,0.09989833366125822,3.5797348748892546,3.7172252498567104,,11c88313d89fe5b41d54fc0b3ed681c2abf61621a16a25f73c554a78e6d25ee6,910990bc2dc52a4758d721159c07e08c048b1179156be822cd75118ba14cd5a6,clustering,0,0,6,0.0,1,3,5,1730,12,4.6875,4,8,0.3333333333333333,0.041666666666666664,ffc37bb99a3590d98a6d446d6176a394ca1f55bc85f885064336c10bbf4cc1e9
error-surface,filter,2,0,2,17,True,60,60,16,16,128,,,,,2027,passed,,540,256,4,77,179,77,77,0,77,0,4,4,4,0.018767583183944225,0.04004008276388049,3.538933292031288,3.597740957979113,,11c88313d89fe5b41d54fc0b3ed681c2abf61621a16a25f73c554a78e6d25ee6,910990bc2dc52a4758d721159c07e08c048b1179156be822cd75118ba14cd5a6,clustering,0,0,6,0.0,1,4,5,1730,12,4.6875,4,8,0.3333333333333333,0.041666666666666664,ffc37bb99a3590d98a6d446d6176a394ca1f55bc85f885064336c10bbf4cc1e9
error-surface,random,2,2,0,17,False,0,0,,,,,,,,2027,passed,,540,256,4,17,239,17,17,0,17,0,0,0,4,0.01669366704300046,6.195809692144394e-05,0.7831813334487379,0.7999369585886598,,789d170927e05623c4ed33f0a213d666a4144a9217608879abbe25d17b39b9d0,910990bc2dc52a4758d721159c07e08c048b1179156be822cd75118ba14cd5a6,clustering,0,0,6,0.0,1,5,5,1730,12,4.6875,0,12,0.0,0.041666666666666664,ffc37bb99a3590d98a6d446d6176a394ca1f55bc85f885064336c10bbf4cc1e9
error-surface,default,2,0,0,256,False,0,0,,,,,,,,2027,passed,,540,256,4,256,0,256,256,0,256,0,12,12,4,0.019030417315661907,2.0419247448444366e-06,11.838385582901537,11.857418042141944,,5687df5fd03529fc039c76db2b86101df7014922d1983f9c9b2266f86750f4d3,910990bc2dc52a4758d721159c07e08c048b1179156be822cd75118ba14cd5a6,clustering,0,0,6,0.0,1,6,5,1730,12,4.6875,12,0,1.0,0.041666666666666664,ffc37bb99a3590d98a6d446d6176a394ca1f55bc85f885064336c10bbf4cc1e9
error-surface,combined,2,2,2,5,False,0,0,,,,,,,,2027,passed,,540,256,4,5,251,5,5,0,5,0,0,0,4,0.018943291157484055,0.014541124925017357,0.19927008403465152,0.23275450011715293,,34513e7c9240c76043c0eb6b5f6561a131304309470f1b473b9c1eef1185a6b1,910990bc2dc52a4758d721159c07e08c048b1179156be822cd75118ba14cd5a6,clustering,0,0,6,0.0,1,7,5,1730,12,4.6875,0,12,0.0,0.041666666666666664,ffc37bb99a3590d98a6d446d6176a394ca1f55bc85f885064336c10bbf4cc1e9
error-surface,filter,2,0,2,17,True,60,60,16,16,128,,,,,2027,passed,,540,256,4,77,179,77,77,0,77,0,4,4,4,0.05360395787283778,0.040565584320575,3.603731125127524,3.697900667320937,,11c88313d89fe5b41d54fc0b3ed681c2abf61621a16a25f73c554a78e6d25ee6,910990bc2dc52a4758d721159c07e08c048b1179156be822cd75118ba14cd5a6,clustering,0,0,6,0.0,1,0,10,1730,25,9.765625,4,21,0.16,0.09,f1dd55485dc2a2340310e63b280d735fb5f431ab5c07251b3e879ba284fd15e5
error-surface,default,2,0,0,256,False,0,0,,,,,,,,2027,passed,,540,256,4,256,0,256,256,0,256,0,25,25,4,0.051264707930386066,1.9581057131290436e-06,12.252288917079568,12.303555583115667,,5687df5fd03529fc039c76db2b86101df7014922d1983f9c9b2266f86750f4d3,910990bc2dc52a4758d721159c07e08c048b1179156be822cd75118ba14cd5a6,clustering,0,0,6,0.0,1,1,10,1730,25,9.765625,25,0,1.0,0.09,f1dd55485dc2a2340310e63b280d735fb5f431ab5c07251b3e879ba284fd15e5
error-surface,filter-aggressive,2,0,2,17,True,60,60,16,16,1,0,unmatched,chart complexity or topology is outside the measured calibration profiles,65b65fc46bcb4af6ae69145bdd32606e6e48270ff4564783c6c95ac61043d36b,2027,passed,,540,256,4,77,179,77,77,0,77,0,4,4,4,0.020994582679122686,0.06320904102176428,3.566091666929424,3.6502952906303108,,11c88313d89fe5b41d54fc0b3ed681c2abf61621a16a25f73c554a78e6d25ee6,910990bc2dc52a4758d721159c07e08c048b1179156be822cd75118ba14cd5a6,clustering,0,0,6,0.0,1,2,10,1730,25,9.765625,4,21,0.16,0.09,f1dd55485dc2a2340310e63b280d735fb5f431ab5c07251b3e879ba284fd15e5
error-surface,exact-equivalence,2,0,0,256,False,0,0,,,,,,,,2027,passed,,540,256,4,256,0,256,256,0,4,252,25,0,4,0.020906667225062847,0.0033594160340726376,0.6146789998747408,0.6389450831338763,,5687df5fd03529fc039c76db2b86101df7014922d1983f9c9b2266f86750f4d3,910990bc2dc52a4758d721159c07e08c048b1179156be822cd75118ba14cd5a6,clustering,0,0,6,0.0,1,3,10,1730,25,9.765625,25,0,1.0,0.09,f1dd55485dc2a2340310e63b280d735fb5f431ab5c07251b3e879ba284fd15e5
error-surface,sample-random,2,0,0,180,False,0,0,,,,,,,,2027,passed,,540,256,4,180,76,180,180,0,180,0,16,16,4,0.02056841691955924,0.0012511671520769596,8.347131167072803,8.368950751144439,,e11992f18c369144224551226889664b01423d6962914b83e402a9980184bfdf,910990bc2dc52a4758d721159c07e08c048b1179156be822cd75118ba14cd5a6,clustering,0,0,6,0.0,1,4,10,1730,25,9.765625,16,9,0.64,0.09,f1dd55485dc2a2340310e63b280d735fb5f431ab5c07251b3e879ba284fd15e5
error-surface,random,2,2,0,17,False,0,0,,,,,,,,2027,passed,,540,256,4,17,239,17,17,0,17,0,0,0,4,0.018025875091552734,8.49580392241478e-05,0.7815787917934358,0.7996896249242127,,789d170927e05623c4ed33f0a213d666a4144a9217608879abbe25d17b39b9d0,910990bc2dc52a4758d721159c07e08c048b1179156be822cd75118ba14cd5a6,clustering,0,0,6,0.0,1,5,10,1730,25,9.765625,0,25,0.0,0.09,f1dd55485dc2a2340310e63b280d735fb5f431ab5c07251b3e879ba284fd15e5
error-surface,combined,2,2,2,5,False,0,0,,,,,,,,2027,passed,,540,256,4,5,251,5,5,0,5,0,0,0,4,0.018058708868920803,0.014770875219255686,0.2303552497178316,0.2631848338060081,,34513e7c9240c76043c0eb6b5f6561a131304309470f1b473b9c1eef1185a6b1,910990bc2dc52a4758d721159c07e08c048b1179156be822cd75118ba14cd5a6,clustering,0,0,6,0.0,1,6,10,1730,25,9.765625,0,25,0.0,0.09,f1dd55485dc2a2340310e63b280d735fb5f431ab5c07251b3e879ba284fd15e5
error-surface,topology,2,0,2,17,False,0,0,,,,,,,,2027,passed,,540,256,4,17,239,17,17,0,17,0,1,1,4,0.02114745881408453,0.03990187495946884,0.7592600830830634,0.8203094168566167,,0f7406e586922e147a427ce77d17db1ab4f183597cd62813e961f18a2bde1beb,910990bc2dc52a4758d721159c07e08c048b1179156be822cd75118ba14cd5a6,clustering,0,0,6,0.0,1,7,10,1730,25,9.765625,1,24,0.04,0.09,f1dd55485dc2a2340310e63b280d735fb5f431ab5c07251b3e879ba284fd15e5
error-surface,default,2,0,0,256,False,0,0,,,,,,,,2027,passed,,540,256,4,256,0,256,256,0,256,0,64,64,4,0.020799667108803988,2.3329630494117737e-06,15.695074208080769,15.715876208152622,,5687df5fd03529fc039c76db2b86101df7014922d1983f9c9b2266f86750f4d3,910990bc2dc52a4758d721159c07e08c048b1179156be822cd75118ba14cd5a6,clustering,0,0,6,0.0,1,0,25,1730,64,25.0,64,0,1.0,0.26171875,e946dc4b422a23709b5f0f247ab8ec24879363ad08715ff25752fbaabd7520fd
error-surface,sample-random,2,0,0,180,False,0,0,,,,,,,,2027,passed,,540,256,4,180,76,180,180,0,180,0,49,49,4,0.025112540926784277,0.001514708623290062,8.59229166712612,8.618918916676193,,e11992f18c369144224551226889664b01423d6962914b83e402a9980184bfdf,910990bc2dc52a4758d721159c07e08c048b1179156be822cd75118ba14cd5a6,clustering,0,0,6,0.0,1,1,25,1730,64,25.0,49,15,0.765625,0.26171875,e946dc4b422a23709b5f0f247ab8ec24879363ad08715ff25752fbaabd7520fd
error-surface,combined,2,2,2,5,False,0,0,,,,,,,,2027,passed,,540,256,4,5,251,5,5,0,5,0,1,1,4,0.019810667261481285,0.011629417072981596,0.21997991669923067,0.25142000103369355,,34513e7c9240c76043c0eb6b5f6561a131304309470f1b473b9c1eef1185a6b1,910990bc2dc52a4758d721159c07e08c048b1179156be822cd75118ba14cd5a6,clustering,0,0,6,0.0,1,2,25,1730,64,25.0,1,63,0.015625,0.26171875,e946dc4b422a23709b5f0f247ab8ec24879363ad08715ff25752fbaabd7520fd
error-surface,random,2,2,0,17,False,0,0,,,,,,,,2027,passed,,540,256,4,17,239,17,17,0,17,0,3,3,4,0.02122616721317172,5.820905789732933e-05,0.7146850409917533,0.7359694172628224,,789d170927e05623c4ed33f0a213d666a4144a9217608879abbe25d17b39b9d0,910990bc2dc52a4758d721159c07e08c048b1179156be822cd75118ba14cd5a6,clustering,0,0,6,0.0,1,3,25,1730,64,25.0,3,61,0.046875,0.26171875,e946dc4b422a23709b5f0f247ab8ec24879363ad08715ff25752fbaabd7520fd
error-surface,exact-equivalence,2,0,0,256,False,0,0,,,,,,,,2027,passed,,540,256,4,256,0,256,256,0,4,252,64,0,4,0.016738665755838156,0.0034260000102221966,0.5204127500765026,0.5405774158425629,,5687df5fd03529fc039c76db2b86101df7014922d1983f9c9b2266f86750f4d3,910990bc2dc52a4758d721159c07e08c048b1179156be822cd75118ba14cd5a6,clustering,0,0,6,0.0,1,4,25,1730,64,25.0,64,0,1.0,0.26171875,e946dc4b422a23709b5f0f247ab8ec24879363ad08715ff25752fbaabd7520fd
error-surface,topology,2,0,2,17,False,0,0,,,,,,,,2027,passed,,540,256,4,17,239,17,17,0,17,0,5,5,4,0.026060666888952255,0.012371082790195942,0.6827947502024472,0.7212264998815954,,0f7406e586922e147a427ce77d17db1ab4f183597cd62813e961f18a2bde1beb,910990bc2dc52a4758d721159c07e08c048b1179156be822cd75118ba14cd5a6,clustering,0,0,6,0.0,1,5,25,1730,64,25.0,5,59,0.078125,0.26171875,e946dc4b422a23709b5f0f247ab8ec24879363ad08715ff25752fbaabd7520fd
error-surface,filter,2,0,2,17,True,239,239,16,16,128,,,,,2027,passed,,540,256,4,256,0,256,256,0,256,0,64,64,4,0.016645165625959635,0.03505791584029794,17.392722624819726,17.444425706285983,,e7ab0f574e51b8cc37bd4a46f805ff5c70f51001188ef7c7d013d0fc1ad73a25,910990bc2dc52a4758d721159c07e08c048b1179156be822cd75118ba14cd5a6,clustering,0,0,6,0.0,1,6,25,1730,64,25.0,64,0,1.0,0.26171875,e946dc4b422a23709b5f0f247ab8ec24879363ad08715ff25752fbaabd7520fd
error-surface,filter-aggressive,2,0,2,17,True,239,239,16,16,1,0,unmatched,chart complexity or topology is outside the measured calibration profiles,65b65fc46bcb4af6ae69145bdd32606e6e48270ff4564783c6c95ac61043d36b,2027,passed,,540,256,4,256,0,256,256,0,256,0,64,64,4,0.03762808395549655,0.09394929185509682,13.368035916704684,13.499613292515278,,e7ab0f574e51b8cc37bd4a46f805ff5c70f51001188ef7c7d013d0fc1ad73a25,910990bc2dc52a4758d721159c07e08c048b1179156be822cd75118ba14cd5a6,clustering,0,0,6,0.0,1,7,25,1730,64,25.0,64,0,1.0,0.26171875,e946dc4b422a23709b5f0f247ab8ec24879363ad08715ff25752fbaabd7520fd
error-surface,random,2,2,0,17,False,0,0,,,,,,,,2027,passed,,540,256,4,17,239,17,17,0,17,0,5,5,4,0.02032212493941188,6.337510421872139e-05,0.7592161670327187,0.7796016670763493,,789d170927e05623c4ed33f0a213d666a4144a9217608879abbe25d17b39b9d0,910990bc2dc52a4758d721159c07e08c048b1179156be822cd75118ba14cd5a6,clustering,0,0,6,0.0,1,0,50,1730,128,50.0,5,123,0.0390625,0.50390625,9c4b4c2ed5ea8e226b38b107cbfd51528a0be47ddce15c2496ac65dd52e4c855
error-surface,filter,2,0,2,17,True,239,239,16,16,128,,,,,2027,passed,,540,256,4,256,0,256,256,0,256,0,128,128,4,0.01907933270558715,0.05989558296278119,12.215662957634777,12.294637873303145,,72e95e770b2569d268104ae15fbbf311f607749cfbf6b8161c8b37f4d68ea25f,910990bc2dc52a4758d721159c07e08c048b1179156be822cd75118ba14cd5a6,clustering,0,0,6,0.0,1,1,50,1730,128,50.0,128,0,1.0,0.50390625,9c4b4c2ed5ea8e226b38b107cbfd51528a0be47ddce15c2496ac65dd52e4c855
error-surface,topology,2,0,2,17,False,0,0,,,,,,,,2027,passed,,540,256,4,17,239,17,17,0,17,0,7,7,4,0.019197375047951937,0.011751416604965925,0.7150246659293771,0.7459734575822949,,0f7406e586922e147a427ce77d17db1ab4f183597cd62813e961f18a2bde1beb,910990bc2dc52a4758d721159c07e08c048b1179156be822cd75118ba14cd5a6,clustering,0,0,6,0.0,1,2,50,1730,128,50.0,7,121,0.0546875,0.50390625,9c4b4c2ed5ea8e226b38b107cbfd51528a0be47ddce15c2496ac65dd52e4c855
error-surface,exact-equivalence,2,0,0,256,False,0,0,,,,,,,,2027,passed,,540,256,4,256,0,256,256,0,4,252,128,0,4,0.021691125351935625,0.004220041912049055,0.6478278748691082,0.6737390421330929,,5687df5fd03529fc039c76db2b86101df7014922d1983f9c9b2266f86750f4d3,910990bc2dc52a4758d721159c07e08c048b1179156be822cd75118ba14cd5a6,clustering,0,0,6,0.0,1,3,50,1730,128,50.0,128,0,1.0,0.50390625,9c4b4c2ed5ea8e226b38b107cbfd51528a0be47ddce15c2496ac65dd52e4c855
error-surface,default,2,0,0,256,False,0,0,,,,,,,,2027,passed,,540,256,4,256,0,256,256,0,256,0,128,128,4,0.020683833863586187,3.4999102354049683e-06,13.051501874811947,13.072189208585769,,5687df5fd03529fc039c76db2b86101df7014922d1983f9c9b2266f86750f4d3,910990bc2dc52a4758d721159c07e08c048b1179156be822cd75118ba14cd5a6,clustering,0,0,6,0.0,1,4,50,1730,128,50.0,128,0,1.0,0.50390625,9c4b4c2ed5ea8e226b38b107cbfd51528a0be47ddce15c2496ac65dd52e4c855
error-surface,sample-random,2,0,0,180,False,0,0,,,,,,,,2027,passed,,540,256,4,180,76,180,180,0,180,0,86,86,4,0.0386806670576334,0.0031006671488285065,9.736579874996096,9.778361209202558,,e11992f18c369144224551226889664b01423d6962914b83e402a9980184bfdf,910990bc2dc52a4758d721159c07e08c048b1179156be822cd75118ba14cd5a6,clustering,0,0,6,0.0,1,5,50,1730,128,50.0,86,42,0.671875,0.50390625,9c4b4c2ed5ea8e226b38b107cbfd51528a0be47ddce15c2496ac65dd52e4c855
error-surface,combined,2,2,2,5,False,0,0,,,,,,,,2027,passed,,540,256,4,5,251,5,5,0,5,0,2,2,4,0.05806570826098323,0.0321620418690145,0.29553329199552536,0.3857610421255231,,34513e7c9240c76043c0eb6b5f6561a131304309470f1b473b9c1eef1185a6b1,910990bc2dc52a4758d721159c07e08c048b1179156be822cd75118ba14cd5a6,clustering,0,0,6,0.0,1,6,50,1730,128,50.0,2,126,0.015625,0.50390625,9c4b4c2ed5ea8e226b38b107cbfd51528a0be47ddce15c2496ac65dd52e4c855
error-surface,filter-aggressive,2,0,2,17,True,239,239,16,16,1,0,unmatched,chart complexity or topology is outside the measured calibration profiles,65b65fc46bcb4af6ae69145bdd32606e6e48270ff4564783c6c95ac61043d36b,2027,passed,,540,256,4,256,0,256,256,0,256,0,128,128,4,0.02008525002747774,0.07853341707959771,12.282290332950652,12.380909000057727,,72e95e770b2569d268104ae15fbbf311f607749cfbf6b8161c8b37f4d68ea25f,910990bc2dc52a4758d721159c07e08c048b1179156be822cd75118ba14cd5a6,clustering,0,0,6,0.0,1,7,50,1730,128,50.0,128,0,1.0,0.50390625,9c4b4c2ed5ea8e226b38b107cbfd51528a0be47ddce15c2496ac65dd52e4c855
error-surface,filter,2,0,2,17,True,239,239,16,16,128,,,,,2027,passed,,540,256,4,256,0,256,256,0,256,0,192,192,4,0.01758049987256527,0.039093874860554934,11.563001041766256,11.619675416499376,,af9cd094c02aa991b78949eb28b8b0e105ff176631a8d8bb9eeb5c75cae4b1bf,910990bc2dc52a4758d721159c07e08c048b1179156be822cd75118ba14cd5a6,clustering,0,0,6,0.0,1,0,75,1730,192,75.0,192,0,1.0,0.75,ff333fb129d80f3088fcc577e728914c1bfc7d1672cd4c1903a89feafdf2e9ab
error-surface,topology,2,0,2,17,False,0,0,,,,,,,,2027,passed,,540,256,4,17,239,17,17,0,17,0,11,11,4,0.029631415847688913,0.012803209014236927,0.8139935410581529,0.8564281659200788,,0f7406e586922e147a427ce77d17db1ab4f183597cd62813e961f18a2bde1beb,910990bc2dc52a4758d721159c07e08c048b1179156be822cd75118ba14cd5a6,clustering,0,0,6,0.0,1,1,75,1730,192,75.0,11,181,0.057291666666666664,0.75,ff333fb129d80f3088fcc577e728914c1bfc7d1672cd4c1903a89feafdf2e9ab
error-surface,random,2,2,0,17,False,0,0,,,,,,,,2027,passed,,540,256,4,17,239,17,17,0,17,0,9,9,4,0.01840283442288637,8.087512105703354e-05,0.7232457078061998,0.7417294173501432,,789d170927e05623c4ed33f0a213d666a4144a9217608879abbe25d17b39b9d0,910990bc2dc52a4758d721159c07e08c048b1179156be822cd75118ba14cd5a6,clustering,0,0,6,0.0,1,2,75,1730,192,75.0,9,183,0.046875,0.75,ff333fb129d80f3088fcc577e728914c1bfc7d1672cd4c1903a89feafdf2e9ab
error-surface,default,2,0,0,256,False,0,0,,,,,,,,2027,passed,,540,256,4,256,0,256,256,0,256,0,192,192,4,0.018918917048722506,2.250075340270996e-06,12.139903499744833,12.158824666868895,,5687df5fd03529fc039c76db2b86101df7014922d1983f9c9b2266f86750f4d3,910990bc2dc52a4758d721159c07e08c048b1179156be822cd75118ba14cd5a6,clustering,0,0,6,0.0,1,3,75,1730,192,75.0,192,0,1.0,0.75,ff333fb129d80f3088fcc577e728914c1bfc7d1672cd4c1903a89feafdf2e9ab
error-surface,sample-random,2,0,0,180,False,0,0,,,,,,,,2027,passed,,540,256,4,180,76,180,180,0,180,0,134,134,4,0.03717337502166629,0.0010474580340087414,8.966338875237852,9.004559708293527,,e11992f18c369144224551226889664b01423d6962914b83e402a9980184bfdf,910990bc2dc52a4758d721159c07e08c048b1179156be822cd75118ba14cd5a6,clustering,0,0,6,0.0,1,4,75,1730,192,75.0,134,58,0.6979166666666666,0.75,ff333fb129d80f3088fcc577e728914c1bfc7d1672cd4c1903a89feafdf2e9ab
error-surface,combined,2,2,2,5,False,0,0,,,,,,,,2027,passed,,540,256,4,5,251,5,5,0,5,0,3,3,4,0.056576000060886145,0.02061170758679509,0.3020796659402549,0.37926737358793616,,34513e7c9240c76043c0eb6b5f6561a131304309470f1b473b9c1eef1185a6b1,910990bc2dc52a4758d721159c07e08c048b1179156be822cd75118ba14cd5a6,clustering,0,0,6,0.0,1,5,75,1730,192,75.0,3,189,0.015625,0.75,ff333fb129d80f3088fcc577e728914c1bfc7d1672cd4c1903a89feafdf2e9ab
error-surface,exact-equivalence,2,0,0,256,False,0,0,,,,,,,,2027,passed,,540,256,4,256,0,256,256,0,4,252,192,0,4,0.030467749573290348,0.009037083014845848,0.7414689576253295,0.7809737902134657,,5687df5fd03529fc039c76db2b86101df7014922d1983f9c9b2266f86750f4d3,910990bc2dc52a4758d721159c07e08c048b1179156be822cd75118ba14cd5a6,clustering,0,0,6,0.0,1,6,75,1730,192,75.0,192,0,1.0,0.75,ff333fb129d80f3088fcc577e728914c1bfc7d1672cd4c1903a89feafdf2e9ab
error-surface,filter-aggressive,2,0,2,17,True,239,239,16,16,1,0,unmatched,chart complexity or topology is outside the measured calibration profiles,65b65fc46bcb4af6ae69145bdd32606e6e48270ff4564783c6c95ac61043d36b,2027,passed,,540,256,4,256,0,256,256,0,256,0,192,192,4,0.021157708019018173,0.09665087470784783,13.935964541044086,14.053773123770952,,af9cd094c02aa991b78949eb28b8b0e105ff176631a8d8bb9eeb5c75cae4b1bf,910990bc2dc52a4758d721159c07e08c048b1179156be822cd75118ba14cd5a6,clustering,0,0,6,0.0,1,7,75,1730,192,75.0,192,0,1.0,0.75,ff333fb129d80f3088fcc577e728914c1bfc7d1672cd4c1903a89feafdf2e9ab
error-surface,exact-equivalence,2,0,0,256,False,0,0,,,,,,,,2027,passed,,540,256,4,256,0,256,256,0,4,252,256,4,4,0.027371208183467388,0.005234249867498875,0.8225586670450866,0.8551641250960529,,5687df5fd03529fc039c76db2b86101df7014922d1983f9c9b2266f86750f4d3,910990bc2dc52a4758d721159c07e08c048b1179156be822cd75118ba14cd5a6,clustering,0,0,6,0.0,1,0,100,1730,256,100.0,256,0,1.0,1.0,436a0f1bdc8861facc8207b9537bd5a2be05f477f2d22e159e1cde2e4e580b5b
error-surface,combined,2,2,2,5,False,0,0,,,,,,,,2027,passed,,540,256,4,5,251,5,5,0,5,0,5,5,4,0.026905500330030918,0.02035766700282693,0.29509287467226386,0.3423560420051217,,34513e7c9240c76043c0eb6b5f6561a131304309470f1b473b9c1eef1185a6b1,910990bc2dc52a4758d721159c07e08c048b1179156be822cd75118ba14cd5a6,clustering,0,0,6,0.0,1,1,100,1730,256,100.0,5,251,0.01953125,1.0,436a0f1bdc8861facc8207b9537bd5a2be05f477f2d22e159e1cde2e4e580b5b
error-surface,sample-random,2,0,0,180,False,0,0,,,,,,,,2027,passed,,540,256,4,180,76,180,180,0,180,0,180,180,4,0.027669750154018402,0.0014104167930781841,10.51016387483105,10.539244041778147,,e11992f18c369144224551226889664b01423d6962914b83e402a9980184bfdf,910990bc2dc52a4758d721159c07e08c048b1179156be822cd75118ba14cd5a6,clustering,0,0,6,0.0,1,2,100,1730,256,100.0,180,76,0.703125,1.0,436a0f1bdc8861facc8207b9537bd5a2be05f477f2d22e159e1cde2e4e580b5b
error-surface,filter-aggressive,2,0,2,17,True,239,239,16,16,1,0,unmatched,chart complexity or topology is outside the measured calibration profiles,65b65fc46bcb4af6ae69145bdd32606e6e48270ff4564783c6c95ac61043d36b,2027,passed,,540,256,4,256,0,256,256,0,256,0,256,256,4,0.02950366586446762,0.09891137527301908,13.306533040944487,13.434948082081974,,a26a0721e9ce0af47606f78ac02037e12d31caf56ae2c932113efde9f4b2e486,910990bc2dc52a4758d721159c07e08c048b1179156be822cd75118ba14cd5a6,clustering,0,0,6,0.0,1,3,100,1730,256,100.0,256,0,1.0,1.0,436a0f1bdc8861facc8207b9537bd5a2be05f477f2d22e159e1cde2e4e580b5b
error-surface,random,2,2,0,17,False,0,0,,,,,,,,2027,passed,,540,256,4,17,239,17,17,0,17,0,17,17,4,0.01869795937091112,0.00025970814749598503,0.7690729168243706,0.7880305843427777,,789d170927e05623c4ed33f0a213d666a4144a9217608879abbe25d17b39b9d0,910990bc2dc52a4758d721159c07e08c048b1179156be822cd75118ba14cd5a6,clustering,0,0,6,0.0,1,4,100,1730,256,100.0,17,239,0.06640625,1.0,436a0f1bdc8861facc8207b9537bd5a2be05f477f2d22e159e1cde2e4e580b5b
error-surface,default,2,0,0,256,False,0,0,,,,,,,,2027,passed,,540,256,4,256,0,256,256,0,256,0,256,256,4,0.01905125007033348,3.1660310924053192e-06,11.217576916795224,11.23663133289665,,5687df5fd03529fc039c76db2b86101df7014922d1983f9c9b2266f86750f4d3,910990bc2dc52a4758d721159c07e08c048b1179156be822cd75118ba14cd5a6,clustering,0,0,6,0.0,1,5,100,1730,256,100.0,256,0,1.0,1.0,436a0f1bdc8861facc8207b9537bd5a2be05f477f2d22e159e1cde2e4e580b5b
error-surface,filter,2,0,2,17,True,239,239,16,16,128,,,,,2027,passed,,540,256,4,256,0,256,256,0,256,0,256,256,4,0.019325249828398228,0.0385856251232326,10.917452749796212,10.975363624747843,,a26a0721e9ce0af47606f78ac02037e12d31caf56ae2c932113efde9f4b2e486,910990bc2dc52a4758d721159c07e08c048b1179156be822cd75118ba14cd5a6,clustering,0,0,6,0.0,1,6,100,1730,256,100.0,256,0,1.0,1.0,436a0f1bdc8861facc8207b9537bd5a2be05f477f2d22e159e1cde2e4e580b5b
error-surface,topology,2,0,2,17,False,0,0,,,,,,,,2027,passed,,540,256,4,17,239,17,17,0,17,0,17,17,4,0.019346291664987803,0.012207707855850458,0.7656389591284096,0.7971929586492479,,0f7406e586922e147a427ce77d17db1ab4f183597cd62813e961f18a2bde1beb,910990bc2dc52a4758d721159c07e08c048b1179156be822cd75118ba14cd5a6,clustering,0,0,6,0.0,1,7,100,1730,256,100.0,17,239,0.06640625,1.0,436a0f1bdc8861facc8207b9537bd5a2be05f477f2d22e159e1cde2e4e580b5b
error-surface,combined,2,2,2,5,False,0,0,,,,,,,,2026,passed,,540,256,4,5,251,5,5,0,5,0,0,0,4,0.02790987491607666,0.015253874938935041,0.2010551248677075,0.2442188747227192,,e89e08d0e6be2244df9b71e5d4e911c1e60884fe03ae4dc7877686eb4c964b4f,910990bc2dc52a4758d721159c07e08c048b1179156be822cd75118ba14cd5a6,clustering,0.5,0,6,0.5,0,0,0,1729,0,0.0,0,0,,,3071c65715248c1529ce16d06ddf97a5cb809bd550b491bbc55ae00d3e58c7bd
error-surface,filter-aggressive,2,0,2,17,True,0,0,16,16,1,0,unmatched,chart complexity or topology is outside the measured calibration profiles,65b65fc46bcb4af6ae69145bdd32606e6e48270ff4564783c6c95ac61043d36b,2026,passed,,540,256,4,17,239,17,17,0,17,0,0,0,4,0.022259999997913837,0.08163487492129207,0.7291317079216242,0.8330265828408301,,964ffe68b9f07e2d3e19fcc69d4973a6846ed67fa537d1cd267b98144a7ffaec,910990bc2dc52a4758d721159c07e08c048b1179156be822cd75118ba14cd5a6,clustering,0.5,0,6,0.5,0,1,0,1729,0,0.0,0,0,,,3071c65715248c1529ce16d06ddf97a5cb809bd550b491bbc55ae00d3e58c7bd
error-surface,random,2,2,0,17,False,0,0,,,,,,,,2026,passed,,540,256,4,17,239,17,17,0,17,0,0,0,4,0.018094084225594997,5.9416983276605606e-05,0.7544410419650376,0.7725945431739092,,c6ee030cdf198dd354265ec475486f8dd38764efb604fd5d639a13f8952fffe9,910990bc2dc52a4758d721159c07e08c048b1179156be822cd75118ba14cd5a6,clustering,0.5,0,6,0.5,0,2,0,1729,0,0.0,0,0,,,3071c65715248c1529ce16d06ddf97a5cb809bd550b491bbc55ae00d3e58c7bd
error-surface,sample-random,2,0,0,180,False,0,0,,,,,,,,2026,passed,,540,256,4,180,76,180,180,0,180,0,0,0,4,0.017813666723668575,0.0010152081958949566,7.5054806671105325,7.524309542030096,,7d8916ae78bbfcaa82c1d84a70429580b89707fb646c292531a055db0798ca51,910990bc2dc52a4758d721159c07e08c048b1179156be822cd75118ba14cd5a6,clustering,0.5,0,6,0.5,0,3,0,1729,0,0.0,0,0,,,3071c65715248c1529ce16d06ddf97a5cb809bd550b491bbc55ae00d3e58c7bd
error-surface,topology,2,0,2,17,False,0,0,,,,,,,,2026,passed,,540,256,4,17,239,17,17,0,17,0,0,0,4,0.021998291835188866,0.012924000155180693,0.7172360830008984,0.7521583749912679,,62476f5214f9b3c5b7779745df12dc063eef192da58154ebc8194e2bd7724368,910990bc2dc52a4758d721159c07e08c048b1179156be822cd75118ba14cd5a6,clustering,0.5,0,6,0.5,0,4,0,1729,0,0.0,0,0,,,3071c65715248c1529ce16d06ddf97a5cb809bd550b491bbc55ae00d3e58c7bd
error-surface,exact-equivalence,2,0,0,256,False,0,0,,,,,,,,2026,passed,,540,256,4,256,0,256,256,0,4,252,0,0,4,0.03062016610056162,0.0037455838173627853,0.5562141668051481,0.5905799167230725,,f272707a56fa325f3e1ef032830433de622478dd220af2ebc08b2caf97d84630,910990bc2dc52a4758d721159c07e08c048b1179156be822cd75118ba14cd5a6,clustering,0.5,0,6,0.5,0,5,0,1729,0,0.0,0,0,,,3071c65715248c1529ce16d06ddf97a5cb809bd550b491bbc55ae00d3e58c7bd
error-surface,default,2,0,0,256,False,0,0,,,,,,,,2026,passed,,540,256,4,256,0,256,256,0,256,0,0,0,4,0.01793912472203374,2.4172477424144745e-06,11.224055333063006,11.241996875032783,,f272707a56fa325f3e1ef032830433de622478dd220af2ebc08b2caf97d84630,910990bc2dc52a4758d721159c07e08c048b1179156be822cd75118ba14cd5a6,clustering,0.5,0,6,0.5,0,6,0,1729,0,0.0,0,0,,,3071c65715248c1529ce16d06ddf97a5cb809bd550b491bbc55ae00d3e58c7bd
error-surface,filter,2,0,2,17,True,0,0,16,16,128,,,,,2026,passed,,540,256,4,17,239,17,17,0,17,0,0,0,4,0.02513079158961773,0.04655433306470513,0.7563734999857843,0.8280586246401072,,964ffe68b9f07e2d3e19fcc69d4973a6846ed67fa537d1cd267b98144a7ffaec,910990bc2dc52a4758d721159c07e08c048b1179156be822cd75118ba14cd5a6,clustering,0.5,0,6,0.5,0,7,0,1729,0,0.0,0,0,,,3071c65715248c1529ce16d06ddf97a5cb809bd550b491bbc55ae00d3e58c7bd
error-surface,sample-random,2,0,0,180,False,0,0,,,,,,,,2026,passed,,540,256,4,180,76,180,180,0,180,0,1,1,4,0.017815500032156706,0.0009570000693202019,7.539922124706209,7.558694624807686,,7d8916ae78bbfcaa82c1d84a70429580b89707fb646c292531a055db0798ca51,910990bc2dc52a4758d721159c07e08c048b1179156be822cd75118ba14cd5a6,clustering,0.5,0,6,0.5,0,0,1,1729,2,0.78125,1,1,0.5,0.0,1a83c3fcc2ce2338999bf4ce1246bbb6a728152e1c84f5c94d27748bbd4e8887
error-surface,combined,2,2,2,5,False,0,0,,,,,,,,2026,passed,,540,256,4,5,251,5,5,0,5,0,0,0,4,0.022364750038832426,0.02262774994596839,0.2677666246891022,0.312759124673903,,e89e08d0e6be2244df9b71e5d4e911c1e60884fe03ae4dc7877686eb4c964b4f,910990bc2dc52a4758d721159c07e08c048b1179156be822cd75118ba14cd5a6,clustering,0.5,0,6,0.5,0,1,1,1729,2,0.78125,0,2,0.0,0.0,1a83c3fcc2ce2338999bf4ce1246bbb6a728152e1c84f5c94d27748bbd4e8887
error-surface,filter,2,0,2,17,True,0,0,16,16,128,,,,,2026,passed,,540,256,4,17,239,17,17,0,17,0,0,0,4,0.0225209160707891,0.04522349964827299,0.7133364588953555,0.7810808746144176,,964ffe68b9f07e2d3e19fcc69d4973a6846ed67fa537d1cd267b98144a7ffaec,910990bc2dc52a4758d721159c07e08c048b1179156be822cd75118ba14cd5a6,clustering,0.5,0,6,0.5,0,2,1,1729,2,0.78125,0,2,0.0,0.0,1a83c3fcc2ce2338999bf4ce1246bbb6a728152e1c84f5c94d27748bbd4e8887
error-surface,exact-equivalence,2,0,0,256,False,0,0,,,,,,,,2026,passed,,540,256,4,256,0,256,256,0,4,252,2,0,4,0.020948625169694424,0.003345917444676161,0.541138167027384,0.5654327096417546,,f272707a56fa325f3e1ef032830433de622478dd220af2ebc08b2caf97d84630,910990bc2dc52a4758d721159c07e08c048b1179156be822cd75118ba14cd5a6,clustering,0.5,0,6,0.5,0,3,1,1729,2,0.78125,2,0,1.0,0.0,1a83c3fcc2ce2338999bf4ce1246bbb6a728152e1c84f5c94d27748bbd4e8887
error-surface,topology,2,0,2,17,False,0,0,,,,,,,,2026,passed,,540,256,4,17,239,17,17,0,17,0,0,0,4,0.01786995818838477,0.014791875146329403,0.7747036670334637,0.8073655003681779,,62476f5214f9b3c5b7779745df12dc063eef192da58154ebc8194e2bd7724368,910990bc2dc52a4758d721159c07e08c048b1179156be822cd75118ba14cd5a6,clustering,0.5,0,6,0.5,0,4,1,1729,2,0.78125,0,2,0.0,0.0,1a83c3fcc2ce2338999bf4ce1246bbb6a728152e1c84f5c94d27748bbd4e8887
error-surface,default,2,0,0,256,False,0,0,,,,,,,,2026,passed,,540,256,4,256,0,256,256,0,256,0,2,2,4,0.018656541127711535,2.6668421924114227e-06,11.40087820822373,11.419537416193634,,f272707a56fa325f3e1ef032830433de622478dd220af2ebc08b2caf97d84630,910990bc2dc52a4758d721159c07e08c048b1179156be822cd75118ba14cd5a6,clustering,0.5,0,6,0.5,0,5,1,1729,2,0.78125,2,0,1.0,0.0,1a83c3fcc2ce2338999bf4ce1246bbb6a728152e1c84f5c94d27748bbd4e8887
error-surface,filter-aggressive,2,0,2,17,True,0,0,16,16,1,0,unmatched,chart complexity or topology is outside the measured calibration profiles,65b65fc46bcb4af6ae69145bdd32606e6e48270ff4564783c6c95ac61043d36b,2026,passed,,540,256,4,17,239,17,17,0,17,0,0,0,4,0.022011166904121637,0.06877716677263379,0.7544134999625385,0.8452018336392939,,964ffe68b9f07e2d3e19fcc69d4973a6846ed67fa537d1cd267b98144a7ffaec,910990bc2dc52a4758d721159c07e08c048b1179156be822cd75118ba14cd5a6,clustering,0.5,0,6,0.5,0,6,1,1729,2,0.78125,0,2,0.0,0.0,1a83c3fcc2ce2338999bf4ce1246bbb6a728152e1c84f5c94d27748bbd4e8887
error-surface,random,2,2,0,17,False,0,0,,,,,,,,2026,passed,,540,256,4,17,239,17,17,0,17,0,0,0,4,0.022063917014747858,7.379194721579552e-05,0.7492915419861674,0.7714292509481311,,c6ee030cdf198dd354265ec475486f8dd38764efb604fd5d639a13f8952fffe9,910990bc2dc52a4758d721159c07e08c048b1179156be822cd75118ba14cd5a6,clustering,0.5,0,6,0.5,0,7,1,1729,2,0.78125,0,2,0.0,0.0,1a83c3fcc2ce2338999bf4ce1246bbb6a728152e1c84f5c94d27748bbd4e8887
error-surface,filter-aggressive,2,0,2,17,True,0,0,16,16,1,0,unmatched,chart complexity or topology is outside the measured calibration profiles,65b65fc46bcb4af6ae69145bdd32606e6e48270ff4564783c6c95ac61043d36b,2026,passed,,540,256,4,17,239,17,17,0,17,0,0,0,4,0.022050667088478804,0.1113370000384748,0.7601825417950749,0.8935702089220285,,964ffe68b9f07e2d3e19fcc69d4973a6846ed67fa537d1cd267b98144a7ffaec,910990bc2dc52a4758d721159c07e08c048b1179156be822cd75118ba14cd5a6,clustering,0.5,0,6,0.5,0,0,5,1729,12,4.6875,0,12,0.0,0.08333333333333333,ac600020beb71cc7f833b3a43c87a6af138e33dc11aa8547b5c804dd686e1a96
error-surface,default,2,0,0,256,False,0,0,,,,,,,,2026,passed,,540,256,4,256,0,256,256,0,256,0,12,12,4,0.022453375160694122,2.4167820811271667e-06,12.678697084076703,12.701152876019478,,f272707a56fa325f3e1ef032830433de622478dd220af2ebc08b2caf97d84630,910990bc2dc52a4758d721159c07e08c048b1179156be822cd75118ba14cd5a6,clustering,0.5,0,6,0.5,0,1,5,1729,12,4.6875,12,0,1.0,0.08333333333333333,ac600020beb71cc7f833b3a43c87a6af138e33dc11aa8547b5c804dd686e1a96
error-surface,exact-equivalence,2,0,0,256,False,0,0,,,,,,,,2026,passed,,540,256,4,256,0,256,256,0,4,252,12,0,4,0.025498041883111,0.004594416823238134,0.7947075418196619,0.824800000526011,,f272707a56fa325f3e1ef032830433de622478dd220af2ebc08b2caf97d84630,910990bc2dc52a4758d721159c07e08c048b1179156be822cd75118ba14cd5a6,clustering,0.5,0,6,0.5,0,2,5,1729,12,4.6875,12,0,1.0,0.08333333333333333,ac600020beb71cc7f833b3a43c87a6af138e33dc11aa8547b5c804dd686e1a96
error-surface,random,2,2,0,17,False,0,0,,,,,,,,2026,passed,,540,256,4,17,239,17,17,0,17,0,0,0,4,0.02868183283135295,0.000122124794870615,0.9266081252135336,0.9554120828397572,,c6ee030cdf198dd354265ec475486f8dd38764efb604fd5d639a13f8952fffe9,910990bc2dc52a4758d721159c07e08c048b1179156be822cd75118ba14cd5a6,clustering,0.5,0,6,0.5,0,3,5,1729,12,4.6875,0,12,0.0,0.08333333333333333,ac600020beb71cc7f833b3a43c87a6af138e33dc11aa8547b5c804dd686e1a96
error-surface,topology,2,0,2,17,False,0,0,,,,,,,,2026,passed,,540,256,4,17,239,17,17,0,17,0,0,0,4,0.021837541833519936,0.01652691699564457,0.8815426672808826,0.9199071261100471,,62476f5214f9b3c5b7779745df12dc063eef192da58154ebc8194e2bd7724368,910990bc2dc52a4758d721159c07e08c048b1179156be822cd75118ba14cd5a6,clustering,0.5,0,6,0.5,0,4,5,1729,12,4.6875,0,12,0.0,0.08333333333333333,ac600020beb71cc7f833b3a43c87a6af138e33dc11aa8547b5c804dd686e1a96
error-surface,combined,2,2,2,5,False,0,0,,,,,,,,2026,passed,,540,256,4,5,251,5,5,0,5,0,0,0,4,0.025242125149816275,0.018018958158791065,0.2881944593973458,0.3314555427059531,,e89e08d0e6be2244df9b71e5d4e911c1e60884fe03ae4dc7877686eb4c964b4f,910990bc2dc52a4758d721159c07e08c048b1179156be822cd75118ba14cd5a6,clustering,0.5,0,6,0.5,0,5,5,1729,12,4.6875,0,12,0.0,0.08333333333333333,ac600020beb71cc7f833b3a43c87a6af138e33dc11aa8547b5c804dd686e1a96
error-surface,filter,2,0,2,17,True,0,0,16,16,128,,,,,2026,passed,,540,256,4,17,239,17,17,0,17,0,0,0,4,0.025521541014313698,0.05851591704413295,0.9119049166329205,0.9959423746913671,,964ffe68b9f07e2d3e19fcc69d4973a6846ed67fa537d1cd267b98144a7ffaec,910990bc2dc52a4758d721159c07e08c048b1179156be822cd75118ba14cd5a6,clustering,0.5,0,6,0.5,0,6,5,1729,12,4.6875,0,12,0.0,0.08333333333333333,ac600020beb71cc7f833b3a43c87a6af138e33dc11aa8547b5c804dd686e1a96
error-surface,sample-random,2,0,0,180,False,0,0,,,,,,,,2026,passed,,540,256,4,180,76,180,180,0,180,0,7,7,4,0.02783654211089015,0.00127466581761837,8.975949333049357,9.005060540977865,,7d8916ae78bbfcaa82c1d84a70429580b89707fb646c292531a055db0798ca51,910990bc2dc52a4758d721159c07e08c048b1179156be822cd75118ba14cd5a6,clustering,0.5,0,6,0.5,0,7,5,1729,12,4.6875,7,5,0.5833333333333334,0.08333333333333333,ac600020beb71cc7f833b3a43c87a6af138e33dc11aa8547b5c804dd686e1a96
error-surface,default,2,0,0,256,False,0,0,,,,,,,,2026,passed,,540,256,4,256,0,256,256,0,256,0,25,25,4,0.022537749726325274,2.250075340270996e-06,12.982105708215386,13.004645708017051,,f272707a56fa325f3e1ef032830433de622478dd220af2ebc08b2caf97d84630,910990bc2dc52a4758d721159c07e08c048b1179156be822cd75118ba14cd5a6,clustering,0.5,0,6,0.5,0,0,10,1729,25,9.765625,25,0,1.0,0.13,b5c6f3dff83157401f29c3aa80fe795a3d465eba49872ed42b0868460791b87c
error-surface,combined,2,2,2,5,False,0,0,,,,,,,,2026,passed,,540,256,4,5,251,5,5,0,5,0,1,1,4,0.03852229192852974,0.04660929227247834,1.4438298339955509,1.528961418196559,,e89e08d0e6be2244df9b71e5d4e911c1e60884fe03ae4dc7877686eb4c964b4f,910990bc2dc52a4758d721159c07e08c048b1179156be822cd75118ba14cd5a6,clustering,0.5,0,6,0.5,0,1,10,1729,25,9.765625,1,24,0.04,0.13,b5c6f3dff83157401f29c3aa80fe795a3d465eba49872ed42b0868460791b87c
error-surface,filter,2,0,2,17,True,60,60,16,16,128,,,,,2026,passed,,540,256,4,77,179,77,77,0,77,0,5,5,4,0.04230733262374997,0.2493539578281343,4.176767583936453,4.468428874388337,,a1eb30eb5f89e491be9e2995791193b3086aee6f467d14ae81bf705eb04ea7a7,910990bc2dc52a4758d721159c07e08c048b1179156be822cd75118ba14cd5a6,clustering,0.5,0,6,0.5,0,2,10,1729,25,9.765625,5,20,0.2,0.13,b5c6f3dff83157401f29c3aa80fe795a3d465eba49872ed42b0868460791b87c
error-surface,topology,2,0,2,17,False,0,0,,,,,,,,2026,passed,,540,256,4,17,239,17,17,0,17,0,1,1,4,0.02148604206740856,0.012978625018149614,0.7756144166924059,0.8100790837779641,,62476f5214f9b3c5b7779745df12dc063eef192da58154ebc8194e2bd7724368,910990bc2dc52a4758d721159c07e08c048b1179156be822cd75118ba14cd5a6,clustering,0.5,0,6,0.5,0,3,10,1729,25,9.765625,1,24,0.04,0.13,b5c6f3dff83157401f29c3aa80fe795a3d465eba49872ed42b0868460791b87c
error-surface,exact-equivalence,2,0,0,256,False,0,0,,,,,,,,2026,passed,,540,256,4,256,0,256,256,0,4,252,25,0,4,0.02332250028848648,0.005096332635730505,0.6825274163857102,0.7109462493099272,,f272707a56fa325f3e1ef032830433de622478dd220af2ebc08b2caf97d84630,910990bc2dc52a4758d721159c07e08c048b1179156be822cd75118ba14cd5a6,clustering,0.5,0,6,0.5,0,4,10,1729,25,9.765625,25,0,1.0,0.13,b5c6f3dff83157401f29c3aa80fe795a3d465eba49872ed42b0868460791b87c
error-surface,random,2,2,0,17,False,0,0,,,,,,,,2026,passed,,540,256,4,17,239,17,17,0,17,0,1,1,4,0.020900124683976173,7.358286529779434e-05,0.8274653754197061,0.8484390829689801,,c6ee030cdf198dd354265ec475486f8dd38764efb604fd5d639a13f8952fffe9,910990bc2dc52a4758d721159c07e08c048b1179156be822cd75118ba14cd5a6,clustering,0.5,0,6,0.5,0,5,10,1729,25,9.765625,1,24,0.04,0.13,b5c6f3dff83157401f29c3aa80fe795a3d465eba49872ed42b0868460791b87c
error-surface,filter-aggressive,2,0,2,17,True,60,60,16,16,1,0,unmatched,chart complexity or topology is outside the measured calibration profiles,65b65fc46bcb4af6ae69145bdd32606e6e48270ff4564783c6c95ac61043d36b,2026,passed,,540,256,4,77,179,77,77,0,77,0,5,5,4,0.02306729182600975,0.08453108416870236,3.690732792019844,3.798331168014556,,a1eb30eb5f89e491be9e2995791193b3086aee6f467d14ae81bf705eb04ea7a7,910990bc2dc52a4758d721159c07e08c048b1179156be822cd75118ba14cd5a6,clustering,0.5,0,6,0.5,0,6,10,1729,25,9.765625,5,20,0.2,0.13,b5c6f3dff83157401f29c3aa80fe795a3d465eba49872ed42b0868460791b87c
error-surface,sample-random,2,0,0,180,False,0,0,,,,,,,,2026,passed,,540,256,4,180,76,180,180,0,180,0,18,18,4,0.04568179231137037,0.001298333052545786,8.389974667225033,8.43695479258895,,7d8916ae78bbfcaa82c1d84a70429580b89707fb646c292531a055db0798ca51,910990bc2dc52a4758d721159c07e08c048b1179156be822cd75118ba14cd5a6,clustering,0.5,0,6,0.5,0,7,10,1729,25,9.765625,18,7,0.72,0.13,b5c6f3dff83157401f29c3aa80fe795a3d465eba49872ed42b0868460791b87c
error-surface,topology,2,0,2,17,False,0,0,,,,,,,,2026,passed,,540,256,4,17,239,17,17,0,17,0,3,3,4,0.023864374961704016,0.01577033381909132,0.7865986661054194,0.8262333748862147,,62476f5214f9b3c5b7779745df12dc063eef192da58154ebc8194e2bd7724368,910990bc2dc52a4758d721159c07e08c048b1179156be822cd75118ba14cd5a6,clustering,0.5,0,6,0.5,0,0,25,1729,64,25.0,3,61,0.046875,0.328125,b71da4b3b2b4806c6ea05f939efea2460914b32e344b31a5ef4843093d88052d
error-surface,filter-aggressive,2,0,2,17,True,120,120,16,16,1,0,unmatched,chart complexity or topology is outside the measured calibration profiles,65b65fc46bcb4af6ae69145bdd32606e6e48270ff4564783c6c95ac61043d36b,2026,passed,,540,256,4,137,119,137,137,0,137,0,28,28,4,0.02352241612970829,0.07902670791372657,6.718803625088185,6.82135274913162,,96a1c62330c3048bfcfe104fb6469dcdcb4e99c365022aee0ffc445c0f30ff15,910990bc2dc52a4758d721159c07e08c048b1179156be822cd75118ba14cd5a6,clustering,0.5,0,6,0.5,0,1,25,1729,64,25.0,28,36,0.4375,0.328125,b71da4b3b2b4806c6ea05f939efea2460914b32e344b31a5ef4843093d88052d
error-surface,exact-equivalence,2,0,0,256,False,0,0,,,,,,,,2026,passed,,540,256,4,256,0,256,256,0,4,252,64,2,4,0.02469624998047948,0.005816499702632427,0.6873526661656797,0.7178654158487916,,f272707a56fa325f3e1ef032830433de622478dd220af2ebc08b2caf97d84630,910990bc2dc52a4758d721159c07e08c048b1179156be822cd75118ba14cd5a6,clustering,0.5,0,6,0.5,0,2,25,1729,64,25.0,64,0,1.0,0.328125,b71da4b3b2b4806c6ea05f939efea2460914b32e344b31a5ef4843093d88052d
error-surface,combined,2,2,2,5,False,0,0,,,,,,,,2026,passed,,540,256,4,5,251,5,5,0,5,0,2,2,4,0.024531499948352575,0.01575279189273715,0.241435875184834,0.28172016702592373,,e89e08d0e6be2244df9b71e5d4e911c1e60884fe03ae4dc7877686eb4c964b4f,910990bc2dc52a4758d721159c07e08c048b1179156be822cd75118ba14cd5a6,clustering,0.5,0,6,0.5,0,3,25,1729,64,25.0,2,62,0.03125,0.328125,b71da4b3b2b4806c6ea05f939efea2460914b32e344b31a5ef4843093d88052d
error-surface,default,2,0,0,256,False,0,0,,,,,,,,2026,passed,,540,256,4,256,0,256,256,0,256,0,64,64,4,0.02321220887824893,2.8330832719802856e-06,12.720552749931812,12.743767791893333,,f272707a56fa325f3e1ef032830433de622478dd220af2ebc08b2caf97d84630,910990bc2dc52a4758d721159c07e08c048b1179156be822cd75118ba14cd5a6,clustering,0.5,0,6,0.5,0,4,25,1729,64,25.0,64,0,1.0,0.328125,b71da4b3b2b4806c6ea05f939efea2460914b32e344b31a5ef4843093d88052d
error-surface,random,2,2,0,17,False,0,0,,,,,,,,2026,passed,,540,256,4,17,239,17,17,0,17,0,3,3,4,0.026606291998177767,8.545909076929092e-05,0.8555644587613642,0.8822562098503113,,c6ee030cdf198dd354265ec475486f8dd38764efb604fd5d639a13f8952fffe9,910990bc2dc52a4758d721159c07e08c048b1179156be822cd75118ba14cd5a6,clustering,0.5,0,6,0.5,0,5,25,1729,64,25.0,3,61,0.046875,0.328125,b71da4b3b2b4806c6ea05f939efea2460914b32e344b31a5ef4843093d88052d
error-surface,sample-random,2,0,0,180,False,0,0,,,,,,,,2026,passed,,540,256,4,180,76,180,180,0,180,0,45,45,4,0.025489042047411203,0.001267292071133852,9.020486417226493,9.047242751345038,,7d8916ae78bbfcaa82c1d84a70429580b89707fb646c292531a055db0798ca51,910990bc2dc52a4758d721159c07e08c048b1179156be822cd75118ba14cd5a6,clustering,0.5,0,6,0.5,0,6,25,1729,64,25.0,45,19,0.703125,0.328125,b71da4b3b2b4806c6ea05f939efea2460914b32e344b31a5ef4843093d88052d
error-surface,filter,2,0,2,17,True,120,120,16,16,128,,,,,2026,passed,,540,256,4,137,119,137,137,0,137,0,28,28,4,0.02245137467980385,0.0649537080898881,6.938765125349164,7.026170208118856,,96a1c62330c3048bfcfe104fb6469dcdcb4e99c365022aee0ffc445c0f30ff15,910990bc2dc52a4758d721159c07e08c048b1179156be822cd75118ba14cd5a6,clustering,0.5,0,6,0.5,0,7,25,1729,64,25.0,28,36,0.4375,0.328125,b71da4b3b2b4806c6ea05f939efea2460914b32e344b31a5ef4843093d88052d
error-surface,random,2,2,0,17,False,0,0,,,,,,,,2026,passed,,540,256,4,17,239,17,17,0,17,0,8,8,4,0.023740957956761122,7.195817306637764e-05,0.8315228749997914,0.8553357911296189,,c6ee030cdf198dd354265ec475486f8dd38764efb604fd5d639a13f8952fffe9,910990bc2dc52a4758d721159c07e08c048b1179156be822cd75118ba14cd5a6,clustering,0.5,0,6,0.5,0,0,50,1729,128,50.0,8,120,0.0625,0.54296875,7b9e3f024c5a4c3ad1e7e4249a0622f7471a3be9eb12a5560a8701060539ced6
error-surface,filter,2,0,2,17,True,239,239,16,16,128,,,,,2026,passed,,540,256,4,256,0,256,256,0,256,0,128,128,4,0.0255023748613894,0.055154040921479464,12.422582250088453,12.503238665871322,,d82f3bcca93529427ed3275a35e571409ad6343c89218b2c43e185bfdc669e40,910990bc2dc52a4758d721159c07e08c048b1179156be822cd75118ba14cd5a6,clustering,0.5,0,6,0.5,0,1,50,1729,128,50.0,128,0,1.0,0.54296875,7b9e3f024c5a4c3ad1e7e4249a0622f7471a3be9eb12a5560a8701060539ced6
error-surface,topology,2,0,2,17,False,0,0,,,,,,,,2026,passed,,540,256,4,17,239,17,17,0,17,0,7,7,4,0.021658415906131268,0.01637516589835286,0.7901897500269115,0.8282233318313956,,62476f5214f9b3c5b7779745df12dc063eef192da58154ebc8194e2bd7724368,910990bc2dc52a4758d721159c07e08c048b1179156be822cd75118ba14cd5a6,clustering,0.5,0,6,0.5,0,2,50,1729,128,50.0,7,121,0.0546875,0.54296875,7b9e3f024c5a4c3ad1e7e4249a0622f7471a3be9eb12a5560a8701060539ced6
error-surface,default,2,0,0,256,False,0,0,,,,,,,,2026,passed,,540,256,4,256,0,256,256,0,256,0,128,128,4,0.018364374991506338,2.1671876311302185e-06,11.253888166043907,11.272254708223045,,f272707a56fa325f3e1ef032830433de622478dd220af2ebc08b2caf97d84630,910990bc2dc52a4758d721159c07e08c048b1179156be822cd75118ba14cd5a6,clustering,0.5,0,6,0.5,0,3,50,1729,128,50.0,128,0,1.0,0.54296875,7b9e3f024c5a4c3ad1e7e4249a0622f7471a3be9eb12a5560a8701060539ced6
error-surface,combined,2,2,2,5,False,0,0,,,,,,,,2026,passed,,540,256,4,5,251,5,5,0,5,0,4,4,4,0.020931500010192394,0.011051500216126442,0.2418445418588817,0.27382754208520055,,e89e08d0e6be2244df9b71e5d4e911c1e60884fe03ae4dc7877686eb4c964b4f,910990bc2dc52a4758d721159c07e08c048b1179156be822cd75118ba14cd5a6,clustering,0.5,0,6,0.5,0,4,50,1729,128,50.0,4,124,0.03125,0.54296875,7b9e3f024c5a4c3ad1e7e4249a0622f7471a3be9eb12a5560a8701060539ced6
error-surface,exact-equivalence,2,0,0,256,False,0,0,,,,,,,,2026,passed,,540,256,4,256,0,256,256,0,4,252,128,4,4,0.018317166715860367,0.0033485000021755695,0.5587350828573108,0.5804007495753467,,f272707a56fa325f3e1ef032830433de622478dd220af2ebc08b2caf97d84630,910990bc2dc52a4758d721159c07e08c048b1179156be822cd75118ba14cd5a6,clustering,0.5,0,6,0.5,0,5,50,1729,128,50.0,128,0,1.0,0.54296875,7b9e3f024c5a4c3ad1e7e4249a0622f7471a3be9eb12a5560a8701060539ced6
error-surface,filter-aggressive,2,0,2,17,True,239,239,16,16,1,0,unmatched,chart complexity or topology is outside the measured calibration profiles,65b65fc46bcb4af6ae69145bdd32606e6e48270ff4564783c6c95ac61043d36b,2026,passed,,540,256,4,256,0,256,256,0,256,0,128,128,4,0.01711341692134738,0.061115041840821505,10.058004125021398,10.136232583783567,,d82f3bcca93529427ed3275a35e571409ad6343c89218b2c43e185bfdc669e40,910990bc2dc52a4758d721159c07e08c048b1179156be822cd75118ba14cd5a6,clustering,0.5,0,6,0.5,0,6,50,1729,128,50.0,128,0,1.0,0.54296875,7b9e3f024c5a4c3ad1e7e4249a0622f7471a3be9eb12a5560a8701060539ced6
error-surface,sample-random,2,0,0,180,False,0,0,,,,,,,,2026,passed,,540,256,4,180,76,180,180,0,180,0,92,92,4,0.018822208046913147,0.0011180420406162739,7.365283790975809,7.3852240410633385,,7d8916ae78bbfcaa82c1d84a70429580b89707fb646c292531a055db0798ca51,910990bc2dc52a4758d721159c07e08c048b1179156be822cd75118ba14cd5a6,clustering,0.5,0,6,0.5,0,7,50,1729,128,50.0,92,36,0.71875,0.54296875,7b9e3f024c5a4c3ad1e7e4249a0622f7471a3be9eb12a5560a8701060539ced6
error-surface,combined,2,2,2,5,False,0,0,,,,,,,,2026,passed,,540,256,4,5,251,5,5,0,5,0,5,5,4,0.018376416992396116,0.01342283422127366,0.19771170802414417,0.22951095923781395,,e89e08d0e6be2244df9b71e5d4e911c1e60884fe03ae4dc7877686eb4c964b4f,910990bc2dc52a4758d721159c07e08c048b1179156be822cd75118ba14cd5a6,clustering,0.5,0,6,0.5,0,0,75,1729,192,75.0,5,187,0.026041666666666668,0.7786458333333334,c25a57cb6fc36f722a1d1a5e105ac38f11593e69e99e8d85c10ec76e1ee56e83
error-surface,exact-equivalence,2,0,0,256,False,0,0,,,,,,,,2026,passed,,540,256,4,256,0,256,256,0,4,252,192,4,4,0.017551042139530182,0.0038059582002460957,0.5174668747931719,0.5388238751329482,,f272707a56fa325f3e1ef032830433de622478dd220af2ebc08b2caf97d84630,910990bc2dc52a4758d721159c07e08c048b1179156be822cd75118ba14cd5a6,clustering,0.5,0,6,0.5,0,1,75,1729,192,75.0,192,0,1.0,0.7786458333333334,c25a57cb6fc36f722a1d1a5e105ac38f11593e69e99e8d85c10ec76e1ee56e83
error-surface,random,2,2,0,17,False,0,0,,,,,,,,2026,passed,,540,256,4,17,239,17,17,0,17,0,11,11,4,0.021344791632145643,0.00013129180297255516,0.7061480833217502,0.7276241667568684,,c6ee030cdf198dd354265ec475486f8dd38764efb604fd5d639a13f8952fffe9,910990bc2dc52a4758d721159c07e08c048b1179156be822cd75118ba14cd5a6,clustering,0.5,0,6,0.5,0,2,75,1729,192,75.0,11,181,0.057291666666666664,0.7786458333333334,c25a57cb6fc36f722a1d1a5e105ac38f11593e69e99e8d85c10ec76e1ee56e83
error-surface,topology,2,0,2,17,False,0,0,,,,,,,,2026,passed,,540,256,4,17,239,17,17,0,17,0,15,15,4,0.018140584230422974,0.011197832878679037,0.7384454160928726,0.7677838332019746,,62476f5214f9b3c5b7779745df12dc063eef192da58154ebc8194e2bd7724368,910990bc2dc52a4758d721159c07e08c048b1179156be822cd75118ba14cd5a6,clustering,0.5,0,6,0.5,0,3,75,1729,192,75.0,15,177,0.078125,0.7786458333333334,c25a57cb6fc36f722a1d1a5e105ac38f11593e69e99e8d85c10ec76e1ee56e83
error-surface,filter-aggressive,2,0,2,17,True,239,239,16,16,1,0,unmatched,chart complexity or topology is outside the measured calibration profiles,65b65fc46bcb4af6ae69145bdd32606e6e48270ff4564783c6c95ac61043d36b,2026,passed,,540,256,4,256,0,256,256,0,256,0,192,192,4,0.01809345791116357,0.061960417311638594,10.679395833052695,10.759449708275497,,d82f3bcca93529427ed3275a35e571409ad6343c89218b2c43e185bfdc669e40,910990bc2dc52a4758d721159c07e08c048b1179156be822cd75118ba14cd5a6,clustering,0.5,0,6,0.5,0,4,75,1729,192,75.0,192,0,1.0,0.7786458333333334,c25a57cb6fc36f722a1d1a5e105ac38f11593e69e99e8d85c10ec76e1ee56e83
error-surface,sample-random,2,0,0,180,False,0,0,,,,,,,,2026,passed,,540,256,4,180,76,180,180,0,180,0,132,132,4,0.0196684580296278,0.0009920001029968262,7.0392287080176175,7.059889166150242,,7d8916ae78bbfcaa82c1d84a70429580b89707fb646c292531a055db0798ca51,910990bc2dc52a4758d721159c07e08c048b1179156be822cd75118ba14cd5a6,clustering,0.5,0,6,0.5,0,5,75,1729,192,75.0,132,60,0.6875,0.7786458333333334,c25a57cb6fc36f722a1d1a5e105ac38f11593e69e99e8d85c10ec76e1ee56e83
error-surface,filter,2,0,2,17,True,239,239,16,16,128,,,,,2026,passed,,540,256,4,256,0,256,256,0,256,0,192,192,4,0.019595207646489143,0.04578875005245209,10.295338416006416,10.360722373705357,,d82f3bcca93529427ed3275a35e571409ad6343c89218b2c43e185bfdc669e40,910990bc2dc52a4758d721159c07e08c048b1179156be822cd75118ba14cd5a6,clustering,0.5,0,6,0.5,0,6,75,1729,192,75.0,192,0,1.0,0.7786458333333334,c25a57cb6fc36f722a1d1a5e105ac38f11593e69e99e8d85c10ec76e1ee56e83
error-surface,default,2,0,0,256,False,0,0,,,,,,,,2026,passed,,540,256,4,256,0,256,256,0,256,0,192,192,4,0.019105332903563976,5.416572093963623e-06,11.246412416920066,11.265523166395724,,f272707a56fa325f3e1ef032830433de622478dd220af2ebc08b2caf97d84630,910990bc2dc52a4758d721159c07e08c048b1179156be822cd75118ba14cd5a6,clustering,0.5,0,6,0.5,0,7,75,1729,192,75.0,192,0,1.0,0.7786458333333334,c25a57cb6fc36f722a1d1a5e105ac38f11593e69e99e8d85c10ec76e1ee56e83
error-surface,filter,2,0,2,17,True,239,239,16,16,128,,,,,2026,passed,,540,256,4,256,0,256,256,0,256,0,256,256,4,0.022064541932195425,0.04253991600126028,12.313964415807277,12.378568873740733,,d82f3bcca93529427ed3275a35e571409ad6343c89218b2c43e185bfdc669e40,910990bc2dc52a4758d721159c07e08c048b1179156be822cd75118ba14cd5a6,clustering,0.5,0,6,0.5,0,0,100,1729,256,100.0,256,0,1.0,1.0,436a0f1bdc8861facc8207b9537bd5a2be05f477f2d22e159e1cde2e4e580b5b
error-surface,filter-aggressive,2,0,2,17,True,239,239,16,16,1,0,unmatched,chart complexity or topology is outside the measured calibration profiles,65b65fc46bcb4af6ae69145bdd32606e6e48270ff4564783c6c95ac61043d36b,2026,passed,,540,256,4,256,0,256,256,0,256,0,256,256,4,0.028437958098948002,0.07562470901757479,12.510873125400394,12.614935792516917,,d82f3bcca93529427ed3275a35e571409ad6343c89218b2c43e185bfdc669e40,910990bc2dc52a4758d721159c07e08c048b1179156be822cd75118ba14cd5a6,clustering,0.5,0,6,0.5,0,1,100,1729,256,100.0,256,0,1.0,1.0,436a0f1bdc8861facc8207b9537bd5a2be05f477f2d22e159e1cde2e4e580b5b
error-surface,exact-equivalence,2,0,0,256,False,0,0,,,,,,,,2026,passed,,540,256,4,256,0,256,256,0,4,252,256,4,4,0.026168332900851965,0.00457304110750556,0.6826132088899612,0.7133545828983188,,f272707a56fa325f3e1ef032830433de622478dd220af2ebc08b2caf97d84630,910990bc2dc52a4758d721159c07e08c048b1179156be822cd75118ba14cd5a6,clustering,0.5,0,6,0.5,0,2,100,1729,256,100.0,256,0,1.0,1.0,436a0f1bdc8861facc8207b9537bd5a2be05f477f2d22e159e1cde2e4e580b5b
error-surface,default,2,0,0,256,False,0,0,,,,,,,,2026,passed,,540,256,4,256,0,256,256,0,256,0,256,256,4,0.02235820796340704,3.125052899122238e-06,12.164002041798085,12.186363374814391,,f272707a56fa325f3e1ef032830433de622478dd220af2ebc08b2caf97d84630,910990bc2dc52a4758d721159c07e08c048b1179156be822cd75118ba14cd5a6,clustering,0.5,0,6,0.5,0,3,100,1729,256,100.0,256,0,1.0,1.0,436a0f1bdc8861facc8207b9537bd5a2be05f477f2d22e159e1cde2e4e580b5b
error-surface,combined,2,2,2,5,False,0,0,,,,,,,,2026,passed,,540,256,4,5,251,5,5,0,5,0,5,5,4,0.025007042102515697,0.01500066602602601,0.2550607090815902,0.2950684172101319,,e89e08d0e6be2244df9b71e5d4e911c1e60884fe03ae4dc7877686eb4c964b4f,910990bc2dc52a4758d721159c07e08c048b1179156be822cd75118ba14cd5a6,clustering,0.5,0,6,0.5,0,4,100,1729,256,100.0,5,251,0.01953125,1.0,436a0f1bdc8861facc8207b9537bd5a2be05f477f2d22e159e1cde2e4e580b5b
error-surface,sample-random,2,0,0,180,False,0,0,,,,,,,,2026,passed,,540,256,4,180,76,180,180,0,180,0,180,180,4,0.02213891688734293,0.0014284998178482056,9.017070583067834,9.040637999773026,,7d8916ae78bbfcaa82c1d84a70429580b89707fb646c292531a055db0798ca51,910990bc2dc52a4758d721159c07e08c048b1179156be822cd75118ba14cd5a6,clustering,0.5,0,6,0.5,0,5,100,1729,256,100.0,180,76,0.703125,1.0,436a0f1bdc8861facc8207b9537bd5a2be05f477f2d22e159e1cde2e4e580b5b
error-surface,random,2,2,0,17,False,0,0,,,,,,,,2026,passed,,540,256,4,17,239,17,17,0,17,0,17,17,4,0.020378415938466787,7.137516513466835e-05,0.7516344580799341,0.7720842491835356,,c6ee030cdf198dd354265ec475486f8dd38764efb604fd5d639a13f8952fffe9,910990bc2dc52a4758d721159c07e08c048b1179156be822cd75118ba14cd5a6,clustering,0.5,0,6,0.5,0,6,100,1729,256,100.0,17,239,0.06640625,1.0,436a0f1bdc8861facc8207b9537bd5a2be05f477f2d22e159e1cde2e4e580b5b
error-surface,topology,2,0,2,17,False,0,0,,,,,,,,2026,passed,,540,256,4,17,239,17,17,0,17,0,17,17,4,0.02356833405792713,0.014398790895938873,0.8198242080397904,0.8577913329936564,,62476f5214f9b3c5b7779745df12dc063eef192da58154ebc8194e2bd7724368,910990bc2dc52a4758d721159c07e08c048b1179156be822cd75118ba14cd5a6,clustering,0.5,0,6,0.5,0,7,100,1729,256,100.0,17,239,0.06640625,1.0,436a0f1bdc8861facc8207b9537bd5a2be05f477f2d22e159e1cde2e4e580b5b
error-surface,filter-aggressive,2,0,2,17,True,0,0,16,16,1,0,unmatched,chart complexity or topology is outside the measured calibration profiles,65b65fc46bcb4af6ae69145bdd32606e6e48270ff4564783c6c95ac61043d36b,2027,passed,,540,256,4,17,239,17,17,0,17,0,0,0,4,0.024764916859567165,0.07584795821458101,0.7893594577908516,0.8899723328649998,,4075187e77d52620f897d22251e4051809d33bd53fa72c0aaa5577fba153d5b8,910990bc2dc52a4758d721159c07e08c048b1179156be822cd75118ba14cd5a6,clustering,0.5,0,6,0.5,1,0,0,1730,0,0.0,0,0,,,3071c65715248c1529ce16d06ddf97a5cb809bd550b491bbc55ae00d3e58c7bd
error-surface,random,2,2,0,17,False,0,0,,,,,,,,2027,passed,,540,256,4,17,239,17,17,0,17,0,0,0,4,0.023165374994277954,7.304223254323006e-05,0.8142794161103666,0.8375178333371878,,789d170927e05623c4ed33f0a213d666a4144a9217608879abbe25d17b39b9d0,910990bc2dc52a4758d721159c07e08c048b1179156be822cd75118ba14cd5a6,clustering,0.5,0,6,0.5,1,1,0,1730,0,0.0,0,0,,,3071c65715248c1529ce16d06ddf97a5cb809bd550b491bbc55ae00d3e58c7bd
error-surface,combined,2,2,2,5,False,0,0,,,,,,,,2027,passed,,540,256,4,5,251,5,5,0,5,0,0,0,4,0.023641166277229786,0.013987333979457617,0.23045316617935896,0.26808166643604636,,34513e7c9240c76043c0eb6b5f6561a131304309470f1b473b9c1eef1185a6b1,910990bc2dc52a4758d721159c07e08c048b1179156be822cd75118ba14cd5a6,clustering,0.5,0,6,0.5,1,2,0,1730,0,0.0,0,0,,,3071c65715248c1529ce16d06ddf97a5cb809bd550b491bbc55ae00d3e58c7bd
error-surface,sample-random,2,0,0,180,False,0,0,,,,,,,,2027,passed,,540,256,4,180,76,180,180,0,180,0,0,0,4,0.023804709315299988,0.0013063750229775906,8.367563042324036,8.392674126662314,,e11992f18c369144224551226889664b01423d6962914b83e402a9980184bfdf,910990bc2dc52a4758d721159c07e08c048b1179156be822cd75118ba14cd5a6,clustering,0.5,0,6,0.5,1,3,0,1730,0,0.0,0,0,,,3071c65715248c1529ce16d06ddf97a5cb809bd550b491bbc55ae00d3e58c7bd
error-surface,exact-equivalence,2,0,0,256,False,0,0,,,,,,,,2027,passed,,540,256,4,256,0,256,256,0,4,252,0,0,4,0.025503917131572962,0.004491332918405533,0.6946135843172669,0.7246088343672454,,5687df5fd03529fc039c76db2b86101df7014922d1983f9c9b2266f86750f4d3,910990bc2dc52a4758d721159c07e08c048b1179156be822cd75118ba14cd5a6,clustering,0.5,0,6,0.5,1,4,0,1730,0,0.0,0,0,,,3071c65715248c1529ce16d06ddf97a5cb809bd550b491bbc55ae00d3e58c7bd
error-surface,topology,2,0,2,17,False,0,0,,,,,,,,2027,passed,,540,256,4,17,239,17,17,0,17,0,0,0,4,0.022390957921743393,0.015850957948714495,0.7867834172211587,0.8250253330916166,,0f7406e586922e147a427ce77d17db1ab4f183597cd62813e961f18a2bde1beb,910990bc2dc52a4758d721159c07e08c048b1179156be822cd75118ba14cd5a6,clustering,0.5,0,6,0.5,1,5,0,1730,0,0.0,0,0,,,3071c65715248c1529ce16d06ddf97a5cb809bd550b491bbc55ae00d3e58c7bd
error-surface,default,2,0,0,256,False,0,0,,,,,,,,2027,passed,,540,256,4,256,0,256,256,0,256,0,0,0,4,0.022128833923488855,2.459157258272171e-06,12.330989165697247,12.353120458777994,,5687df5fd03529fc039c76db2b86101df7014922d1983f9c9b2266f86750f4d3,910990bc2dc52a4758d721159c07e08c048b1179156be822cd75118ba14cd5a6,clustering,0.5,0,6,0.5,1,6,0,1730,0,0.0,0,0,,,3071c65715248c1529ce16d06ddf97a5cb809bd550b491bbc55ae00d3e58c7bd
error-surface,filter,2,0,2,17,True,0,0,16,16,128,,,,,2027,passed,,540,256,4,17,239,17,17,0,17,0,0,0,4,0.024953708983957767,0.05114729097113013,0.8249531253241003,0.9010541252791882,,4075187e77d52620f897d22251e4051809d33bd53fa72c0aaa5577fba153d5b8,910990bc2dc52a4758d721159c07e08c048b1179156be822cd75118ba14cd5a6,clustering,0.5,0,6,0.5,1,7,0,1730,0,0.0,0,0,,,3071c65715248c1529ce16d06ddf97a5cb809bd550b491bbc55ae00d3e58c7bd
error-surface,default,2,0,0,256,False,0,0,,,,,,,,2027,passed,,540,256,4,256,0,256,256,0,256,0,2,2,4,0.024358250200748444,3.125052899122238e-06,12.210717250127345,12.235078625380993,,5687df5fd03529fc039c76db2b86101df7014922d1983f9c9b2266f86750f4d3,910990bc2dc52a4758d721159c07e08c048b1179156be822cd75118ba14cd5a6,clustering,0.5,0,6,0.5,1,0,1,1730,2,0.78125,2,0,1.0,0.125,08616204002d549ad008e9d983fc4934c04fd44a3391a59064d64a4cbdea85d7
error-surface,sample-random,2,0,0,180,False,0,0,,,,,,,,2027,passed,,540,256,4,180,76,180,180,0,180,0,2,2,4,0.02138020796701312,0.0015034172683954239,8.727160041220486,8.750043666455895,,e11992f18c369144224551226889664b01423d6962914b83e402a9980184bfdf,910990bc2dc52a4758d721159c07e08c048b1179156be822cd75118ba14cd5a6,clustering,0.5,0,6,0.5,1,1,1,1730,2,0.78125,2,0,1.0,0.125,08616204002d549ad008e9d983fc4934c04fd44a3391a59064d64a4cbdea85d7
error-surface,filter,2,0,2,17,True,0,0,16,16,128,,,,,2027,passed,,540,256,4,17,239,17,17,0,17,0,0,0,4,0.03099250001832843,0.0485084168612957,0.8085026671178639,0.888003583997488,,4075187e77d52620f897d22251e4051809d33bd53fa72c0aaa5577fba153d5b8,910990bc2dc52a4758d721159c07e08c048b1179156be822cd75118ba14cd5a6,clustering,0.5,0,6,0.5,1,2,1,1730,2,0.78125,0,2,0.0,0.125,08616204002d549ad008e9d983fc4934c04fd44a3391a59064d64a4cbdea85d7
error-surface,filter-aggressive,2,0,2,17,True,0,0,16,16,1,0,unmatched,chart complexity or topology is outside the measured calibration profiles,65b65fc46bcb4af6ae69145bdd32606e6e48270ff4564783c6c95ac61043d36b,2027,passed,,540,256,4,17,239,17,17,0,17,0,0,0,4,0.024696167092770338,0.07023045793175697,0.8376259156502783,0.9325525406748056,,4075187e77d52620f897d22251e4051809d33bd53fa72c0aaa5577fba153d5b8,910990bc2dc52a4758d721159c07e08c048b1179156be822cd75118ba14cd5a6,clustering,0.5,0,6,0.5,1,3,1,1730,2,0.78125,0,2,0.0,0.125,08616204002d549ad008e9d983fc4934c04fd44a3391a59064d64a4cbdea85d7
error-surface,exact-equivalence,2,0,0,256,False,0,0,,,,,,,,2027,passed,,540,256,4,256,0,256,256,0,4,252,2,0,4,0.02178095793351531,0.0054378327913582325,0.6793644167482853,0.7065832074731588,,5687df5fd03529fc039c76db2b86101df7014922d1983f9c9b2266f86750f4d3,910990bc2dc52a4758d721159c07e08c048b1179156be822cd75118ba14cd5a6,clustering,0.5,0,6,0.5,1,4,1,1730,2,0.78125,2,0,1.0,0.125,08616204002d549ad008e9d983fc4934c04fd44a3391a59064d64a4cbdea85d7
error-surface,topology,2,0,2,17,False,0,0,,,,,,,,2027,passed,,540,256,4,17,239,17,17,0,17,0,0,0,4,0.022359457798302174,0.016328458208590746,0.9197819582186639,0.9584698742255569,,0f7406e586922e147a427ce77d17db1ab4f183597cd62813e961f18a2bde1beb,910990bc2dc52a4758d721159c07e08c048b1179156be822cd75118ba14cd5a6,clustering,0.5,0,6,0.5,1,5,1,1730,2,0.78125,0,2,0.0,0.125,08616204002d549ad008e9d983fc4934c04fd44a3391a59064d64a4cbdea85d7
error-surface,random,2,2,0,17,False,0,0,,,,,,,,2027,passed,,540,256,4,17,239,17,17,0,17,0,0,0,4,0.02747349999845028,8.449982851743698e-05,0.8295207917690277,0.8570787915959954,,789d170927e05623c4ed33f0a213d666a4144a9217608879abbe25d17b39b9d0,910990bc2dc52a4758d721159c07e08c048b1179156be822cd75118ba14cd5a6,clustering,0.5,0,6,0.5,1,6,1,1730,2,0.78125,0,2,0.0,0.125,08616204002d549ad008e9d983fc4934c04fd44a3391a59064d64a4cbdea85d7
error-surface,combined,2,2,2,5,False,0,0,,,,,,,,2027,passed,,540,256,4,5,251,5,5,0,5,0,0,0,4,0.022768374998122454,0.01631533307954669,0.24243283411487937,0.2815165421925485,,34513e7c9240c76043c0eb6b5f6561a131304309470f1b473b9c1eef1185a6b1,910990bc2dc52a4758d721159c07e08c048b1179156be822cd75118ba14cd5a6,clustering,0.5,0,6,0.5,1,7,1,1730,2,0.78125,0,2,0.0,0.125,08616204002d549ad008e9d983fc4934c04fd44a3391a59064d64a4cbdea85d7
error-surface,sample-random,2,0,0,180,False,0,0,,,,,,,,2027,passed,,540,256,4,180,76,180,180,0,180,0,8,8,4,0.021277624648064375,0.0015153340063989162,8.848424207884818,8.871217166539282,,e11992f18c369144224551226889664b01423d6962914b83e402a9980184bfdf,910990bc2dc52a4758d721159c07e08c048b1179156be822cd75118ba14cd5a6,clustering,0.5,0,6,0.5,1,0,5,1730,12,4.6875,8,4,0.6666666666666666,0.0625,65145e8bffc3c59db2e16e9bcc7505db81d89d8aba6a4051f193dea00c39ac46
error-surface,topology,2,0,2,17,False,0,0,,,,,,,,2027,passed,,540,256,4,17,239,17,17,0,17,0,1,1,4,0.026477625127881765,0.017976040951907635,0.8282378753647208,0.8726915414445102,,0f7406e586922e147a427ce77d17db1ab4f183597cd62813e961f18a2bde1beb,910990bc2dc52a4758d721159c07e08c048b1179156be822cd75118ba14cd5a6,clustering,0.5,0,6,0.5,1,1,5,1730,12,4.6875,1,11,0.08333333333333333,0.0625,65145e8bffc3c59db2e16e9bcc7505db81d89d8aba6a4051f193dea00c39ac46
error-surface,filter-aggressive,2,0,2,17,True,60,60,16,16,1,0,unmatched,chart complexity or topology is outside the measured calibration profiles,65b65fc46bcb4af6ae69145bdd32606e6e48270ff4564783c6c95ac61043d36b,2027,passed,,540,256,4,77,179,77,77,0,77,0,1,1,4,0.02522379206493497,0.08251308323815465,3.774284082930535,3.8820209582336247,,11c88313d89fe5b41d54fc0b3ed681c2abf61621a16a25f73c554a78e6d25ee6,910990bc2dc52a4758d721159c07e08c048b1179156be822cd75118ba14cd5a6,clustering,0.5,0,6,0.5,1,2,5,1730,12,4.6875,1,11,0.08333333333333333,0.0625,65145e8bffc3c59db2e16e9bcc7505db81d89d8aba6a4051f193dea00c39ac46
error-surface,combined,2,2,2,5,False,0,0,,,,,,,,2027,passed,,540,256,4,5,251,5,5,0,5,0,0,0,4,0.024031166918575764,0.01563112484291196,0.23670908389613032,0.27637137565761805,,34513e7c9240c76043c0eb6b5f6561a131304309470f1b473b9c1eef1185a6b1,910990bc2dc52a4758d721159c07e08c048b1179156be822cd75118ba14cd5a6,clustering,0.5,0,6,0.5,1,3,5,1730,12,4.6875,0,12,0.0,0.0625,65145e8bffc3c59db2e16e9bcc7505db81d89d8aba6a4051f193dea00c39ac46
error-surface,random,2,2,0,17,False,0,0,,,,,,,,2027,passed,,540,256,4,17,239,17,17,0,17,0,0,0,4,0.02612508274614811,0.00013966625556349754,0.8208557916805148,0.8471205406822264,,789d170927e05623c4ed33f0a213d666a4144a9217608879abbe25d17b39b9d0,910990bc2dc52a4758d721159c07e08c048b1179156be822cd75118ba14cd5a6,clustering,0.5,0,6,0.5,1,4,5,1730,12,4.6875,0,12,0.0,0.0625,65145e8bffc3c59db2e16e9bcc7505db81d89d8aba6a4051f193dea00c39ac46
error-surface,filter,2,0,2,17,True,60,60,16,16,128,,,,,2027,passed,,540,256,4,77,179,77,77,0,77,0,1,1,4,0.02516433270648122,0.05016345903277397,3.670629166997969,3.7459569587372243,,11c88313d89fe5b41d54fc0b3ed681c2abf61621a16a25f73c554a78e6d25ee6,910990bc2dc52a4758d721159c07e08c048b1179156be822cd75118ba14cd5a6,clustering,0.5,0,6,0.5,1,5,5,1730,12,4.6875,1,11,0.08333333333333333,0.0625,65145e8bffc3c59db2e16e9bcc7505db81d89d8aba6a4051f193dea00c39ac46
error-surface,exact-equivalence,2,0,0,256,False,0,0,,,,,,,,2027,passed,,540,256,4,256,0,256,256,0,4,252,12,0,4,0.02559645799919963,0.004632292315363884,0.6631166669540107,0.6933454172685742,,5687df5fd03529fc039c76db2b86101df7014922d1983f9c9b2266f86750f4d3,910990bc2dc52a4758d721159c07e08c048b1179156be822cd75118ba14cd5a6,clustering,0.5,0,6,0.5,1,6,5,1730,12,4.6875,12,0,1.0,0.0625,65145e8bffc3c59db2e16e9bcc7505db81d89d8aba6a4051f193dea00c39ac46
error-surface,default,2,0,0,256,False,0,0,,,,,,,,2027,passed,,540,256,4,256,0,256,256,0,256,0,12,12,4,0.02428670832887292,2.624932676553726e-06,12.632093542255461,12.65638287551701,,5687df5fd03529fc039c76db2b86101df7014922d1983f9c9b2266f86750f4d3,910990bc2dc52a4758d721159c07e08c048b1179156be822cd75118ba14cd5a6,clustering,0.5,0,6,0.5,1,7,5,1730,12,4.6875,12,0,1.0,0.0625,65145e8bffc3c59db2e16e9bcc7505db81d89d8aba6a4051f193dea00c39ac46
error-surface,sample-random,2,0,0,180,False,0,0,,,,,,,,2027,passed,,540,256,4,180,76,180,180,0,180,0,15,15,4,0.02670774981379509,0.0014835842885077,8.918528916779906,8.946720250882208,,e11992f18c369144224551226889664b01423d6962914b83e402a9980184bfdf,910990bc2dc52a4758d721159c07e08c048b1179156be822cd75118ba14cd5a6,clustering,0.5,0,6,0.5,1,0,10,1730,25,9.765625,15,10,0.6,0.16,ea930957f7bd2ffdc9037fb7ed92e5ea833d69910cc148532048b6cd78e9220d
error-surface,random,2,2,0,17,False,0,0,,,,,,,,2027,passed,,540,256,4,17,239,17,17,0,17,0,0,0,4,0.030060500372201204,0.00014800019562244415,0.8352607497945428,0.8654692503623664,,789d170927e05623c4ed33f0a213d666a4144a9217608879abbe25d17b39b9d0,910990bc2dc52a4758d721159c07e08c048b1179156be822cd75118ba14cd5a6,clustering,0.5,0,6,0.5,1,1,10,1730,25,9.765625,0,25,0.0,0.16,ea930957f7bd2ffdc9037fb7ed92e5ea833d69910cc148532048b6cd78e9220d
error-surface,exact-equivalence,2,0,0,256,False,0,0,,,,,,,,2027,passed,,540,256,4,256,0,256,256,0,4,252,25,0,4,0.025292083155363798,0.004944500047713518,0.728947666939348,0.7591842501424253,,5687df5fd03529fc039c76db2b86101df7014922d1983f9c9b2266f86750f4d3,910990bc2dc52a4758d721159c07e08c048b1179156be822cd75118ba14cd5a6,clustering,0.5,0,6,0.5,1,2,10,1730,25,9.765625,25,0,1.0,0.16,ea930957f7bd2ffdc9037fb7ed92e5ea833d69910cc148532048b6cd78e9220d
error-surface,topology,2,0,2,17,False,0,0,,,,,,,,2027,passed,,540,256,4,17,239,17,17,0,17,0,2,2,4,0.021437708288431168,0.05659512523561716,0.8145313332788646,0.892564166802913,,0f7406e586922e147a427ce77d17db1ab4f183597cd62813e961f18a2bde1beb,910990bc2dc52a4758d721159c07e08c048b1179156be822cd75118ba14cd5a6,clustering,0.5,0,6,0.5,1,3,10,1730,25,9.765625,2,23,0.08,0.16,ea930957f7bd2ffdc9037fb7ed92e5ea833d69910cc148532048b6cd78e9220d
error-surface,default,2,0,0,256,False,0,0,,,,,,,,2027,passed,,540,256,4,256,0,256,256,0,256,0,25,25,4,0.025118333753198385,2.9578804969787598e-06,12.669825375080109,12.694946666713804,,5687df5fd03529fc039c76db2b86101df7014922d1983f9c9b2266f86750f4d3,910990bc2dc52a4758d721159c07e08c048b1179156be822cd75118ba14cd5a6,clustering,0.5,0,6,0.5,1,4,10,1730,25,9.765625,25,0,1.0,0.16,ea930957f7bd2ffdc9037fb7ed92e5ea833d69910cc148532048b6cd78e9220d
error-surface,filter-aggressive,2,0,2,17,True,119,119,16,16,1,0,unmatched,chart complexity or topology is outside the measured calibration profiles,65b65fc46bcb4af6ae69145bdd32606e6e48270ff4564783c6c95ac61043d36b,2027,passed,,540,256,4,136,120,136,136,0,136,0,13,13,4,0.027843291871249676,0.07607729127630591,6.985181707888842,7.089102291036397,,bf81fe955c707539a8833038a3653dfafe1011a196fb896643853098823e8d2a,910990bc2dc52a4758d721159c07e08c048b1179156be822cd75118ba14cd5a6,clustering,0.5,0,6,0.5,1,5,10,1730,25,9.765625,13,12,0.52,0.16,ea930957f7bd2ffdc9037fb7ed92e5ea833d69910cc148532048b6cd78e9220d
error-surface,filter,2,0,2,17,True,119,119,16,16,128,,,,,2027,passed,,540,256,4,136,120,136,136,0,136,0,13,13,4,0.026401084382086992,0.056006459053605795,6.827409124933183,6.909816668368876,,bf81fe955c707539a8833038a3653dfafe1011a196fb896643853098823e8d2a,910990bc2dc52a4758d721159c07e08c048b1179156be822cd75118ba14cd5a6,clustering,0.5,0,6,0.5,1,6,10,1730,25,9.765625,13,12,0.52,0.16,ea930957f7bd2ffdc9037fb7ed92e5ea833d69910cc148532048b6cd78e9220d
error-surface,combined,2,2,2,5,False,0,0,,,,,,,,2027,passed,,540,256,4,5,251,5,5,0,5,0,0,0,4,0.02547112526372075,0.01784075004979968,0.2624529581516981,0.30576483346521854,,34513e7c9240c76043c0eb6b5f6561a131304309470f1b473b9c1eef1185a6b1,910990bc2dc52a4758d721159c07e08c048b1179156be822cd75118ba14cd5a6,clustering,0.5,0,6,0.5,1,7,10,1730,25,9.765625,0,25,0.0,0.16,ea930957f7bd2ffdc9037fb7ed92e5ea833d69910cc148532048b6cd78e9220d
error-surface,default,2,0,0,256,False,0,0,,,,,,,,2027,passed,,540,256,4,256,0,256,256,0,256,0,64,64,4,0.04677941603586078,4.58303838968277e-06,12.997775791212916,13.044559790287167,,5687df5fd03529fc039c76db2b86101df7014922d1983f9c9b2266f86750f4d3,910990bc2dc52a4758d721159c07e08c048b1179156be822cd75118ba14cd5a6,clustering,0.5,0,6,0.5,1,0,25,1730,64,25.0,64,0,1.0,0.34765625,0d54f83db1cb05be50419e89adddd3d1a5a5c4776f2a99d9764c29487005f67a
error-surface,topology,2,0,2,17,False,0,0,,,,,,,,2027,passed,,540,256,4,17,239,17,17,0,17,0,4,4,4,0.0269017918035388,0.015147542115300894,0.8849010830745101,0.9269504169933498,,0f7406e586922e147a427ce77d17db1ab4f183597cd62813e961f18a2bde1beb,910990bc2dc52a4758d721159c07e08c048b1179156be822cd75118ba14cd5a6,clustering,0.5,0,6,0.5,1,1,25,1730,64,25.0,4,60,0.0625,0.34765625,0d54f83db1cb05be50419e89adddd3d1a5a5c4776f2a99d9764c29487005f67a
error-surface,filter,2,0,2,17,True,239,239,16,16,128,,,,,2027,passed,,540,256,4,256,0,256,256,0,256,0,64,64,4,0.024457916617393494,0.05297333421185613,13.175675707869232,13.253106958698481,,fd0200898e362214145cd03ebd03f45d390d744ba86fd213208db77d680c436e,910990bc2dc52a4758d721159c07e08c048b1179156be822cd75118ba14cd5a6,clustering,0.5,0,6,0.5,1,2,25,1730,64,25.0,64,0,1.0,0.34765625,0d54f83db1cb05be50419e89adddd3d1a5a5c4776f2a99d9764c29487005f67a
error-surface,filter-aggressive,2,0,2,17,True,239,239,16,16,1,0,unmatched,chart complexity or topology is outside the measured calibration profiles,65b65fc46bcb4af6ae69145bdd32606e6e48270ff4564783c6c95ac61043d36b,2027,passed,,540,256,4,256,0,256,256,0,256,0,64,64,4,0.027005457784980536,0.08123224973678589,13.172987916972488,13.281225624494255,,fd0200898e362214145cd03ebd03f45d390d744ba86fd213208db77d680c436e,910990bc2dc52a4758d721159c07e08c048b1179156be822cd75118ba14cd5a6,clustering,0.5,0,6,0.5,1,3,25,1730,64,25.0,64,0,1.0,0.34765625,0d54f83db1cb05be50419e89adddd3d1a5a5c4776f2a99d9764c29487005f67a
error-surface,sample-random,2,0,0,180,False,0,0,,,,,,,,2027,passed,,540,256,4,180,76,180,180,0,180,0,42,42,4,0.026011167094111443,0.0014507495798170567,9.05349020799622,9.080952124670148,,e11992f18c369144224551226889664b01423d6962914b83e402a9980184bfdf,910990bc2dc52a4758d721159c07e08c048b1179156be822cd75118ba14cd5a6,clustering,0.5,0,6,0.5,1,4,25,1730,64,25.0,42,22,0.65625,0.34765625,0d54f83db1cb05be50419e89adddd3d1a5a5c4776f2a99d9764c29487005f67a
error-surface,combined,2,2,2,5,False,0,0,,,,,,,,2027,passed,,540,256,4,5,251,5,5,0,5,0,1,1,4,0.026181542314589024,0.017519999761134386,0.2535056248307228,0.2972071669064462,,34513e7c9240c76043c0eb6b5f6561a131304309470f1b473b9c1eef1185a6b1,910990bc2dc52a4758d721159c07e08c048b1179156be822cd75118ba14cd5a6,clustering,0.5,0,6,0.5,1,5,25,1730,64,25.0,1,63,0.015625,0.34765625,0d54f83db1cb05be50419e89adddd3d1a5a5c4776f2a99d9764c29487005f67a
error-surface,exact-equivalence,2,0,0,256,False,0,0,,,,,,,,2027,passed,,540,256,4,256,0,256,256,0,4,252,64,0,4,0.022986208088696003,0.004991583060473204,0.7211499591358006,0.7491277502849698,,5687df5fd03529fc039c76db2b86101df7014922d1983f9c9b2266f86750f4d3,910990bc2dc52a4758d721159c07e08c048b1179156be822cd75118ba14cd5a6,clustering,0.5,0,6,0.5,1,6,25,1730,64,25.0,64,0,1.0,0.34765625,0d54f83db1cb05be50419e89adddd3d1a5a5c4776f2a99d9764c29487005f67a
error-surface,random,2,2,0,17,False,0,0,,,,,,,,2027,passed,,540,256,4,17,239,17,17,0,17,0,3,3,4,0.024218167178332806,8.78339633345604e-05,0.8756202501244843,0.8999262512661517,,789d170927e05623c4ed33f0a213d666a4144a9217608879abbe25d17b39b9d0,910990bc2dc52a4758d721159c07e08c048b1179156be822cd75118ba14cd5a6,clustering,0.5,0,6,0.5,1,7,25,1730,64,25.0,3,61,0.046875,0.34765625,0d54f83db1cb05be50419e89adddd3d1a5a5c4776f2a99d9764c29487005f67a
error-surface,filter,2,0,2,17,True,239,239,16,16,128,,,,,2027,passed,,540,256,4,256,0,256,256,0,256,0,128,128,4,0.030167959164828062,0.16211179178208113,13.49042929103598,13.68270904198289,,72e95e770b2569d268104ae15fbbf311f607749cfbf6b8161c8b37f4d68ea25f,910990bc2dc52a4758d721159c07e08c048b1179156be822cd75118ba14cd5a6,clustering,0.5,0,6,0.5,1,0,50,1730,128,50.0,128,0,1.0,0.552734375,e5f8e9ab93ec8eda87d795c24bc9975c320c130735dbc9b3a117fbb97c4c14d8
error-surface,default,2,0,0,256,False,0,0,,,,,,,,2027,passed,,540,256,4,256,0,256,256,0,256,0,128,128,4,0.02607608400285244,2.500135451555252e-06,13.134825416840613,13.160904000978917,,5687df5fd03529fc039c76db2b86101df7014922d1983f9c9b2266f86750f4d3,910990bc2dc52a4758d721159c07e08c048b1179156be822cd75118ba14cd5a6,clustering,0.5,0,6,0.5,1,1,50,1730,128,50.0,128,0,1.0,0.552734375,e5f8e9ab93ec8eda87d795c24bc9975c320c130735dbc9b3a117fbb97c4c14d8
error-surface,combined,2,2,2,5,False,0,0,,,,,,,,2027,passed,,540,256,4,5,251,5,5,0,5,0,2,2,4,0.025768167339265347,0.017240457702428102,0.2459668326191604,0.28897545766085386,,34513e7c9240c76043c0eb6b5f6561a131304309470f1b473b9c1eef1185a6b1,910990bc2dc52a4758d721159c07e08c048b1179156be822cd75118ba14cd5a6,clustering,0.5,0,6,0.5,1,2,50,1730,128,50.0,2,126,0.015625,0.552734375,e5f8e9ab93ec8eda87d795c24bc9975c320c130735dbc9b3a117fbb97c4c14d8
error-surface,filter-aggressive,2,0,2,17,True,239,239,16,16,1,0,unmatched,chart complexity or topology is outside the measured calibration profiles,65b65fc46bcb4af6ae69145bdd32606e6e48270ff4564783c6c95ac61043d36b,2027,passed,,540,256,4,256,0,256,256,0,256,0,128,128,4,0.02448716713115573,0.07874520914629102,13.353212458081543,13.45644483435899,,72e95e770b2569d268104ae15fbbf311f607749cfbf6b8161c8b37f4d68ea25f,910990bc2dc52a4758d721159c07e08c048b1179156be822cd75118ba14cd5a6,clustering,0.5,0,6,0.5,1,3,50,1730,128,50.0,128,0,1.0,0.552734375,e5f8e9ab93ec8eda87d795c24bc9975c320c130735dbc9b3a117fbb97c4c14d8
error-surface,sample-random,2,0,0,180,False,0,0,,,,,,,,2027,passed,,540,256,4,180,76,180,180,0,180,0,88,88,4,0.03848808305338025,0.0025134156458079815,9.237734958063811,9.278736456763,,e11992f18c369144224551226889664b01423d6962914b83e402a9980184bfdf,910990bc2dc52a4758d721159c07e08c048b1179156be822cd75118ba14cd5a6,clustering,0.5,0,6,0.5,1,4,50,1730,128,50.0,88,40,0.6875,0.552734375,e5f8e9ab93ec8eda87d795c24bc9975c320c130735dbc9b3a117fbb97c4c14d8
error-surface,random,2,2,0,17,False,0,0,,,,,,,,2027,passed,,540,256,4,17,239,17,17,0,17,0,5,5,4,0.024741999804973602,8.937530219554901e-05,0.8794989171437919,0.9043302922509611,,789d170927e05623c4ed33f0a213d666a4144a9217608879abbe25d17b39b9d0,910990bc2dc52a4758d721159c07e08c048b1179156be822cd75118ba14cd5a6,clustering,0.5,0,6,0.5,1,5,50,1730,128,50.0,5,123,0.0390625,0.552734375,e5f8e9ab93ec8eda87d795c24bc9975c320c130735dbc9b3a117fbb97c4c14d8
error-surface,topology,2,0,2,17,False,0,0,,,,,,,,2027,passed,,540,256,4,17,239,17,17,0,17,0,8,8,4,0.023943125270307064,0.018148624803870916,0.8470407910645008,0.8891325411386788,,0f7406e586922e147a427ce77d17db1ab4f183597cd62813e961f18a2bde1beb,910990bc2dc52a4758d721159c07e08c048b1179156be822cd75118ba14cd5a6,clustering,0.5,0,6,0.5,1,6,50,1730,128,50.0,8,120,0.0625,0.552734375,e5f8e9ab93ec8eda87d795c24bc9975c320c130735dbc9b3a117fbb97c4c14d8
error-surface,exact-equivalence,2,0,0,256,False,0,0,,,,,,,,2027,passed,,540,256,4,256,0,256,256,0,4,252,128,0,4,0.026247082743793726,0.004761332646012306,0.76252599991858,0.7935344153083861,,5687df5fd03529fc039c76db2b86101df7014922d1983f9c9b2266f86750f4d3,910990bc2dc52a4758d721159c07e08c048b1179156be822cd75118ba14cd5a6,clustering,0.5,0,6,0.5,1,7,50,1730,128,50.0,128,0,1.0,0.552734375,e5f8e9ab93ec8eda87d795c24bc9975c320c130735dbc9b3a117fbb97c4c14d8
error-surface,combined,2,2,2,5,False,0,0,,,,,,,,2027,passed,,540,256,4,5,251,5,5,0,5,0,5,5,4,0.024276417214423418,0.017457999754697084,0.2778122080489993,0.3195466250181198,,34513e7c9240c76043c0eb6b5f6561a131304309470f1b473b9c1eef1185a6b1,910990bc2dc52a4758d721159c07e08c048b1179156be822cd75118ba14cd5a6,clustering,0.5,0,6,0.5,1,0,75,1730,192,75.0,5,187,0.026041666666666668,0.7877604166666666,6a6df639a527c1e1a5d8e6fa9857bcd24a527b7fd688e24e2bc322b14248ae51
error-surface,filter-aggressive,2,0,2,17,True,239,239,16,16,1,0,unmatched,chart complexity or topology is outside the measured calibration profiles,65b65fc46bcb4af6ae69145bdd32606e6e48270ff4564783c6c95ac61043d36b,2027,passed,,540,256,4,256,0,256,256,0,256,0,192,192,4,0.027101374696940184,0.08432079199701548,13.54884187458083,13.660264041274786,,bb24e9d67d46aaab822156dff787c19325adc2a06a01c2fdcdc3272cdbff1d3a,910990bc2dc52a4758d721159c07e08c048b1179156be822cd75118ba14cd5a6,clustering,0.5,0,6,0.5,1,1,75,1730,192,75.0,192,0,1.0,0.7877604166666666,6a6df639a527c1e1a5d8e6fa9857bcd24a527b7fd688e24e2bc322b14248ae51
error-surface,topology,2,0,2,17,False,0,0,,,,,,,,2027,passed,,540,256,4,17,239,17,17,0,17,0,14,14,4,0.028551707975566387,0.017717291601002216,0.8918232498690486,0.9380922494456172,,0f7406e586922e147a427ce77d17db1ab4f183597cd62813e961f18a2bde1beb,910990bc2dc52a4758d721159c07e08c048b1179156be822cd75118ba14cd5a6,clustering,0.5,0,6,0.5,1,2,75,1730,192,75.0,14,178,0.07291666666666667,0.7877604166666666,6a6df639a527c1e1a5d8e6fa9857bcd24a527b7fd688e24e2bc322b14248ae51
error-surface,exact-equivalence,2,0,0,256,False,0,0,,,,,,,,2027,passed,,540,256,4,256,0,256,256,0,4,252,192,2,4,0.03171725012362003,0.0059912498109042645,0.7335380408912897,0.771246540825814,,5687df5fd03529fc039c76db2b86101df7014922d1983f9c9b2266f86750f4d3,910990bc2dc52a4758d721159c07e08c048b1179156be822cd75118ba14cd5a6,clustering,0.5,0,6,0.5,1,3,75,1730,192,75.0,192,0,1.0,0.7877604166666666,6a6df639a527c1e1a5d8e6fa9857bcd24a527b7fd688e24e2bc322b14248ae51
error-surface,random,2,2,0,17,False,0,0,,,,,,,,2027,passed,,540,256,4,17,239,17,17,0,17,0,10,10,4,0.023997167125344276,8.199969306588173e-05,0.9492079582996666,0.9732871251180768,,789d170927e05623c4ed33f0a213d666a4144a9217608879abbe25d17b39b9d0,910990bc2dc52a4758d721159c07e08c048b1179156be822cd75118ba14cd5a6,clustering,0.5,0,6,0.5,1,4,75,1730,192,75.0,10,182,0.052083333333333336,0.7877604166666666,6a6df639a527c1e1a5d8e6fa9857bcd24a527b7fd688e24e2bc322b14248ae51
error-surface,sample-random,2,0,0,180,False,0,0,,,,,,,,2027,passed,,540,256,4,180,76,180,180,0,180,0,133,133,4,0.026982583105564117,0.0016669579781591892,9.609317542053759,9.637967083137482,,e11992f18c369144224551226889664b01423d6962914b83e402a9980184bfdf,910990bc2dc52a4758d721159c07e08c048b1179156be822cd75118ba14cd5a6,clustering,0.5,0,6,0.5,1,5,75,1730,192,75.0,133,59,0.6927083333333334,0.7877604166666666,6a6df639a527c1e1a5d8e6fa9857bcd24a527b7fd688e24e2bc322b14248ae51
error-surface,filter,2,0,2,17,True,239,239,16,16,128,,,,,2027,passed,,540,256,4,256,0,256,256,0,256,0,192,192,4,0.026927707716822624,0.057105624582618475,13.768332249950618,13.852365582250059,,bb24e9d67d46aaab822156dff787c19325adc2a06a01c2fdcdc3272cdbff1d3a,910990bc2dc52a4758d721159c07e08c048b1179156be822cd75118ba14cd5a6,clustering,0.5,0,6,0.5,1,6,75,1730,192,75.0,192,0,1.0,0.7877604166666666,6a6df639a527c1e1a5d8e6fa9857bcd24a527b7fd688e24e2bc322b14248ae51
error-surface,default,2,0,0,256,False,0,0,,,,,,,,2027,passed,,540,256,4,256,0,256,256,0,256,0,192,192,4,0.02695708302780986,2.750195562839508e-06,13.615283458959311,13.642243292182684,,5687df5fd03529fc039c76db2b86101df7014922d1983f9c9b2266f86750f4d3,910990bc2dc52a4758d721159c07e08c048b1179156be822cd75118ba14cd5a6,clustering,0.5,0,6,0.5,1,7,75,1730,192,75.0,192,0,1.0,0.7877604166666666,6a6df639a527c1e1a5d8e6fa9857bcd24a527b7fd688e24e2bc322b14248ae51
error-surface,sample-random,2,0,0,180,False,0,0,,,,,,,,2027,passed,,540,256,4,180,76,180,180,0,180,0,180,180,4,0.025710917077958584,0.0016202079132199287,9.466798209119588,9.494129334110767,,e11992f18c369144224551226889664b01423d6962914b83e402a9980184bfdf,910990bc2dc52a4758d721159c07e08c048b1179156be822cd75118ba14cd5a6,clustering,0.5,0,6,0.5,1,0,100,1730,256,100.0,180,76,0.703125,1.0,436a0f1bdc8861facc8207b9537bd5a2be05f477f2d22e159e1cde2e4e580b5b
error-surface,default,2,0,0,256,False,0,0,,,,,,,,2027,passed,,540,256,4,256,0,256,256,0,256,0,256,256,4,0.02581204194575548,2.6999972760677338e-05,13.757947916164994,13.78378695808351,,5687df5fd03529fc039c76db2b86101df7014922d1983f9c9b2266f86750f4d3,910990bc2dc52a4758d721159c07e08c048b1179156be822cd75118ba14cd5a6,clustering,0.5,0,6,0.5,1,1,100,1730,256,100.0,256,0,1.0,1.0,436a0f1bdc8861facc8207b9537bd5a2be05f477f2d22e159e1cde2e4e580b5b
error-surface,exact-equivalence,2,0,0,256,False,0,0,,,,,,,,2027,passed,,540,256,4,256,0,256,256,0,4,252,256,4,4,0.02441304177045822,0.005445166956633329,0.7770570837892592,0.8069152925163507,,5687df5fd03529fc039c76db2b86101df7014922d1983f9c9b2266f86750f4d3,910990bc2dc52a4758d721159c07e08c048b1179156be822cd75118ba14cd5a6,clustering,0.5,0,6,0.5,1,2,100,1730,256,100.0,256,0,1.0,1.0,436a0f1bdc8861facc8207b9537bd5a2be05f477f2d22e159e1cde2e4e580b5b
error-surface,topology,2,0,2,17,False,0,0,,,,,,,,2027,passed,,540,256,4,17,239,17,17,0,17,0,17,17,4,0.06079575000330806,0.02258937479928136,1.070796875283122,1.1541820000857115,,0f7406e586922e147a427ce77d17db1ab4f183597cd62813e961f18a2bde1beb,910990bc2dc52a4758d721159c07e08c048b1179156be822cd75118ba14cd5a6,clustering,0.5,0,6,0.5,1,3,100,1730,256,100.0,17,239,0.06640625,1.0,436a0f1bdc8861facc8207b9537bd5a2be05f477f2d22e159e1cde2e4e580b5b
error-surface,filter-aggressive,2,0,2,17,True,239,239,16,16,1,0,unmatched,chart complexity or topology is outside the measured calibration profiles,65b65fc46bcb4af6ae69145bdd32606e6e48270ff4564783c6c95ac61043d36b,2027,passed,,540,256,4,256,0,256,256,0,256,0,256,256,4,0.03268058318644762,0.09312362503260374,14.119798417203128,14.24560262542218,,a26a0721e9ce0af47606f78ac02037e12d31caf56ae2c932113efde9f4b2e486,910990bc2dc52a4758d721159c07e08c048b1179156be822cd75118ba14cd5a6,clustering,0.5,0,6,0.5,1,4,100,1730,256,100.0,256,0,1.0,1.0,436a0f1bdc8861facc8207b9537bd5a2be05f477f2d22e159e1cde2e4e580b5b
error-surface,combined,2,2,2,5,False,0,0,,,,,,,,2027,passed,,540,256,4,5,251,5,5,0,5,0,5,5,4,0.04366979096084833,0.019602875225245953,0.30119045870378613,0.3644631248898804,,34513e7c9240c76043c0eb6b5f6561a131304309470f1b473b9c1eef1185a6b1,910990bc2dc52a4758d721159c07e08c048b1179156be822cd75118ba14cd5a6,clustering,0.5,0,6,0.5,1,5,100,1730,256,100.0,5,251,0.01953125,1.0,436a0f1bdc8861facc8207b9537bd5a2be05f477f2d22e159e1cde2e4e580b5b
error-surface,random,2,2,0,17,False,0,0,,,,,,,,2027,passed,,540,256,4,17,239,17,17,0,17,0,17,17,4,0.030234958045184612,9.295810014009476e-05,0.9535916247405112,0.9839195408858359,,789d170927e05623c4ed33f0a213d666a4144a9217608879abbe25d17b39b9d0,910990bc2dc52a4758d721159c07e08c048b1179156be822cd75118ba14cd5a6,clustering,0.5,0,6,0.5,1,6,100,1730,256,100.0,17,239,0.06640625,1.0,436a0f1bdc8861facc8207b9537bd5a2be05f477f2d22e159e1cde2e4e580b5b
error-surface,filter,2,0,2,17,True,239,239,16,16,128,,,,,2027,passed,,540,256,4,256,0,256,256,0,256,0,256,256,4,0.027900999877601862,0.06014887476339936,14.318534624762833,14.406584499403834,,a26a0721e9ce0af47606f78ac02037e12d31caf56ae2c932113efde9f4b2e486,910990bc2dc52a4758d721159c07e08c048b1179156be822cd75118ba14cd5a6,clustering,0.5,0,6,0.5,1,7,100,1730,256,100.0,256,0,1.0,1.0,436a0f1bdc8861facc8207b9537bd5a2be05f477f2d22e159e1cde2e4e580b5b
error-surface,filter,2,0,2,17,True,0,0,16,16,128,,,,,2026,passed,,540,256,4,17,239,17,17,0,17,0,0,0,4,0.028502749744802713,0.0640012500807643,0.9441537922248244,1.0366577920503914,,964ffe68b9f07e2d3e19fcc69d4973a6846ed67fa537d1cd267b98144a7ffaec,910990bc2dc52a4758d721159c07e08c048b1179156be822cd75118ba14cd5a6,clustering,1,0,6,1.0,0,0,0,1729,0,0.0,0,0,,,3071c65715248c1529ce16d06ddf97a5cb809bd550b491bbc55ae00d3e58c7bd
error-surface,sample-random,2,0,0,180,False,0,0,,,,,,,,2026,passed,,540,256,4,180,76,180,180,0,180,0,0,0,4,0.029432000126689672,0.001700208056718111,9.544667750131339,9.575799958314747,,7d8916ae78bbfcaa82c1d84a70429580b89707fb646c292531a055db0798ca51,910990bc2dc52a4758d721159c07e08c048b1179156be822cd75118ba14cd5a6,clustering,1,0,6,1.0,0,1,0,1729,0,0.0,0,0,,,3071c65715248c1529ce16d06ddf97a5cb809bd550b491bbc55ae00d3e58c7bd
error-surface,topology,2,0,2,17,False,0,0,,,,,,,,2026,passed,,540,256,4,17,239,17,17,0,17,0,0,0,4,0.0335502908565104,0.054369958117604256,0.8805724582634866,0.9684927072376013,,62476f5214f9b3c5b7779745df12dc063eef192da58154ebc8194e2bd7724368,910990bc2dc52a4758d721159c07e08c048b1179156be822cd75118ba14cd5a6,clustering,1,0,6,1.0,0,2,0,1729,0,0.0,0,0,,,3071c65715248c1529ce16d06ddf97a5cb809bd550b491bbc55ae00d3e58c7bd
error-surface,random,2,2,0,17,False,0,0,,,,,,,,2026,passed,,540,256,4,17,239,17,17,0,17,0,0,0,4,0.027528333012014627,0.00010220799595117569,0.9015514999628067,0.9291820409707725,,c6ee030cdf198dd354265ec475486f8dd38764efb604fd5d639a13f8952fffe9,910990bc2dc52a4758d721159c07e08c048b1179156be822cd75118ba14cd5a6,clustering,1,0,6,1.0,0,3,0,1729,0,0.0,0,0,,,3071c65715248c1529ce16d06ddf97a5cb809bd550b491bbc55ae00d3e58c7bd
error-surface,exact-equivalence,2,0,0,256,False,0,0,,,,,,,,2026,passed,,540,256,4,256,0,256,256,0,4,252,0,0,4,0.025466166902333498,0.006838917266577482,0.7405387093313038,0.7728437935002148,,f272707a56fa325f3e1ef032830433de622478dd220af2ebc08b2caf97d84630,910990bc2dc52a4758d721159c07e08c048b1179156be822cd75118ba14cd5a6,clustering,1,0,6,1.0,0,4,0,1729,0,0.0,0,0,,,3071c65715248c1529ce16d06ddf97a5cb809bd550b491bbc55ae00d3e58c7bd
error-surface,combined,2,2,2,5,False,0,0,,,,,,,,2026,passed,,540,256,4,5,251,5,5,0,5,0,0,0,4,0.024692332837730646,0.01849920814856887,0.26193004194647074,0.30512158293277025,,e89e08d0e6be2244df9b71e5d4e911c1e60884fe03ae4dc7877686eb4c964b4f,910990bc2dc52a4758d721159c07e08c048b1179156be822cd75118ba14cd5a6,clustering,1,0,6,1.0,0,5,0,1729,0,0.0,0,0,,,3071c65715248c1529ce16d06ddf97a5cb809bd550b491bbc55ae00d3e58c7bd
error-surface,default,2,0,0,256,False,0,0,,,,,,,,2026,passed,,540,256,4,256,0,256,256,0,256,0,0,0,4,0.02441945904865861,2.583954483270645e-06,13.928384791128337,13.95280683413148,,f272707a56fa325f3e1ef032830433de622478dd220af2ebc08b2caf97d84630,910990bc2dc52a4758d721159c07e08c048b1179156be822cd75118ba14cd5a6,clustering,1,0,6,1.0,0,6,0,1729,0,0.0,0,0,,,3071c65715248c1529ce16d06ddf97a5cb809bd550b491bbc55ae00d3e58c7bd
error-surface,filter-aggressive,2,0,2,17,True,0,0,16,16,1,0,unmatched,chart complexity or topology is outside the measured calibration profiles,65b65fc46bcb4af6ae69145bdd32606e6e48270ff4564783c6c95ac61043d36b,2026,passed,,540,256,4,17,239,17,17,0,17,0,0,0,4,0.029576417058706284,0.08870824985206127,0.9510249579325318,1.0693096248432994,,964ffe68b9f07e2d3e19fcc69d4973a6846ed67fa537d1cd267b98144a7ffaec,910990bc2dc52a4758d721159c07e08c048b1179156be822cd75118ba14cd5a6,clustering,1,0,6,1.0,0,7,0,1729,0,0.0,0,0,,,3071c65715248c1529ce16d06ddf97a5cb809bd550b491bbc55ae00d3e58c7bd
error-surface,filter-aggressive,2,0,2,17,True,0,0,16,16,1,0,unmatched,chart complexity or topology is outside the measured calibration profiles,65b65fc46bcb4af6ae69145bdd32606e6e48270ff4564783c6c95ac61043d36b,2026,passed,,540,256,4,17,239,17,17,0,17,0,0,0,4,0.024747582618147135,0.09263545786961913,0.9291857499629259,1.0465687904506922,,964ffe68b9f07e2d3e19fcc69d4973a6846ed67fa537d1cd267b98144a7ffaec,910990bc2dc52a4758d721159c07e08c048b1179156be822cd75118ba14cd5a6,clustering,1,0,6,1.0,0,0,1,1729,2,0.78125,0,2,0.0,0.125,c93ac7f65ef05ca0674fb5c67b8b310040ed4276a4f633c924f465b2f8cbab5b
error-surface,exact-equivalence,2,0,0,256,False,0,0,,,,,,,,2026,passed,,540,256,4,256,0,256,256,0,4,252,2,0,4,0.04226658400148153,0.00649116700515151,0.7497567920945585,0.7985145431011915,,f272707a56fa325f3e1ef032830433de622478dd220af2ebc08b2caf97d84630,910990bc2dc52a4758d721159c07e08c048b1179156be822cd75118ba14cd5a6,clustering,1,0,6,1.0,0,1,1,1729,2,0.78125,2,0,1.0,0.125,c93ac7f65ef05ca0674fb5c67b8b310040ed4276a4f633c924f465b2f8cbab5b
error-surface,topology,2,0,2,17,False,0,0,,,,,,,,2026,passed,,540,256,4,17,239,17,17,0,17,0,0,0,4,0.02734045824036002,0.020035082940012217,0.9861765000969172,1.0335520412772894,,62476f5214f9b3c5b7779745df12dc063eef192da58154ebc8194e2bd7724368,910990bc2dc52a4758d721159c07e08c048b1179156be822cd75118ba14cd5a6,clustering,1,0,6,1.0,0,2,1,1729,2,0.78125,0,2,0.0,0.125,c93ac7f65ef05ca0674fb5c67b8b310040ed4276a4f633c924f465b2f8cbab5b
error-surface,combined,2,2,2,5,False,0,0,,,,,,,,2026,passed,,540,256,4,5,251,5,5,0,5,0,0,0,4,0.02982599986717105,0.01839662529528141,0.2695372090674937,0.31775983422994614,,e89e08d0e6be2244df9b71e5d4e911c1e60884fe03ae4dc7877686eb4c964b4f,910990bc2dc52a4758d721159c07e08c048b1179156be822cd75118ba14cd5a6,clustering,1,0,6,1.0,0,3,1,1729,2,0.78125,0,2,0.0,0.125,c93ac7f65ef05ca0674fb5c67b8b310040ed4276a4f633c924f465b2f8cbab5b
error-surface,random,2,2,0,17,False,0,0,,,,,,,,2026,passed,,540,256,4,17,239,17,17,0,17,0,0,0,4,0.026559959165751934,0.00012929225340485573,0.9202510407194495,0.9469402921386063,,c6ee030cdf198dd354265ec475486f8dd38764efb604fd5d639a13f8952fffe9,910990bc2dc52a4758d721159c07e08c048b1179156be822cd75118ba14cd5a6,clustering,1,0,6,1.0,0,4,1,1729,2,0.78125,0,2,0.0,0.125,c93ac7f65ef05ca0674fb5c67b8b310040ed4276a4f633c924f465b2f8cbab5b
error-surface,sample-random,2,0,0,180,False,0,0,,,,,,,,2026,passed,,540,256,4,180,76,180,180,0,180,0,1,1,4,0.02946445858106017,0.0017422502860426903,9.669684624765068,9.700891333632171,,7d8916ae78bbfcaa82c1d84a70429580b89707fb646c292531a055db0798ca51,910990bc2dc52a4758d721159c07e08c048b1179156be822cd75118ba14cd5a6,clustering,1,0,6,1.0,0,5,1,1729,2,0.78125,1,1,0.5,0.125,c93ac7f65ef05ca0674fb5c67b8b310040ed4276a4f633c924f465b2f8cbab5b
error-surface,filter,2,0,2,17,True,0,0,16,16,128,,,,,2026,passed,,540,256,4,17,239,17,17,0,17,0,0,0,4,0.029322000220417976,0.055501917377114296,0.9072449170053005,0.9920688346028328,,964ffe68b9f07e2d3e19fcc69d4973a6846ed67fa537d1cd267b98144a7ffaec,910990bc2dc52a4758d721159c07e08c048b1179156be822cd75118ba14cd5a6,clustering,1,0,6,1.0,0,6,1,1729,2,0.78125,0,2,0.0,0.125,c93ac7f65ef05ca0674fb5c67b8b310040ed4276a4f633c924f465b2f8cbab5b
error-surface,default,2,0,0,256,False,0,0,,,,,,,,2026,passed,,540,256,4,256,0,256,256,0,256,0,2,2,4,0.03198579233139753,2.7082860469818115e-06,13.962690874934196,13.994679375551641,,f272707a56fa325f3e1ef032830433de622478dd220af2ebc08b2caf97d84630,910990bc2dc52a4758d721159c07e08c048b1179156be822cd75118ba14cd5a6,clustering,1,0,6,1.0,0,7,1,1729,2,0.78125,2,0,1.0,0.125,c93ac7f65ef05ca0674fb5c67b8b310040ed4276a4f633c924f465b2f8cbab5b
error-surface,filter,2,0,2,17,True,0,0,16,16,128,,,,,2026,passed,,540,256,4,17,239,17,17,0,17,0,0,0,4,0.02761633275076747,0.05731137469410896,0.9423422920517623,1.0272699994966388,,964ffe68b9f07e2d3e19fcc69d4973a6846ed67fa537d1cd267b98144a7ffaec,910990bc2dc52a4758d721159c07e08c048b1179156be822cd75118ba14cd5a6,clustering,1,0,6,1.0,0,0,5,1729,12,4.6875,0,12,0.0,0.2916666666666667,e69473d0157f61eced2ece15a195f3aa6591b0590a74b5f0a4587365dadf1417
error-surface,combined,2,2,2,5,False,0,0,,,,,,,,2026,passed,,540,256,4,5,251,5,5,0,5,0,0,0,4,0.027531499974429607,0.017751167062669992,0.3363064583390951,0.3815891253761947,,e89e08d0e6be2244df9b71e5d4e911c1e60884fe03ae4dc7877686eb4c964b4f,910990bc2dc52a4758d721159c07e08c048b1179156be822cd75118ba14cd5a6,clustering,1,0,6,1.0,0,1,5,1729,12,4.6875,0,12,0.0,0.2916666666666667,e69473d0157f61eced2ece15a195f3aa6591b0590a74b5f0a4587365dadf1417
error-surface,random,2,2,0,17,False,0,0,,,,,,,,2026,passed,,540,256,4,17,239,17,17,0,17,0,0,0,4,0.02784049976617098,9.912485256791115e-05,0.959634458180517,0.9875740827992558,,c6ee030cdf198dd354265ec475486f8dd38764efb604fd5d639a13f8952fffe9,910990bc2dc52a4758d721159c07e08c048b1179156be822cd75118ba14cd5a6,clustering,1,0,6,1.0,0,2,5,1729,12,4.6875,0,12,0.0,0.2916666666666667,e69473d0157f61eced2ece15a195f3aa6591b0590a74b5f0a4587365dadf1417
error-surface,exact-equivalence,2,0,0,256,False,0,0,,,,,,,,2026,passed,,540,256,4,256,0,256,256,0,4,252,12,0,4,0.030103290919214487,0.006680374965071678,0.8195260828360915,0.8563097487203777,,f272707a56fa325f3e1ef032830433de622478dd220af2ebc08b2caf97d84630,910990bc2dc52a4758d721159c07e08c048b1179156be822cd75118ba14cd5a6,clustering,1,0,6,1.0,0,3,5,1729,12,4.6875,12,0,1.0,0.2916666666666667,e69473d0157f61eced2ece15a195f3aa6591b0590a74b5f0a4587365dadf1417
error-surface,filter-aggressive,2,0,2,17,True,0,0,16,16,1,0,unmatched,chart complexity or topology is outside the measured calibration profiles,65b65fc46bcb4af6ae69145bdd32606e6e48270ff4564783c6c95ac61043d36b,2026,passed,,540,256,4,17,239,17,17,0,17,0,0,0,4,0.02672633295878768,0.08701216708868742,0.9449738329276443,1.0587123329751194,,964ffe68b9f07e2d3e19fcc69d4973a6846ed67fa537d1cd267b98144a7ffaec,910990bc2dc52a4758d721159c07e08c048b1179156be822cd75118ba14cd5a6,clustering,1,0,6,1.0,0,4,5,1729,12,4.6875,0,12,0.0,0.2916666666666667,e69473d0157f61eced2ece15a195f3aa6591b0590a74b5f0a4587365dadf1417
error-surface,sample-random,2,0,0,180,False,0,0,,,,,,,,2026,passed,,540,256,4,180,76,180,180,0,180,0,9,9,4,0.028087708167731762,0.0018225833773612976,12.21927999984473,12.249190291389823,,7d8916ae78bbfcaa82c1d84a70429580b89707fb646c292531a055db0798ca51,910990bc2dc52a4758d721159c07e08c048b1179156be822cd75118ba14cd5a6,clustering,1,0,6,1.0,0,5,5,1729,12,4.6875,9,3,0.75,0.2916666666666667,e69473d0157f61eced2ece15a195f3aa6591b0590a74b5f0a4587365dadf1417
error-surface,topology,2,0,2,17,False,0,0,,,,,,,,2026,passed,,540,256,4,17,239,17,17,0,17,0,0,0,4,0.041206915862858295,0.035028125159442425,0.9785119169391692,1.0547469579614699,,62476f5214f9b3c5b7779745df12dc063eef192da58154ebc8194e2bd7724368,910990bc2dc52a4758d721159c07e08c048b1179156be822cd75118ba14cd5a6,clustering,1,0,6,1.0,0,6,5,1729,12,4.6875,0,12,0.0,0.2916666666666667,e69473d0157f61eced2ece15a195f3aa6591b0590a74b5f0a4587365dadf1417
error-surface,default,2,0,0,256,False,0,0,,,,,,,,2026,passed,,540,256,4,256,0,256,256,0,256,0,12,12,4,0.026469083968549967,2.2919848561286926e-06,14.118169582914561,14.144640958867967,,f272707a56fa325f3e1ef032830433de622478dd220af2ebc08b2caf97d84630,910990bc2dc52a4758d721159c07e08c048b1179156be822cd75118ba14cd5a6,clustering,1,0,6,1.0,0,7,5,1729,12,4.6875,12,0,1.0,0.2916666666666667,e69473d0157f61eced2ece15a195f3aa6591b0590a74b5f0a4587365dadf1417
error-surface,combined,2,2,2,5,False,0,0,,,,,,,,2026,passed,,540,256,4,5,251,5,5,0,5,0,1,1,4,0.02857137518003583,0.019976167008280754,0.2858950840309262,0.3344426262192428,,e89e08d0e6be2244df9b71e5d4e911c1e60884fe03ae4dc7877686eb4c964b4f,910990bc2dc52a4758d721159c07e08c048b1179156be822cd75118ba14cd5a6,clustering,1,0,6,1.0,0,0,10,1729,25,9.765625,1,24,0.04,0.4,70379646893d19f02ffcb528636d045386ebb3f418c870c69252c76155440ba6
error-surface,default,2,0,0,256,False,0,0,,,,,,,,2026,passed,,540,256,4,256,0,256,256,0,256,0,25,25,4,0.026471749879419804,2.874992787837982e-06,13.944051791913807,13.970526416786015,,f272707a56fa325f3e1ef032830433de622478dd220af2ebc08b2caf97d84630,910990bc2dc52a4758d721159c07e08c048b1179156be822cd75118ba14cd5a6,clustering,1,0,6,1.0,0,1,10,1729,25,9.765625,25,0,1.0,0.4,70379646893d19f02ffcb528636d045386ebb3f418c870c69252c76155440ba6
error-surface,topology,2,0,2,17,False,0,0,,,,,,,,2026,passed,,540,256,4,17,239,17,17,0,17,0,2,2,4,0.026837250217795372,0.01862462516874075,0.8957046247087419,0.941166500095278,,62476f5214f9b3c5b7779745df12dc063eef192da58154ebc8194e2bd7724368,910990bc2dc52a4758d721159c07e08c048b1179156be822cd75118ba14cd5a6,clustering,1,0,6,1.0,0,2,10,1729,25,9.765625,2,23,0.08,0.4,70379646893d19f02ffcb528636d045386ebb3f418c870c69252c76155440ba6
error-surface,filter-aggressive,2,0,2,17,True,120,120,16,16,1,0,unmatched,chart complexity or topology is outside the measured calibration profiles,65b65fc46bcb4af6ae69145bdd32606e6e48270ff4564783c6c95ac61043d36b,2026,passed,,540,256,4,137,119,137,137,0,137,0,20,20,4,0.02758500026538968,0.17490954091772437,7.7002580421976745,7.902752583380789,,9482d4afbf19ce004cf0b6ec9794f994ecc65665a2b59fdc41931b57491ac6e0,910990bc2dc52a4758d721159c07e08c048b1179156be822cd75118ba14cd5a6,clustering,1,0,6,1.0,0,3,10,1729,25,9.765625,20,5,0.8,0.4,70379646893d19f02ffcb528636d045386ebb3f418c870c69252c76155440ba6
error-surface,exact-equivalence,2,0,0,256,False,0,0,,,,,,,,2026,passed,,540,256,4,256,0,256,256,0,4,252,25,0,4,0.029595541302114725,0.004995082970708609,0.7721714591607451,0.8067620834335685,,f272707a56fa325f3e1ef032830433de622478dd220af2ebc08b2caf97d84630,910990bc2dc52a4758d721159c07e08c048b1179156be822cd75118ba14cd5a6,clustering,1,0,6,1.0,0,4,10,1729,25,9.765625,25,0,1.0,0.4,70379646893d19f02ffcb528636d045386ebb3f418c870c69252c76155440ba6
error-surface,random,2,2,0,17,False,0,0,,,,,,,,2026,passed,,540,256,4,17,239,17,17,0,17,0,1,1,4,0.02409150032326579,0.00010666577145457268,1.0217629172839224,1.0459610833786428,,c6ee030cdf198dd354265ec475486f8dd38764efb604fd5d639a13f8952fffe9,910990bc2dc52a4758d721159c07e08c048b1179156be822cd75118ba14cd5a6,clustering,1,0,6,1.0,0,5,10,1729,25,9.765625,1,24,0.04,0.4,70379646893d19f02ffcb528636d045386ebb3f418c870c69252c76155440ba6
error-surface,sample-random,2,0,0,180,False,0,0,,,,,,,,2026,passed,,540,256,4,180,76,180,180,0,180,0,19,19,4,0.03486004192382097,0.0017577921971678734,10.293882166035473,10.330500000156462,,7d8916ae78bbfcaa82c1d84a70429580b89707fb646c292531a055db0798ca51,910990bc2dc52a4758d721159c07e08c048b1179156be822cd75118ba14cd5a6,clustering,1,0,6,1.0,0,6,10,1729,25,9.765625,19,6,0.76,0.4,70379646893d19f02ffcb528636d045386ebb3f418c870c69252c76155440ba6
error-surface,filter,2,0,2,17,True,120,120,16,16,128,,,,,2026,passed,,540,256,4,137,119,137,137,0,137,0,20,20,4,0.03195825032889843,0.0586451250128448,7.65433270810172,7.744936083443463,,9482d4afbf19ce004cf0b6ec9794f994ecc65665a2b59fdc41931b57491ac6e0,910990bc2dc52a4758d721159c07e08c048b1179156be822cd75118ba14cd5a6,clustering,1,0,6,1.0,0,7,10,1729,25,9.765625,20,5,0.8,0.4,70379646893d19f02ffcb528636d045386ebb3f418c870c69252c76155440ba6
error-surface,filter-aggressive,2,0,2,17,True,180,180,16,16,1,0,unmatched,chart complexity or topology is outside the measured calibration profiles,65b65fc46bcb4af6ae69145bdd32606e6e48270ff4564783c6c95ac61043d36b,2026,passed,,540,256,4,197,59,197,197,0,197,0,59,59,4,0.027921291068196297,0.08471225015819073,11.13981879176572,11.252452332992107,,ad601fd5fddbb15e654481aef0cc2a0dee429b35767218ed9b5b37e29eae9128,910990bc2dc52a4758d721159c07e08c048b1179156be822cd75118ba14cd5a6,clustering,1,0,6,1.0,0,0,25,1729,64,25.0,59,5,0.921875,0.56640625,204cccc641562d7d13ef1ed5ab18981a2ee7c9bdeed4045ac3da68694d2c18a3
error-surface,exact-equivalence,2,0,0,256,False,0,0,,,,,,,,2026,passed,,540,256,4,256,0,256,256,0,4,252,64,1,4,0.02712983312085271,0.00532899983227253,0.8060060841962695,0.8384649171493948,,f272707a56fa325f3e1ef032830433de622478dd220af2ebc08b2caf97d84630,910990bc2dc52a4758d721159c07e08c048b1179156be822cd75118ba14cd5a6,clustering,1,0,6,1.0,0,1,25,1729,64,25.0,64,0,1.0,0.56640625,204cccc641562d7d13ef1ed5ab18981a2ee7c9bdeed4045ac3da68694d2c18a3
error-surface,random,2,2,0,17,False,0,0,,,,,,,,2026,passed,,540,256,4,17,239,17,17,0,17,0,2,2,4,0.02862641727551818,0.00010150019079446793,0.9196151248179376,0.9483430422842503,,c6ee030cdf198dd354265ec475486f8dd38764efb604fd5d639a13f8952fffe9,910990bc2dc52a4758d721159c07e08c048b1179156be822cd75118ba14cd5a6,clustering,1,0,6,1.0,0,2,25,1729,64,25.0,2,62,0.03125,0.56640625,204cccc641562d7d13ef1ed5ab18981a2ee7c9bdeed4045ac3da68694d2c18a3
error-surface,combined,2,2,2,5,False,0,0,,,,,,,,2026,passed,,540,256,4,5,251,5,5,0,5,0,3,3,4,0.058354875072836876,0.017339708283543587,0.26866412488743663,0.3443587082438171,,e89e08d0e6be2244df9b71e5d4e911c1e60884fe03ae4dc7877686eb4c964b4f,910990bc2dc52a4758d721159c07e08c048b1179156be822cd75118ba14cd5a6,clustering,1,0,6,1.0,0,3,25,1729,64,25.0,3,61,0.046875,0.56640625,204cccc641562d7d13ef1ed5ab18981a2ee7c9bdeed4045ac3da68694d2c18a3
error-surface,filter,2,0,2,17,True,180,180,16,16,128,,,,,2026,passed,,540,256,4,197,59,197,197,0,197,0,59,59,4,0.03754145884886384,0.06317191710695624,10.798947042319924,10.899660418275744,,ad601fd5fddbb15e654481aef0cc2a0dee429b35767218ed9b5b37e29eae9128,910990bc2dc52a4758d721159c07e08c048b1179156be822cd75118ba14cd5a6,clustering,1,0,6,1.0,0,4,25,1729,64,25.0,59,5,0.921875,0.56640625,204cccc641562d7d13ef1ed5ab18981a2ee7c9bdeed4045ac3da68694d2c18a3
error-surface,sample-random,2,0,0,180,False,0,0,,,,,,,,2026,passed,,540,256,4,180,76,180,180,0,180,0,47,47,4,0.023950042203068733,0.001382417045533657,10.18486945796758,10.210201917216182,,7d8916ae78bbfcaa82c1d84a70429580b89707fb646c292531a055db0798ca51,910990bc2dc52a4758d721159c07e08c048b1179156be822cd75118ba14cd5a6,clustering,1,0,6,1.0,0,5,25,1729,64,25.0,47,17,0.734375,0.56640625,204cccc641562d7d13ef1ed5ab18981a2ee7c9bdeed4045ac3da68694d2c18a3
error-surface,default,2,0,0,256,False,0,0,,,,,,,,2026,passed,,540,256,4,256,0,256,256,0,256,0,64,64,4,0.02984095923602581,3.6670826375484467e-06,17.773621500004083,17.803466126322746,,f272707a56fa325f3e1ef032830433de622478dd220af2ebc08b2caf97d84630,910990bc2dc52a4758d721159c07e08c048b1179156be822cd75118ba14cd5a6,clustering,1,0,6,1.0,0,6,25,1729,64,25.0,64,0,1.0,0.56640625,204cccc641562d7d13ef1ed5ab18981a2ee7c9bdeed4045ac3da68694d2c18a3
error-surface,topology,2,0,2,17,False,0,0,,,,,,,,2026,passed,,540,256,4,17,239,17,17,0,17,0,6,6,4,0.031122874934226274,0.018521625082939863,0.9980705422349274,1.0477150422520936,,62476f5214f9b3c5b7779745df12dc063eef192da58154ebc8194e2bd7724368,910990bc2dc52a4758d721159c07e08c048b1179156be822cd75118ba14cd5a6,clustering,1,0,6,1.0,0,7,25,1729,64,25.0,6,58,0.09375,0.56640625,204cccc641562d7d13ef1ed5ab18981a2ee7c9bdeed4045ac3da68694d2c18a3
error-surface,topology,2,0,2,17,False,0,0,,,,,,,,2026,passed,,540,256,4,17,239,17,17,0,17,0,7,7,4,0.031383332796394825,0.02221737476065755,1.002698874566704,1.0562995821237564,,62476f5214f9b3c5b7779745df12dc063eef192da58154ebc8194e2bd7724368,910990bc2dc52a4758d721159c07e08c048b1179156be822cd75118ba14cd5a6,clustering,1,0,6,1.0,0,0,50,1729,128,50.0,7,121,0.0546875,0.7265625,48db2b9160b943073321b8652c3d730b077e88d6d3f60d20e952128a2cfbe047
error-surface,random,2,2,0,17,False,0,0,,,,,,,,2026,passed,,540,256,4,17,239,17,17,0,17,0,9,9,4,0.028584624640643597,9.729200974106789e-05,0.9639496658928692,0.9926315825432539,,c6ee030cdf198dd354265ec475486f8dd38764efb604fd5d639a13f8952fffe9,910990bc2dc52a4758d721159c07e08c048b1179156be822cd75118ba14cd5a6,clustering,1,0,6,1.0,0,1,50,1729,128,50.0,9,119,0.0703125,0.7265625,48db2b9160b943073321b8652c3d730b077e88d6d3f60d20e952128a2cfbe047
error-surface,exact-equivalence,2,0,0,256,False,0,0,,,,,,,,2026,passed,,540,256,4,256,0,256,256,0,4,252,128,2,4,0.028645459096878767,0.005388583987951279,0.7793646669015288,0.8133987099863589,,f272707a56fa325f3e1ef032830433de622478dd220af2ebc08b2caf97d84630,910990bc2dc52a4758d721159c07e08c048b1179156be822cd75118ba14cd5a6,clustering,1,0,6,1.0,0,2,50,1729,128,50.0,128,0,1.0,0.7265625,48db2b9160b943073321b8652c3d730b077e88d6d3f60d20e952128a2cfbe047
error-surface,default,2,0,0,256,False,0,0,,,,,,,,2026,passed,,540,256,4,256,0,256,256,0,256,0,128,128,4,0.027091499883681536,2.9997900128364563e-06,13.980301832780242,14.007396332453936,,f272707a56fa325f3e1ef032830433de622478dd220af2ebc08b2caf97d84630,910990bc2dc52a4758d721159c07e08c048b1179156be822cd75118ba14cd5a6,clustering,1,0,6,1.0,0,3,50,1729,128,50.0,128,0,1.0,0.7265625,48db2b9160b943073321b8652c3d730b077e88d6d3f60d20e952128a2cfbe047
error-surface,sample-random,2,0,0,180,False,0,0,,,,,,,,2026,passed,,540,256,4,180,76,180,180,0,180,0,94,94,4,0.028017249889671803,0.0015777498483657837,9.944782750215381,9.974377749953419,,7d8916ae78bbfcaa82c1d84a70429580b89707fb646c292531a055db0798ca51,910990bc2dc52a4758d721159c07e08c048b1179156be822cd75118ba14cd5a6,clustering,1,0,6,1.0,0,4,50,1729,128,50.0,94,34,0.734375,0.7265625,48db2b9160b943073321b8652c3d730b077e88d6d3f60d20e952128a2cfbe047
error-surface,combined,2,2,2,5,False,0,0,,,,,,,,2026,passed,,540,256,4,5,251,5,5,0,5,0,4,4,4,0.02669483283534646,0.018739750143140554,0.26838904106989503,0.31382362404838204,,e89e08d0e6be2244df9b71e5d4e911c1e60884fe03ae4dc7877686eb4c964b4f,910990bc2dc52a4758d721159c07e08c048b1179156be822cd75118ba14cd5a6,clustering,1,0,6,1.0,0,5,50,1729,128,50.0,4,124,0.03125,0.7265625,48db2b9160b943073321b8652c3d730b077e88d6d3f60d20e952128a2cfbe047
error-surface,filter-aggressive,2,0,2,17,True,239,239,16,16,1,0,unmatched,chart complexity or topology is outside the measured calibration profiles,65b65fc46bcb4af6ae69145bdd32606e6e48270ff4564783c6c95ac61043d36b,2026,passed,,540,256,4,256,0,256,256,0,256,0,128,128,4,0.02850670786574483,0.08926316676661372,14.207774457987398,14.325544332619756,,d82f3bcca93529427ed3275a35e571409ad6343c89218b2c43e185bfdc669e40,910990bc2dc52a4758d721159c07e08c048b1179156be822cd75118ba14cd5a6,clustering,1,0,6,1.0,0,6,50,1729,128,50.0,128,0,1.0,0.7265625,48db2b9160b943073321b8652c3d730b077e88d6d3f60d20e952128a2cfbe047
error-surface,filter,2,0,2,17,True,239,239,16,16,128,,,,,2026,passed,,540,256,4,256,0,256,256,0,256,0,128,128,4,0.03691629180684686,0.06113654235377908,15.385186791885644,15.48323962604627,,d82f3bcca93529427ed3275a35e571409ad6343c89218b2c43e185bfdc669e40,910990bc2dc52a4758d721159c07e08c048b1179156be822cd75118ba14cd5a6,clustering,1,0,6,1.0,0,7,50,1729,128,50.0,128,0,1.0,0.7265625,48db2b9160b943073321b8652c3d730b077e88d6d3f60d20e952128a2cfbe047
error-surface,random,2,2,0,17,False,0,0,,,,,,,,2026,passed,,540,256,4,17,239,17,17,0,17,0,13,13,4,0.03385970927774906,0.00011470774188637733,1.0551559166051447,1.0891303336247802,,c6ee030cdf198dd354265ec475486f8dd38764efb604fd5d639a13f8952fffe9,910990bc2dc52a4758d721159c07e08c048b1179156be822cd75118ba14cd5a6,clustering,1,0,6,1.0,0,0,75,1729,192,75.0,13,179,0.06770833333333333,0.85546875,f79bf5ad4eb2c910c1013158d1ed9a64807d95f0bdc12fb941c6a93a60bf4179
error-surface,combined,2,2,2,5,False,0,0,,,,,,,,2026,passed,,540,256,4,5,251,5,5,0,5,0,4,4,4,0.04121545888483524,0.031619958113878965,0.29300712514668703,0.36584254214540124,,e89e08d0e6be2244df9b71e5d4e911c1e60884fe03ae4dc7877686eb4c964b4f,910990bc2dc52a4758d721159c07e08c048b1179156be822cd75118ba14cd5a6,clustering,1,0,6,1.0,0,1,75,1729,192,75.0,4,188,0.020833333333333332,0.85546875,f79bf5ad4eb2c910c1013158d1ed9a64807d95f0bdc12fb941c6a93a60bf4179
error-surface,filter-aggressive,2,0,2,17,True,239,239,16,16,1,0,unmatched,chart complexity or topology is outside the measured calibration profiles,65b65fc46bcb4af6ae69145bdd32606e6e48270ff4564783c6c95ac61043d36b,2026,passed,,540,256,4,256,0,256,256,0,256,0,192,192,4,0.036605834029614925,0.11301670782268047,16.391855374909937,16.541477916762233,,d82f3bcca93529427ed3275a35e571409ad6343c89218b2c43e185bfdc669e40,910990bc2dc52a4758d721159c07e08c048b1179156be822cd75118ba14cd5a6,clustering,1,0,6,1.0,0,2,75,1729,192,75.0,192,0,1.0,0.85546875,f79bf5ad4eb2c910c1013158d1ed9a64807d95f0bdc12fb941c6a93a60bf4179
error-surface,sample-random,2,0,0,180,False,0,0,,,,,,,,2026,passed,,540,256,4,180,76,180,180,0,180,0,139,139,4,0.029322125017642975,0.001409874763339758,10.05996041605249,10.090692415833473,,7d8916ae78bbfcaa82c1d84a70429580b89707fb646c292531a055db0798ca51,910990bc2dc52a4758d721159c07e08c048b1179156be822cd75118ba14cd5a6,clustering,1,0,6,1.0,0,3,75,1729,192,75.0,139,53,0.7239583333333334,0.85546875,f79bf5ad4eb2c910c1013158d1ed9a64807d95f0bdc12fb941c6a93a60bf4179
error-surface,default,2,0,0,256,False,0,0,,,,,,,,2026,passed,,540,256,4,256,0,256,256,0,256,0,192,192,4,0.02965154079720378,3.209337592124939e-06,14.15230270801112,14.181957458145916,,f272707a56fa325f3e1ef032830433de622478dd220af2ebc08b2caf97d84630,910990bc2dc52a4758d721159c07e08c048b1179156be822cd75118ba14cd5a6,clustering,1,0,6,1.0,0,4,75,1729,192,75.0,192,0,1.0,0.85546875,f79bf5ad4eb2c910c1013158d1ed9a64807d95f0bdc12fb941c6a93a60bf4179
error-surface,exact-equivalence,2,0,0,256,False,0,0,,,,,,,,2026,passed,,540,256,4,256,0,256,256,0,4,252,192,3,4,0.031140000093728304,0.006429082714021206,0.802603708114475,0.8401727909222245,,f272707a56fa325f3e1ef032830433de622478dd220af2ebc08b2caf97d84630,910990bc2dc52a4758d721159c07e08c048b1179156be822cd75118ba14cd5a6,clustering,1,0,6,1.0,0,5,75,1729,192,75.0,192,0,1.0,0.85546875,f79bf5ad4eb2c910c1013158d1ed9a64807d95f0bdc12fb941c6a93a60bf4179
error-surface,filter,2,0,2,17,True,239,239,16,16,128,,,,,2026,passed,,540,256,4,256,0,256,256,0,256,0,192,192,4,0.028404375072568655,0.06760199973359704,14.462784874718636,14.558791249524802,,d82f3bcca93529427ed3275a35e571409ad6343c89218b2c43e185bfdc669e40,910990bc2dc52a4758d721159c07e08c048b1179156be822cd75118ba14cd5a6,clustering,1,0,6,1.0,0,6,75,1729,192,75.0,192,0,1.0,0.85546875,f79bf5ad4eb2c910c1013158d1ed9a64807d95f0bdc12fb941c6a93a60bf4179
error-surface,topology,2,0,2,17,False,0,0,,,,,,,,2026,passed,,540,256,4,17,239,17,17,0,17,0,11,11,4,0.031023540999740362,0.018264833372086287,0.9789354996755719,1.0282238740473986,,62476f5214f9b3c5b7779745df12dc063eef192da58154ebc8194e2bd7724368,910990bc2dc52a4758d721159c07e08c048b1179156be822cd75118ba14cd5a6,clustering,1,0,6,1.0,0,7,75,1729,192,75.0,11,181,0.057291666666666664,0.85546875,f79bf5ad4eb2c910c1013158d1ed9a64807d95f0bdc12fb941c6a93a60bf4179
error-surface,filter,2,0,2,17,True,239,239,16,16,128,,,,,2026,passed,,540,256,4,256,0,256,256,0,256,0,256,256,4,0.02680254215374589,0.09389458317309618,14.285466999746859,14.406164125073701,,d82f3bcca93529427ed3275a35e571409ad6343c89218b2c43e185bfdc669e40,910990bc2dc52a4758d721159c07e08c048b1179156be822cd75118ba14cd5a6,clustering,1,0,6,1.0,0,0,100,1729,256,100.0,256,0,1.0,1.0,436a0f1bdc8861facc8207b9537bd5a2be05f477f2d22e159e1cde2e4e580b5b
error-surface,random,2,2,0,17,False,0,0,,,,,,,,2026,passed,,540,256,4,17,239,17,17,0,17,0,17,17,4,0.029205792117863894,0.00010366598144173622,0.9337203339673579,0.9630297920666635,,c6ee030cdf198dd354265ec475486f8dd38764efb604fd5d639a13f8952fffe9,910990bc2dc52a4758d721159c07e08c048b1179156be822cd75118ba14cd5a6,clustering,1,0,6,1.0,0,1,100,1729,256,100.0,17,239,0.06640625,1.0,436a0f1bdc8861facc8207b9537bd5a2be05f477f2d22e159e1cde2e4e580b5b
error-surface,topology,2,0,2,17,False,0,0,,,,,,,,2026,passed,,540,256,4,17,239,17,17,0,17,0,17,17,4,0.027100292034447193,0.01963333273306489,1.1270627495832741,1.1737963743507862,,62476f5214f9b3c5b7779745df12dc063eef192da58154ebc8194e2bd7724368,910990bc2dc52a4758d721159c07e08c048b1179156be822cd75118ba14cd5a6,clustering,1,0,6,1.0,0,2,100,1729,256,100.0,17,239,0.06640625,1.0,436a0f1bdc8861facc8207b9537bd5a2be05f477f2d22e159e1cde2e4e580b5b
error-surface,sample-random,2,0,0,180,False,0,0,,,,,,,,2026,passed,,540,256,4,180,76,180,180,0,180,0,180,180,4,0.033746957778930664,0.0016068750992417336,10.37368083326146,10.409034666139632,,7d8916ae78bbfcaa82c1d84a70429580b89707fb646c292531a055db0798ca51,910990bc2dc52a4758d721159c07e08c048b1179156be822cd75118ba14cd5a6,clustering,1,0,6,1.0,0,3,100,1729,256,100.0,180,76,0.703125,1.0,436a0f1bdc8861facc8207b9537bd5a2be05f477f2d22e159e1cde2e4e580b5b
error-surface,exact-equivalence,2,0,0,256,False,0,0,,,,,,,,2026,passed,,540,256,4,256,0,256,256,0,4,252,256,4,4,0.05892566731199622,0.00690912501886487,0.7812080411240458,0.8470428334549069,,f272707a56fa325f3e1ef032830433de622478dd220af2ebc08b2caf97d84630,910990bc2dc52a4758d721159c07e08c048b1179156be822cd75118ba14cd5a6,clustering,1,0,6,1.0,0,4,100,1729,256,100.0,256,0,1.0,1.0,436a0f1bdc8861facc8207b9537bd5a2be05f477f2d22e159e1cde2e4e580b5b
error-surface,default,2,0,0,256,False,0,0,,,,,,,,2026,passed,,540,256,4,256,0,256,256,0,256,0,256,256,4,0.026497958227992058,2.6673078536987305e-06,14.306028749793768,14.332529375329614,,f272707a56fa325f3e1ef032830433de622478dd220af2ebc08b2caf97d84630,910990bc2dc52a4758d721159c07e08c048b1179156be822cd75118ba14cd5a6,clustering,1,0,6,1.0,0,5,100,1729,256,100.0,256,0,1.0,1.0,436a0f1bdc8861facc8207b9537bd5a2be05f477f2d22e159e1cde2e4e580b5b
error-surface,combined,2,2,2,5,False,0,0,,,,,,,,2026,passed,,540,256,4,5,251,5,5,0,5,0,5,5,4,0.03056900016963482,0.019581292290240526,0.28169995779171586,0.3318502502515912,,e89e08d0e6be2244df9b71e5d4e911c1e60884fe03ae4dc7877686eb4c964b4f,910990bc2dc52a4758d721159c07e08c048b1179156be822cd75118ba14cd5a6,clustering,1,0,6,1.0,0,6,100,1729,256,100.0,5,251,0.01953125,1.0,436a0f1bdc8861facc8207b9537bd5a2be05f477f2d22e159e1cde2e4e580b5b
error-surface,filter-aggressive,2,0,2,17,True,239,239,16,16,1,0,unmatched,chart complexity or topology is outside the measured calibration profiles,65b65fc46bcb4af6ae69145bdd32606e6e48270ff4564783c6c95ac61043d36b,2026,passed,,540,256,4,256,0,256,256,0,256,0,256,256,4,0.03025066712871194,0.09688570909202099,14.475465792231262,14.602602168451995,,d82f3bcca93529427ed3275a35e571409ad6343c89218b2c43e185bfdc669e40,910990bc2dc52a4758d721159c07e08c048b1179156be822cd75118ba14cd5a6,clustering,1,0,6,1.0,0,7,100,1729,256,100.0,256,0,1.0,1.0,436a0f1bdc8861facc8207b9537bd5a2be05f477f2d22e159e1cde2e4e580b5b
error-surface,filter-aggressive,2,0,2,17,True,0,0,16,16,1,0,unmatched,chart complexity or topology is outside the measured calibration profiles,65b65fc46bcb4af6ae69145bdd32606e6e48270ff4564783c6c95ac61043d36b,2027,passed,,540,256,4,17,239,17,17,0,17,0,0,0,4,0.031035541091114283,0.14594216691330075,0.9600056670606136,1.1369833750650287,,4075187e77d52620f897d22251e4051809d33bd53fa72c0aaa5577fba153d5b8,910990bc2dc52a4758d721159c07e08c048b1179156be822cd75118ba14cd5a6,clustering,1,0,6,1.0,1,0,0,1730,0,0.0,0,0,,,3071c65715248c1529ce16d06ddf97a5cb809bd550b491bbc55ae00d3e58c7bd
error-surface,random,2,2,0,17,False,0,0,,,,,,,,2027,passed,,540,256,4,17,239,17,17,0,17,0,0,0,4,0.03012541588395834,9.737489745020866e-05,0.9800724168308079,1.0102952076122165,,789d170927e05623c4ed33f0a213d666a4144a9217608879abbe25d17b39b9d0,910990bc2dc52a4758d721159c07e08c048b1179156be822cd75118ba14cd5a6,clustering,1,0,6,1.0,1,1,0,1730,0,0.0,0,0,,,3071c65715248c1529ce16d06ddf97a5cb809bd550b491bbc55ae00d3e58c7bd
error-surface,exact-equivalence,2,0,0,256,False,0,0,,,,,,,,2027,passed,,540,256,4,256,0,256,256,0,4,252,0,0,4,0.029156249947845936,0.005368624813854694,0.7903933329507709,0.8249182077124715,,5687df5fd03529fc039c76db2b86101df7014922d1983f9c9b2266f86750f4d3,910990bc2dc52a4758d721159c07e08c048b1179156be822cd75118ba14cd5a6,clustering,1,0,6,1.0,1,2,0,1730,0,0.0,0,0,,,3071c65715248c1529ce16d06ddf97a5cb809bd550b491bbc55ae00d3e58c7bd
error-surface,sample-random,2,0,0,180,False,0,0,,,,,,,,2027,passed,,540,256,4,180,76,180,180,0,180,0,0,0,4,0.02569041633978486,0.0015351250767707825,10.039604583755136,10.066830125171691,,e11992f18c369144224551226889664b01423d6962914b83e402a9980184bfdf,910990bc2dc52a4758d721159c07e08c048b1179156be822cd75118ba14cd5a6,clustering,1,0,6,1.0,1,3,0,1730,0,0.0,0,0,,,3071c65715248c1529ce16d06ddf97a5cb809bd550b491bbc55ae00d3e58c7bd
error-surface,filter,2,0,2,17,True,0,0,16,16,128,,,,,2027,passed,,540,256,4,17,239,17,17,0,17,0,0,0,4,0.032290125265717506,0.05991333303973079,0.9326414167881012,1.0248448750935495,,4075187e77d52620f897d22251e4051809d33bd53fa72c0aaa5577fba153d5b8,910990bc2dc52a4758d721159c07e08c048b1179156be822cd75118ba14cd5a6,clustering,1,0,6,1.0,1,4,0,1730,0,0.0,0,0,,,3071c65715248c1529ce16d06ddf97a5cb809bd550b491bbc55ae00d3e58c7bd
error-surface,topology,2,0,2,17,False,0,0,,,,,,,,2027,passed,,540,256,4,17,239,17,17,0,17,0,0,0,4,0.03182266699150205,0.017211958300322294,0.9688544170930982,1.0178890423849225,,0f7406e586922e147a427ce77d17db1ab4f183597cd62813e961f18a2bde1beb,910990bc2dc52a4758d721159c07e08c048b1179156be822cd75118ba14cd5a6,clustering,1,0,6,1.0,1,5,0,1730,0,0.0,0,0,,,3071c65715248c1529ce16d06ddf97a5cb809bd550b491bbc55ae00d3e58c7bd
error-surface,combined,2,2,2,5,False,0,0,,,,,,,,2027,passed,,540,256,4,5,251,5,5,0,5,0,0,0,4,0.028034333139657974,0.01649183314293623,0.2827869579195976,0.32731312420219183,,34513e7c9240c76043c0eb6b5f6561a131304309470f1b473b9c1eef1185a6b1,910990bc2dc52a4758d721159c07e08c048b1179156be822cd75118ba14cd5a6,clustering,1,0,6,1.0,1,6,0,1730,0,0.0,0,0,,,3071c65715248c1529ce16d06ddf97a5cb809bd550b491bbc55ae00d3e58c7bd
error-surface,default,2,0,0,256,False,0,0,,,,,,,,2027,passed,,540,256,4,256,0,256,256,0,256,0,0,0,4,0.027295832987874746,2.5830231606960297e-06,14.713725291658193,14.741023707669228,,5687df5fd03529fc039c76db2b86101df7014922d1983f9c9b2266f86750f4d3,910990bc2dc52a4758d721159c07e08c048b1179156be822cd75118ba14cd5a6,clustering,1,0,6,1.0,1,7,0,1730,0,0.0,0,0,,,3071c65715248c1529ce16d06ddf97a5cb809bd550b491bbc55ae00d3e58c7bd
error-surface,filter,2,0,2,17,True,0,0,16,16,128,,,,,2027,passed,,540,256,4,17,239,17,17,0,17,0,0,0,4,0.031108709052205086,0.0602934998460114,1.0371311251074076,1.128533334005624,,4075187e77d52620f897d22251e4051809d33bd53fa72c0aaa5577fba153d5b8,910990bc2dc52a4758d721159c07e08c048b1179156be822cd75118ba14cd5a6,clustering,1,0,6,1.0,1,0,1,1730,2,0.78125,0,2,0.0,0.125,39e1737190e96979acc05ca6a0846b37e5b9a8f325802c4413177a38798f4940
error-surface,topology,2,0,2,17,False,0,0,,,,,,,,2027,passed,,540,256,4,17,239,17,17,0,17,0,0,0,4,0.03565374994650483,0.018675666768103838,1.2004045420326293,1.254733958747238,,0f7406e586922e147a427ce77d17db1ab4f183597cd62813e961f18a2bde1beb,910990bc2dc52a4758d721159c07e08c048b1179156be822cd75118ba14cd5a6,clustering,1,0,6,1.0,1,1,1,1730,2,0.78125,0,2,0.0,0.125,39e1737190e96979acc05ca6a0846b37e5b9a8f325802c4413177a38798f4940
error-surface,filter-aggressive,2,0,2,17,True,0,0,16,16,1,0,unmatched,chart complexity or topology is outside the measured calibration profiles,65b65fc46bcb4af6ae69145bdd32606e6e48270ff4564783c6c95ac61043d36b,2027,passed,,540,256,4,17,239,17,17,0,17,0,0,0,4,0.04063904192298651,0.11121816607192159,1.1727452077902853,1.3246024157851934,,4075187e77d52620f897d22251e4051809d33bd53fa72c0aaa5577fba153d5b8,910990bc2dc52a4758d721159c07e08c048b1179156be822cd75118ba14cd5a6,clustering,1,0,6,1.0,1,2,1,1730,2,0.78125,0,2,0.0,0.125,39e1737190e96979acc05ca6a0846b37e5b9a8f325802c4413177a38798f4940
error-surface,sample-random,2,0,0,180,False,0,0,,,,,,,,2027,passed,,540,256,4,180,76,180,180,0,180,0,2,2,4,0.03664650022983551,0.0022927080281078815,10.601817290764302,10.640756499022245,,e11992f18c369144224551226889664b01423d6962914b83e402a9980184bfdf,910990bc2dc52a4758d721159c07e08c048b1179156be822cd75118ba14cd5a6,clustering,1,0,6,1.0,1,3,1,1730,2,0.78125,2,0,1.0,0.125,39e1737190e96979acc05ca6a0846b37e5b9a8f325802c4413177a38798f4940
error-surface,default,2,0,0,256,False,0,0,,,,,,,,2027,passed,,540,256,4,256,0,256,256,0,256,0,2,2,4,0.027004290837794542,2.500135451555252e-06,14.608363791834563,14.63537058280781,,5687df5fd03529fc039c76db2b86101df7014922d1983f9c9b2266f86750f4d3,910990bc2dc52a4758d721159c07e08c048b1179156be822cd75118ba14cd5a6,clustering,1,0,6,1.0,1,4,1,1730,2,0.78125,2,0,1.0,0.125,39e1737190e96979acc05ca6a0846b37e5b9a8f325802c4413177a38798f4940
error-surface,exact-equivalence,2,0,0,256,False,0,0,,,,,,,,2027,passed,,540,256,4,256,0,256,256,0,4,252,2,0,4,0.03271504119038582,0.008228791877627373,0.871344625018537,0.9122884580865502,,5687df5fd03529fc039c76db2b86101df7014922d1983f9c9b2266f86750f4d3,910990bc2dc52a4758d721159c07e08c048b1179156be822cd75118ba14cd5a6,clustering,1,0,6,1.0,1,5,1,1730,2,0.78125,2,0,1.0,0.125,39e1737190e96979acc05ca6a0846b37e5b9a8f325802c4413177a38798f4940
error-surface,random,2,2,0,17,False,0,0,,,,,,,,2027,passed,,540,256,4,17,239,17,17,0,17,0,0,0,4,0.029102499596774578,0.0001998748630285263,1.0288202920928597,1.0581226665526628,,789d170927e05623c4ed33f0a213d666a4144a9217608879abbe25d17b39b9d0,910990bc2dc52a4758d721159c07e08c048b1179156be822cd75118ba14cd5a6,clustering,1,0,6,1.0,1,6,1,1730,2,0.78125,0,2,0.0,0.125,39e1737190e96979acc05ca6a0846b37e5b9a8f325802c4413177a38798f4940
error-surface,combined,2,2,2,5,False,0,0,,,,,,,,2027,passed,,540,256,4,5,251,5,5,0,5,0,0,0,4,0.031793249770998955,0.019992291927337646,0.28041845792904496,0.33220399962738156,,34513e7c9240c76043c0eb6b5f6561a131304309470f1b473b9c1eef1185a6b1,910990bc2dc52a4758d721159c07e08c048b1179156be822cd75118ba14cd5a6,clustering,1,0,6,1.0,1,7,1,1730,2,0.78125,0,2,0.0,0.125,39e1737190e96979acc05ca6a0846b37e5b9a8f325802c4413177a38798f4940
error-surface,sample-random,2,0,0,180,False,0,0,,,,,,,,2027,passed,,540,256,4,180,76,180,180,0,180,0,9,9,4,0.030217249877750874,0.0016425000503659248,10.216476666741073,10.24833641666919,,e11992f18c369144224551226889664b01423d6962914b83e402a9980184bfdf,910990bc2dc52a4758d721159c07e08c048b1179156be822cd75118ba14cd5a6,clustering,1,0,6,1.0,1,0,5,1730,12,4.6875,9,3,0.75,0.2916666666666667,5d8775258e052aea5d252f0b52a668778e7cf23cf2ad5fd657f15e4b41747958
error-surface,random,2,2,0,17,False,0,0,,,,,,,,2027,passed,,540,256,4,17,239,17,17,0,17,0,2,2,4,0.030366708058863878,0.00011633289977908134,0.9945134590379894,1.0249964999966323,,789d170927e05623c4ed33f0a213d666a4144a9217608879abbe25d17b39b9d0,910990bc2dc52a4758d721159c07e08c048b1179156be822cd75118ba14cd5a6,clustering,1,0,6,1.0,1,1,5,1730,12,4.6875,2,10,0.16666666666666666,0.2916666666666667,5d8775258e052aea5d252f0b52a668778e7cf23cf2ad5fd657f15e4b41747958
error-surface,default,2,0,0,256,False,0,0,,,,,,,,2027,passed,,540,256,4,256,0,256,256,0,256,0,12,12,4,0.027559875044971704,4.332978278398514e-06,15.162107625044882,15.189671833068132,,5687df5fd03529fc039c76db2b86101df7014922d1983f9c9b2266f86750f4d3,910990bc2dc52a4758d721159c07e08c048b1179156be822cd75118ba14cd5a6,clustering,1,0,6,1.0,1,2,5,1730,12,4.6875,12,0,1.0,0.2916666666666667,5d8775258e052aea5d252f0b52a668778e7cf23cf2ad5fd657f15e4b41747958
error-surface,filter,2,0,2,17,True,0,0,16,16,128,,,,,2027,passed,,540,256,4,17,239,17,17,0,17,0,0,0,4,0.03118374990299344,0.07364175003021955,1.1914814161136746,1.2963069160468876,,4075187e77d52620f897d22251e4051809d33bd53fa72c0aaa5577fba153d5b8,910990bc2dc52a4758d721159c07e08c048b1179156be822cd75118ba14cd5a6,clustering,1,0,6,1.0,1,3,5,1730,12,4.6875,0,12,0.0,0.2916666666666667,5d8775258e052aea5d252f0b52a668778e7cf23cf2ad5fd657f15e4b41747958
error-surface,filter-aggressive,2,0,2,17,True,0,0,16,16,1,0,unmatched,chart complexity or topology is outside the measured calibration profiles,65b65fc46bcb4af6ae69145bdd32606e6e48270ff4564783c6c95ac61043d36b,2027,passed,,540,256,4,17,239,17,17,0,17,0,0,0,4,0.02945079142227769,0.09658908285200596,1.0292034172452986,1.1552432915195823,,4075187e77d52620f897d22251e4051809d33bd53fa72c0aaa5577fba153d5b8,910990bc2dc52a4758d721159c07e08c048b1179156be822cd75118ba14cd5a6,clustering,1,0,6,1.0,1,4,5,1730,12,4.6875,0,12,0.0,0.2916666666666667,5d8775258e052aea5d252f0b52a668778e7cf23cf2ad5fd657f15e4b41747958
error-surface,combined,2,2,2,5,False,0,0,,,,,,,,2027,passed,,540,256,4,5,251,5,5,0,5,0,0,0,4,0.04329345794394612,0.028004665859043598,0.3193599167279899,0.39065804053097963,,34513e7c9240c76043c0eb6b5f6561a131304309470f1b473b9c1eef1185a6b1,910990bc2dc52a4758d721159c07e08c048b1179156be822cd75118ba14cd5a6,clustering,1,0,6,1.0,1,5,5,1730,12,4.6875,0,12,0.0,0.2916666666666667,5d8775258e052aea5d252f0b52a668778e7cf23cf2ad5fd657f15e4b41747958
error-surface,exact-equivalence,2,0,0,256,False,0,0,,,,,,,,2027,passed,,540,256,4,256,0,256,256,0,4,252,12,0,4,0.03221254097297788,0.005904334131628275,0.9254038329236209,0.9635207080282271,,5687df5fd03529fc039c76db2b86101df7014922d1983f9c9b2266f86750f4d3,910990bc2dc52a4758d721159c07e08c048b1179156be822cd75118ba14cd5a6,clustering,1,0,6,1.0,1,6,5,1730,12,4.6875,12,0,1.0,0.2916666666666667,5d8775258e052aea5d252f0b52a668778e7cf23cf2ad5fd657f15e4b41747958
error-surface,topology,2,0,2,17,False,0,0,,,,,,,,2027,passed,,540,256,4,17,239,17,17,0,17,0,0,0,4,0.03569262521341443,0.023447333369404078,1.0397856659255922,1.0989256245084107,,0f7406e586922e147a427ce77d17db1ab4f183597cd62813e961f18a2bde1beb,910990bc2dc52a4758d721159c07e08c048b1179156be822cd75118ba14cd5a6,clustering,1,0,6,1.0,1,7,5,1730,12,4.6875,0,12,0.0,0.2916666666666667,5d8775258e052aea5d252f0b52a668778e7cf23cf2ad5fd657f15e4b41747958
error-surface,filter,2,0,2,17,True,59,59,16,16,128,,,,,2027,passed,,540,256,4,76,180,76,76,0,76,0,16,16,4,0.03411570796743035,0.06675612507387996,4.874146624933928,4.975018457975239,,f3aa1ff5d259648e7bd1dd566dca4cd7cef40e7cff1c0d8f964fa8b93a6015ff,910990bc2dc52a4758d721159c07e08c048b1179156be822cd75118ba14cd5a6,clustering,1,0,6,1.0,1,0,10,1730,25,9.765625,16,9,0.64,0.4,7aaf5f972b13e1d17d6c79518839c114f12a26c8658dd348072e6c63100b7899
error-surface,filter-aggressive,2,0,2,17,True,59,59,16,16,1,0,unmatched,chart complexity or topology is outside the measured calibration profiles,65b65fc46bcb4af6ae69145bdd32606e6e48270ff4564783c6c95ac61043d36b,2027,passed,,540,256,4,76,180,76,76,0,76,0,16,16,4,0.0353770419023931,0.10391400009393692,5.084911375306547,5.224202417302877,,f3aa1ff5d259648e7bd1dd566dca4cd7cef40e7cff1c0d8f964fa8b93a6015ff,910990bc2dc52a4758d721159c07e08c048b1179156be822cd75118ba14cd5a6,clustering,1,0,6,1.0,1,1,10,1730,25,9.765625,16,9,0.64,0.4,7aaf5f972b13e1d17d6c79518839c114f12a26c8658dd348072e6c63100b7899
error-surface,random,2,2,0,17,False,0,0,,,,,,,,2027,passed,,540,256,4,17,239,17,17,0,17,0,2,2,4,0.04098287504166365,0.0001265411265194416,1.3157010828144848,1.356810498982668,,789d170927e05623c4ed33f0a213d666a4144a9217608879abbe25d17b39b9d0,910990bc2dc52a4758d721159c07e08c048b1179156be822cd75118ba14cd5a6,clustering,1,0,6,1.0,1,2,10,1730,25,9.765625,2,23,0.08,0.4,7aaf5f972b13e1d17d6c79518839c114f12a26c8658dd348072e6c63100b7899
error-surface,combined,2,2,2,5,False,0,0,,,,,,,,2027,passed,,540,256,4,5,251,5,5,0,5,0,0,0,4,0.0372857921756804,0.023558832705020905,0.3593640420585871,0.4202086669392884,,34513e7c9240c76043c0eb6b5f6561a131304309470f1b473b9c1eef1185a6b1,910990bc2dc52a4758d721159c07e08c048b1179156be822cd75118ba14cd5a6,clustering,1,0,6,1.0,1,3,10,1730,25,9.765625,0,25,0.0,0.4,7aaf5f972b13e1d17d6c79518839c114f12a26c8658dd348072e6c63100b7899
error-surface,default,2,0,0,256,False,0,0,,,,,,,,2027,passed,,540,256,4,256,0,256,256,0,256,0,25,25,4,0.03540474968031049,3.834255039691925e-06,17.835616833996028,17.871025417931378,,5687df5fd03529fc039c76db2b86101df7014922d1983f9c9b2266f86750f4d3,910990bc2dc52a4758d721159c07e08c048b1179156be822cd75118ba14cd5a6,clustering,1,0,6,1.0,1,4,10,1730,25,9.765625,25,0,1.0,0.4,7aaf5f972b13e1d17d6c79518839c114f12a26c8658dd348072e6c63100b7899
error-surface,topology,2,0,2,17,False,0,0,,,,,,,,2027,passed,,540,256,4,17,239,17,17,0,17,0,1,1,4,0.03831620793789625,0.027228166814893484,1.2436844161711633,1.309228790923953,,0f7406e586922e147a427ce77d17db1ab4f183597cd62813e961f18a2bde1beb,910990bc2dc52a4758d721159c07e08c048b1179156be822cd75118ba14cd5a6,clustering,1,0,6,1.0,1,5,10,1730,25,9.765625,1,24,0.04,0.4,7aaf5f972b13e1d17d6c79518839c114f12a26c8658dd348072e6c63100b7899
error-surface,sample-random,2,0,0,180,False,0,0,,,,,,,,2027,passed,,540,256,4,180,76,180,180,0,180,0,16,16,4,0.03731366619467735,0.002123916056007147,13.66162358270958,13.701061164960265,,e11992f18c369144224551226889664b01423d6962914b83e402a9980184bfdf,910990bc2dc52a4758d721159c07e08c048b1179156be822cd75118ba14cd5a6,clustering,1,0,6,1.0,1,6,10,1730,25,9.765625,16,9,0.64,0.4,7aaf5f972b13e1d17d6c79518839c114f12a26c8658dd348072e6c63100b7899
error-surface,exact-equivalence,2,0,0,256,False,0,0,,,,,,,,2027,passed,,540,256,4,256,0,256,256,0,4,252,25,0,4,0.045263499952852726,0.007887250278145075,1.40692291688174,1.460073667112738,,5687df5fd03529fc039c76db2b86101df7014922d1983f9c9b2266f86750f4d3,910990bc2dc52a4758d721159c07e08c048b1179156be822cd75118ba14cd5a6,clustering,1,0,6,1.0,1,7,10,1730,25,9.765625,25,0,1.0,0.4,7aaf5f972b13e1d17d6c79518839c114f12a26c8658dd348072e6c63100b7899
error-surface,filter,2,0,2,17,True,119,119,16,16,128,,,,,2027,passed,,540,256,4,136,120,136,136,0,136,0,44,44,4,0.03565937513485551,0.09162679221481085,11.332299707923084,11.45958587527275,,7832f24619e1ca138eb6522340142a372c8e8a1a816814f207207cbf71130e08,910990bc2dc52a4758d721159c07e08c048b1179156be822cd75118ba14cd5a6,clustering,1,0,6,1.0,1,0,25,1730,64,25.0,44,20,0.6875,0.56640625,efa258eb65f9bd13499f8c35f3f4c28d7de9de7c9376615fb9428da575ee363e
error-surface,default,2,0,0,256,False,0,0,,,,,,,,2027,passed,,540,256,4,256,0,256,256,0,256,0,64,64,4,0.051092375069856644,5.583278834819794e-06,23.9891916657798,24.04028962412849,,5687df5fd03529fc039c76db2b86101df7014922d1983f9c9b2266f86750f4d3,910990bc2dc52a4758d721159c07e08c048b1179156be822cd75118ba14cd5a6,clustering,1,0,6,1.0,1,1,25,1730,64,25.0,64,0,1.0,0.56640625,efa258eb65f9bd13499f8c35f3f4c28d7de9de7c9376615fb9428da575ee363e
error-surface,combined,2,2,2,5,False,0,0,,,,,,,,2027,passed,,540,256,4,5,251,5,5,0,5,0,3,3,4,0.05146274995058775,0.030043667182326317,0.4933959161862731,0.5749023333191872,,34513e7c9240c76043c0eb6b5f6561a131304309470f1b473b9c1eef1185a6b1,910990bc2dc52a4758d721159c07e08c048b1179156be822cd75118ba14cd5a6,clustering,1,0,6,1.0,1,2,25,1730,64,25.0,3,61,0.046875,0.56640625,efa258eb65f9bd13499f8c35f3f4c28d7de9de7c9376615fb9428da575ee363e
error-surface,sample-random,2,0,0,180,False,0,0,,,,,,,,2027,passed,,540,256,4,180,76,180,180,0,180,0,42,42,4,0.04965320834890008,0.003426499664783478,16.39277691580355,16.445856623817235,,e11992f18c369144224551226889664b01423d6962914b83e402a9980184bfdf,910990bc2dc52a4758d721159c07e08c048b1179156be822cd75118ba14cd5a6,clustering,1,0,6,1.0,1,3,25,1730,64,25.0,42,22,0.65625,0.56640625,efa258eb65f9bd13499f8c35f3f4c28d7de9de7c9376615fb9428da575ee363e
error-surface,random,2,2,0,17,False,0,0,,,,,,,,2027,passed,,540,256,4,17,239,17,17,0,17,0,3,3,4,0.05285970913246274,0.00015812506899237633,1.6251076250337064,1.6781254592351615,,789d170927e05623c4ed33f0a213d666a4144a9217608879abbe25d17b39b9d0,910990bc2dc52a4758d721159c07e08c048b1179156be822cd75118ba14cd5a6,clustering,1,0,6,1.0,1,4,25,1730,64,25.0,3,61,0.046875,0.56640625,efa258eb65f9bd13499f8c35f3f4c28d7de9de7c9376615fb9428da575ee363e
error-surface,filter-aggressive,2,0,2,17,True,119,119,16,16,1,0,unmatched,chart complexity or topology is outside the measured calibration profiles,65b65fc46bcb4af6ae69145bdd32606e6e48270ff4564783c6c95ac61043d36b,2027,passed,,540,256,4,136,120,136,136,0,136,0,44,44,4,0.04570904187858105,0.1496443753130734,12.167767249979079,12.363120667170733,,7832f24619e1ca138eb6522340142a372c8e8a1a816814f207207cbf71130e08,910990bc2dc52a4758d721159c07e08c048b1179156be822cd75118ba14cd5a6,clustering,1,0,6,1.0,1,5,25,1730,64,25.0,44,20,0.6875,0.56640625,efa258eb65f9bd13499f8c35f3f4c28d7de9de7c9376615fb9428da575ee363e
error-surface,exact-equivalence,2,0,0,256,False,0,0,,,,,,,,2027,passed,,540,256,4,256,0,256,256,0,4,252,64,1,4,0.05099900020286441,0.010240874718874693,1.325837166979909,1.387077041901648,,5687df5fd03529fc039c76db2b86101df7014922d1983f9c9b2266f86750f4d3,910990bc2dc52a4758d721159c07e08c048b1179156be822cd75118ba14cd5a6,clustering,1,0,6,1.0,1,6,25,1730,64,25.0,64,0,1.0,0.56640625,efa258eb65f9bd13499f8c35f3f4c28d7de9de7c9376615fb9428da575ee363e
error-surface,topology,2,0,2,17,False,0,0,,,,,,,,2027,passed,,540,256,4,17,239,17,17,0,17,0,4,4,4,0.04705983307212591,0.03203437477350235,1.6756722498685122,1.7547664577141404,,0f7406e586922e147a427ce77d17db1ab4f183597cd62813e961f18a2bde1beb,910990bc2dc52a4758d721159c07e08c048b1179156be822cd75118ba14cd5a6,clustering,1,0,6,1.0,1,7,25,1730,64,25.0,4,60,0.0625,0.56640625,efa258eb65f9bd13499f8c35f3f4c28d7de9de7c9376615fb9428da575ee363e
error-surface,sample-random,2,0,0,180,False,0,0,,,,,,,,2027,passed,,540,256,4,180,76,180,180,0,180,0,85,85,4,0.05118837486952543,0.002593375276774168,15.737236666958779,15.791018417105079,,e11992f18c369144224551226889664b01423d6962914b83e402a9980184bfdf,910990bc2dc52a4758d721159c07e08c048b1179156be822cd75118ba14cd5a6,clustering,1,0,6,1.0,1,0,50,1730,128,50.0,85,43,0.6640625,0.7265625,a285de8d5171aee83a0a8e96a1debf0ce56e6194a7265355e1227d0a10167fbe
error-surface,filter,2,0,2,17,True,239,239,16,16,128,,,,,2027,passed,,540,256,4,256,0,256,256,0,256,0,128,128,4,0.05296783382073045,0.09626749996095896,22.784797749947757,22.934033083729446,,bb24e9d67d46aaab822156dff787c19325adc2a06a01c2fdcdc3272cdbff1d3a,910990bc2dc52a4758d721159c07e08c048b1179156be822cd75118ba14cd5a6,clustering,1,0,6,1.0,1,1,50,1730,128,50.0,128,0,1.0,0.7265625,a285de8d5171aee83a0a8e96a1debf0ce56e6194a7265355e1227d0a10167fbe
error-surface,random,2,2,0,17,False,0,0,,,,,,,,2027,passed,,540,256,4,17,239,17,17,0,17,0,5,5,4,0.045933499932289124,0.00015445798635482788,1.403980332892388,1.450068290811032,,789d170927e05623c4ed33f0a213d666a4144a9217608879abbe25d17b39b9d0,910990bc2dc52a4758d721159c07e08c048b1179156be822cd75118ba14cd5a6,clustering,1,0,6,1.0,1,2,50,1730,128,50.0,5,123,0.0390625,0.7265625,a285de8d5171aee83a0a8e96a1debf0ce56e6194a7265355e1227d0a10167fbe
error-surface,default,2,0,0,256,False,0,0,,,,,,,,2027,passed,,540,256,4,256,0,256,256,0,256,0,128,128,4,0.04072087490931153,4.500150680541992e-06,19.981014541350305,20.021739916410297,,5687df5fd03529fc039c76db2b86101df7014922d1983f9c9b2266f86750f4d3,910990bc2dc52a4758d721159c07e08c048b1179156be822cd75118ba14cd5a6,clustering,1,0,6,1.0,1,3,50,1730,128,50.0,128,0,1.0,0.7265625,a285de8d5171aee83a0a8e96a1debf0ce56e6194a7265355e1227d0a10167fbe
error-surface,exact-equivalence,2,0,0,256,False,0,0,,,,,,,,2027,passed,,540,256,4,256,0,256,256,0,4,252,128,2,4,0.04183983290567994,0.007160542067140341,1.0744835841469467,1.123483959119767,,5687df5fd03529fc039c76db2b86101df7014922d1983f9c9b2266f86750f4d3,910990bc2dc52a4758d721159c07e08c048b1179156be822cd75118ba14cd5a6,clustering,1,0,6,1.0,1,4,50,1730,128,50.0,128,0,1.0,0.7265625,a285de8d5171aee83a0a8e96a1debf0ce56e6194a7265355e1227d0a10167fbe
error-surface,topology,2,0,2,17,False,0,0,,,,,,,,2027,passed,,540,256,4,17,239,17,17,0,17,0,11,11,4,0.04578408319503069,0.02692320803180337,1.2602112079039216,1.3329184991307557,,0f7406e586922e147a427ce77d17db1ab4f183597cd62813e961f18a2bde1beb,910990bc2dc52a4758d721159c07e08c048b1179156be822cd75118ba14cd5a6,clustering,1,0,6,1.0,1,5,50,1730,128,50.0,11,117,0.0859375,0.7265625,a285de8d5171aee83a0a8e96a1debf0ce56e6194a7265355e1227d0a10167fbe
error-surface,combined,2,2,2,5,False,0,0,,,,,,,,2027,passed,,540,256,4,5,251,5,5,0,5,0,5,5,4,0.03954854188486934,0.02626095898449421,0.3943091668188572,0.46011866768822074,,34513e7c9240c76043c0eb6b5f6561a131304309470f1b473b9c1eef1185a6b1,910990bc2dc52a4758d721159c07e08c048b1179156be822cd75118ba14cd5a6,clustering,1,0,6,1.0,1,6,50,1730,128,50.0,5,123,0.0390625,0.7265625,a285de8d5171aee83a0a8e96a1debf0ce56e6194a7265355e1227d0a10167fbe
error-surface,filter-aggressive,2,0,2,17,True,239,239,16,16,1,0,unmatched,chart complexity or topology is outside the measured calibration profiles,65b65fc46bcb4af6ae69145bdd32606e6e48270ff4564783c6c95ac61043d36b,2027,passed,,540,256,4,256,0,256,256,0,256,0,128,128,4,0.06029191706329584,0.14631558302789927,18.537245667073876,18.74385316716507,,bb24e9d67d46aaab822156dff787c19325adc2a06a01c2fdcdc3272cdbff1d3a,910990bc2dc52a4758d721159c07e08c048b1179156be822cd75118ba14cd5a6,clustering,1,0,6,1.0,1,7,50,1730,128,50.0,128,0,1.0,0.7265625,a285de8d5171aee83a0a8e96a1debf0ce56e6194a7265355e1227d0a10167fbe
error-surface,combined,2,2,2,5,False,0,0,,,,,,,,2027,passed,,540,256,4,5,251,5,5,0,5,0,5,5,4,0.03817512467503548,0.02247525006532669,0.36334354197606444,0.4239939167164266,,34513e7c9240c76043c0eb6b5f6561a131304309470f1b473b9c1eef1185a6b1,910990bc2dc52a4758d721159c07e08c048b1179156be822cd75118ba14cd5a6,clustering,1,0,6,1.0,1,0,75,1730,192,75.0,5,187,0.026041666666666668,0.85546875,38873aa0d18d884b632ba9bca514342961cc214ea3824c9983b187ec2ecd029a
error-surface,random,2,2,0,17,False,0,0,,,,,,,,2027,passed,,540,256,4,17,239,17,17,0,17,0,12,12,4,0.03913724981248379,0.0001322501339018345,1.2424446251243353,1.281714125070721,,789d170927e05623c4ed33f0a213d666a4144a9217608879abbe25d17b39b9d0,910990bc2dc52a4758d721159c07e08c048b1179156be822cd75118ba14cd5a6,clustering,1,0,6,1.0,1,1,75,1730,192,75.0,12,180,0.0625,0.85546875,38873aa0d18d884b632ba9bca514342961cc214ea3824c9983b187ec2ecd029a
error-surface,default,2,0,0,256,False,0,0,,,,,,,,2027,passed,,540,256,4,256,0,256,256,0,256,0,192,192,4,0.03505158284679055,2.7542002499103546e-05,20.729670791886747,20.764749916736037,,5687df5fd03529fc039c76db2b86101df7014922d1983f9c9b2266f86750f4d3,910990bc2dc52a4758d721159c07e08c048b1179156be822cd75118ba14cd5a6,clustering,1,0,6,1.0,1,2,75,1730,192,75.0,192,0,1.0,0.85546875,38873aa0d18d884b632ba9bca514342961cc214ea3824c9983b187ec2ecd029a
error-surface,topology,2,0,2,17,False,0,0,,,,,,,,2027,passed,,540,256,4,17,239,17,17,0,17,0,14,14,4,0.06037158286198974,0.028310042340308428,1.430467416997999,1.5191490422002971,,0f7406e586922e147a427ce77d17db1ab4f183597cd62813e961f18a2bde1beb,910990bc2dc52a4758d721159c07e08c048b1179156be822cd75118ba14cd5a6,clustering,1,0,6,1.0,1,3,75,1730,192,75.0,14,178,0.07291666666666667,0.85546875,38873aa0d18d884b632ba9bca514342961cc214ea3824c9983b187ec2ecd029a
error-surface,exact-equivalence,2,0,0,256,False,0,0,,,,,,,,2027,passed,,540,256,4,256,0,256,256,0,4,252,192,3,4,0.04508575005456805,0.00804579071700573,1.021599750034511,1.0747312908060849,,5687df5fd03529fc039c76db2b86101df7014922d1983f9c9b2266f86750f4d3,910990bc2dc52a4758d721159c07e08c048b1179156be822cd75118ba14cd5a6,clustering,1,0,6,1.0,1,4,75,1730,192,75.0,192,0,1.0,0.85546875,38873aa0d18d884b632ba9bca514342961cc214ea3824c9983b187ec2ecd029a
error-surface,filter-aggressive,2,0,2,17,True,239,239,16,16,1,0,unmatched,chart complexity or topology is outside the measured calibration profiles,65b65fc46bcb4af6ae69145bdd32606e6e48270ff4564783c6c95ac61043d36b,2027,passed,,540,256,4,256,0,256,256,0,256,0,192,192,4,0.03992312494665384,0.11884600017219782,18.607636459171772,18.766405584290624,,bb24e9d67d46aaab822156dff787c19325adc2a06a01c2fdcdc3272cdbff1d3a,910990bc2dc52a4758d721159c07e08c048b1179156be822cd75118ba14cd5a6,clustering,1,0,6,1.0,1,5,75,1730,192,75.0,192,0,1.0,0.85546875,38873aa0d18d884b632ba9bca514342961cc214ea3824c9983b187ec2ecd029a
error-surface,sample-random,2,0,0,180,False,0,0,,,,,,,,2027,passed,,540,256,4,180,76,180,180,0,180,0,132,132,4,0.03850200027227402,0.0021351249888539314,11.817985666915774,11.858622792176902,,e11992f18c369144224551226889664b01423d6962914b83e402a9980184bfdf,910990bc2dc52a4758d721159c07e08c048b1179156be822cd75118ba14cd5a6,clustering,1,0,6,1.0,1,6,75,1730,192,75.0,132,60,0.6875,0.85546875,38873aa0d18d884b632ba9bca514342961cc214ea3824c9983b187ec2ecd029a
error-surface,filter,2,0,2,17,True,239,239,16,16,128,,,,,2027,passed,,540,256,4,256,0,256,256,0,256,0,192,192,4,0.04906183434650302,0.10145495925098658,17.34343154123053,17.49394833482802,,bb24e9d67d46aaab822156dff787c19325adc2a06a01c2fdcdc3272cdbff1d3a,910990bc2dc52a4758d721159c07e08c048b1179156be822cd75118ba14cd5a6,clustering,1,0,6,1.0,1,7,75,1730,192,75.0,192,0,1.0,0.85546875,38873aa0d18d884b632ba9bca514342961cc214ea3824c9983b187ec2ecd029a
error-surface,default,2,0,0,256,False,0,0,,,,,,,,2027,passed,,540,256,4,256,0,256,256,0,256,0,256,256,4,0.039619458839297295,3.916211426258087e-06,17.685884832870215,17.72550820792094,,5687df5fd03529fc039c76db2b86101df7014922d1983f9c9b2266f86750f4d3,910990bc2dc52a4758d721159c07e08c048b1179156be822cd75118ba14cd5a6,clustering,1,0,6,1.0,1,0,100,1730,256,100.0,256,0,1.0,1.0,436a0f1bdc8861facc8207b9537bd5a2be05f477f2d22e159e1cde2e4e580b5b
error-surface,combined,2,2,2,5,False,0,0,,,,,,,,2027,passed,,540,256,4,5,251,5,5,0,5,0,5,5,4,0.03799816686660051,0.02230300009250641,0.3528414168395102,0.4131425837986171,,34513e7c9240c76043c0eb6b5f6561a131304309470f1b473b9c1eef1185a6b1,910990bc2dc52a4758d721159c07e08c048b1179156be822cd75118ba14cd5a6,clustering,1,0,6,1.0,1,1,100,1730,256,100.0,5,251,0.01953125,1.0,436a0f1bdc8861facc8207b9537bd5a2be05f477f2d22e159e1cde2e4e580b5b
error-surface,sample-random,2,0,0,180,False,0,0,,,,,,,,2027,passed,,540,256,4,180,76,180,180,0,180,0,180,180,4,0.03932091686874628,0.0019570407457649708,12.598377500195056,12.639655457809567,,e11992f18c369144224551226889664b01423d6962914b83e402a9980184bfdf,910990bc2dc52a4758d721159c07e08c048b1179156be822cd75118ba14cd5a6,clustering,1,0,6,1.0,1,2,100,1730,256,100.0,180,76,0.703125,1.0,436a0f1bdc8861facc8207b9537bd5a2be05f477f2d22e159e1cde2e4e580b5b
error-surface,filter-aggressive,2,0,2,17,True,239,239,16,16,1,0,unmatched,chart complexity or topology is outside the measured calibration profiles,65b65fc46bcb4af6ae69145bdd32606e6e48270ff4564783c6c95ac61043d36b,2027,passed,,540,256,4,256,0,256,256,0,256,0,256,256,4,0.03149091685190797,0.11734224995598197,18.257563708350062,18.406396875157952,,a26a0721e9ce0af47606f78ac02037e12d31caf56ae2c932113efde9f4b2e486,910990bc2dc52a4758d721159c07e08c048b1179156be822cd75118ba14cd5a6,clustering,1,0,6,1.0,1,3,100,1730,256,100.0,256,0,1.0,1.0,436a0f1bdc8861facc8207b9537bd5a2be05f477f2d22e159e1cde2e4e580b5b
error-surface,topology,2,0,2,17,False,0,0,,,,,,,,2027,passed,,540,256,4,17,239,17,17,0,17,0,17,17,4,0.04276408301666379,0.026052792090922594,1.3086218750104308,1.3774387501180172,,0f7406e586922e147a427ce77d17db1ab4f183597cd62813e961f18a2bde1beb,910990bc2dc52a4758d721159c07e08c048b1179156be822cd75118ba14cd5a6,clustering,1,0,6,1.0,1,4,100,1730,256,100.0,17,239,0.06640625,1.0,436a0f1bdc8861facc8207b9537bd5a2be05f477f2d22e159e1cde2e4e580b5b
error-surface,exact-equivalence,2,0,0,256,False,0,0,,,,,,,,2027,passed,,540,256,4,256,0,256,256,0,4,252,256,4,4,0.04043708276003599,0.007120540831238031,1.0903585841879249,1.1379162077791989,,5687df5fd03529fc039c76db2b86101df7014922d1983f9c9b2266f86750f4d3,910990bc2dc52a4758d721159c07e08c048b1179156be822cd75118ba14cd5a6,clustering,1,0,6,1.0,1,5,100,1730,256,100.0,256,0,1.0,1.0,436a0f1bdc8861facc8207b9537bd5a2be05f477f2d22e159e1cde2e4e580b5b
error-surface,filter,2,0,2,17,True,239,239,16,16,128,,,,,2027,passed,,540,256,4,256,0,256,256,0,256,0,256,256,4,0.038465042132884264,0.0965502499602735,19.675496083218604,19.810511375311762,,a26a0721e9ce0af47606f78ac02037e12d31caf56ae2c932113efde9f4b2e486,910990bc2dc52a4758d721159c07e08c048b1179156be822cd75118ba14cd5a6,clustering,1,0,6,1.0,1,6,100,1730,256,100.0,256,0,1.0,1.0,436a0f1bdc8861facc8207b9537bd5a2be05f477f2d22e159e1cde2e4e580b5b
error-surface,random,2,2,0,17,False,0,0,,,,,,,,2027,passed,,540,256,4,17,239,17,17,0,17,0,17,17,4,0.046033875085413456,0.00016287481412291527,1.2653591251000762,1.3115558749996126,,789d170927e05623c4ed33f0a213d666a4144a9217608879abbe25d17b39b9d0,910990bc2dc52a4758d721159c07e08c048b1179156be822cd75118ba14cd5a6,clustering,1,0,6,1.0,1,7,100,1730,256,100.0,17,239,0.06640625,1.0,436a0f1bdc8861facc8207b9537bd5a2be05f477f2d22e159e1cde2e4e580b5b
