[INFO] Chart 1/2: .
[INFO] Preparing dependencies for . (excluded from testing budgets)
[INFO] Finite filtering unavailable: permutations need closed objects at (); set additionalProperties: false; filtering generation before value-path traversal
[INFO] Coalescing path $.additionalPrometheusRulesMap
[INFO] Coalescing path $.customRules
[INFO] Coalescing path $.extraManifests
[INFO] Coalescing path $["kube-state-metrics"]
[INFO] Coalescing path $.kubeTargetVersionOverride
[INFO] Coalescing path $["prometheus-node-exporter"]
[INFO] Coalescing path $.alertmanager.additionalLabels
[INFO] Coalescing path $.alertmanager.annotations
[INFO] Coalescing path $.alertmanager.config
[INFO] Coalescing path $.alertmanager.enableFeatures
[INFO] Coalescing path $.alertmanager.enabled
[INFO] Coalescing path $.alertmanager.forceDeployDashboards
[INFO] Coalescing path $.alertmanager.ingressPerReplica
[INFO] Coalescing path $.alertmanager.podDisruptionBudget
[INFO] Coalescing path $.alertmanager.route
[INFO] Coalescing path $.alertmanager.routePerReplica
[INFO] Coalescing path $.alertmanager.serviceMonitor
[INFO] Coalescing path $.alertmanager.servicePerReplica
[INFO] Coalescing path $.alertmanager.stringConfig
[INFO] Coalescing path $.alertmanager.templateFiles
[INFO] Coalescing path $.alertmanager.tplConfig
[INFO] Coalescing path $.coreDns.enabled
[INFO] Coalescing path $.coreDns.serviceMonitor
[INFO] Coalescing path $.defaultRules.additionalAggregationLabels
[INFO] Coalescing path $.defaultRules.additionalRuleAnnotations
[INFO] Coalescing path $.defaultRules.additionalRuleLabels
[INFO] Coalescing path $.defaultRules.annotations
[INFO] Coalescing path $.defaultRules.appNamespacesOperator
[INFO] Coalescing path $.defaultRules.appNamespacesTarget
[INFO] Coalescing path $.defaultRules.create
[INFO] Coalescing path $.defaultRules.keepFiringFor
[INFO] Coalescing path $.defaultRules.labels
[INFO] Coalescing path $.defaultRules.runbookUrl
[INFO] Coalescing path $.global.imagePullSecrets
[INFO] Coalescing path $.global.imageRegistry
[INFO] Coalescing path $.grafana.additionalDataSources
[INFO] Coalescing path $.grafana.additionalDataSourcesString
[INFO] Coalescing path $.grafana.adminUser
[INFO] Coalescing path $.grafana.defaultDashboardsEditable
[INFO] Coalescing path $.grafana.defaultDashboardsEnabled
[INFO] Coalescing path $.grafana.defaultDashboardsInterval
[INFO] Coalescing path $.grafana.defaultDashboardsTimezone
[INFO] Coalescing path $.grafana.deleteDatasources
[INFO] Coalescing path $.grafana.enabled
[INFO] Coalescing path $.grafana.forceDeployDashboards
[INFO] Coalescing path $.grafana.forceDeployDatasources
[INFO] Coalescing path $.grafana.name
[INFO] Coalescing path $.grafana.namespaceOverride
[INFO] Coalescing path $.grafana.prune
[INFO] Coalescing path $.kubeApiServer.enabled
[INFO] Coalescing path $.kubeApiServer.serviceMonitor
[INFO] Coalescing path $.kubeApiServer.tlsConfig
[INFO] Coalescing path $.kubeControllerManager.enabled
[INFO] Coalescing path $.kubeControllerManager.endpoints
[INFO] Coalescing path $.kubeControllerManager.serviceMonitor
[INFO] Coalescing path $.kubeDns.enabled
[INFO] Coalescing path $.kubeDns.serviceMonitor
[INFO] Coalescing path $.kubeEtcd.enabled
[INFO] Coalescing path $.kubeEtcd.endpoints
[INFO] Coalescing path $.kubeEtcd.serviceMonitor
[INFO] Coalescing path $.kubeProxy.enabled
[INFO] Coalescing path $.kubeProxy.endpoints
[INFO] Coalescing path $.kubeProxy.serviceMonitor
[INFO] Coalescing path $.kubeScheduler.enabled
[INFO] Coalescing path $.kubeScheduler.endpoints
[INFO] Coalescing path $.kubeScheduler.serviceMonitor
[INFO] Coalescing path $.kubeStateMetrics.enabled
[INFO] Coalescing path $.kubelet.enabled
[INFO] Coalescing path $.kubelet.namespace
[INFO] Coalescing path $.kubelet.serviceMonitor
[INFO] Coalescing path $.kubernetesServiceMonitors.enabled
[INFO] Coalescing path $.nodeExporter.enabled
[INFO] Coalescing path $.nodeExporter.forceDeployDashboards
[INFO] Coalescing path $.prometheus.additionalLabels
[INFO] Coalescing path $.prometheus.additionalPodMonitors
[INFO] Coalescing path $.prometheus.additionalRulesForClusterRole
[INFO] Coalescing path $.prometheus.additionalServiceMonitors
[INFO] Coalescing path $.prometheus.agentMode
[INFO] Coalescing path $.prometheus.annotations
[INFO] Coalescing path $.prometheus.enabled
[INFO] Coalescing path $.prometheus.ingressPerReplica
[INFO] Coalescing path $.prometheus.podDisruptionBudget
[INFO] Coalescing path $.prometheus.route
[INFO] Coalescing path $.prometheus.routePerReplica
[INFO] Coalescing path $.prometheus.serviceMonitor
[INFO] Coalescing path $.prometheus.servicePerReplica
[INFO] Coalescing path $.prometheus.thanosServiceMonitor
[INFO] Coalescing path $.prometheusOperator.affinity
[INFO] Coalescing path $.prometheusOperator.alertmanagerConfigNamespaces
[INFO] Coalescing path $.prometheusOperator.alertmanagerDefaultBaseImage
[INFO] Coalescing path $.prometheusOperator.alertmanagerDefaultBaseImageRegistry
[INFO] Coalescing path $.prometheusOperator.alertmanagerInstanceNamespaces
[INFO] Coalescing path $.prometheusOperator.alertmanagerInstanceSelector
[INFO] Coalescing path $.prometheusOperator.annotations
[INFO] Coalescing path $.prometheusOperator.automountServiceAccountToken
[INFO] Coalescing path $.prometheusOperator.clusterDomain
[INFO] Coalescing path $.prometheusOperator.containerSecurityContext
[INFO] Coalescing path $.prometheusOperator.denyNamespaces
[INFO] Coalescing path $.prometheusOperator.dnsConfig
[INFO] Coalescing path $.prometheusOperator.enabled
[INFO] Coalescing path $.prometheusOperator.env
[INFO] Coalescing path $.prometheusOperator.extraArgs
[INFO] Coalescing path $.prometheusOperator.extraVolumeMounts
[INFO] Coalescing path $.prometheusOperator.extraVolumes
[INFO] Coalescing path $.prometheusOperator.featureGates
[INFO] Coalescing path $.prometheusOperator.hostNetwork
[INFO] Coalescing path $.prometheusOperator.hostUsers
[INFO] Coalescing path $.prometheusOperator.kubeletEndpointSliceEnabled
[INFO] Coalescing path $.prometheusOperator.kubeletEndpointsEnabled
[INFO] Coalescing path $.prometheusOperator.labels
[INFO] Coalescing path $.prometheusOperator.lifecycle
[INFO] Coalescing path $.prometheusOperator.logFormat
[INFO] Coalescing path $.prometheusOperator.logLevel
[INFO] Coalescing path $.prometheusOperator.namespaces
[INFO] Coalescing path $.prometheusOperator.nodeSelector
[INFO] Coalescing path $.prometheusOperator.podAnnotations
[INFO] Coalescing path $.prometheusOperator.podDisruptionBudget
[INFO] Coalescing path $.prometheusOperator.podLabels
[INFO] Coalescing path $.prometheusOperator.priorityClassName
[INFO] Coalescing path $.prometheusOperator.prometheusDefaultBaseImage
[INFO] Coalescing path $.prometheusOperator.prometheusDefaultBaseImageRegistry
[INFO] Coalescing path $.prometheusOperator.prometheusInstanceNamespaces
[INFO] Coalescing path $.prometheusOperator.prometheusInstanceSelector
[INFO] Coalescing path $.prometheusOperator.resources
[INFO] Coalescing path $.prometheusOperator.revisionHistoryLimit
[INFO] Coalescing path $.prometheusOperator.secretFieldSelector
[INFO] Coalescing path $.prometheusOperator.securityContext
[INFO] Coalescing path $.prometheusOperator.serviceMonitor
[INFO] Coalescing path $.prometheusOperator.strategy
[INFO] Coalescing path $.prometheusOperator.terminationGracePeriodSeconds
[INFO] Coalescing path $.prometheusOperator.thanosRulerInstanceNamespaces
[INFO] Coalescing path $.prometheusOperator.thanosRulerInstanceSelector
[INFO] Coalescing path $.prometheusOperator.tolerations
[INFO] Coalescing path $.thanosRuler.annotations
[INFO] Coalescing path $.thanosRuler.enabled
[INFO] Coalescing path $.thanosRuler.podDisruptionBudget
[INFO] Coalescing path $.thanosRuler.route
[INFO] Coalescing path $.thanosRuler.serviceMonitor
[INFO] Coalescing path $.windowsMonitoring.enabled
[INFO] Coalescing path $.additionalPrometheusRulesMap[*].additionalLabels
[INFO] Coalescing path $.additionalPrometheusRulesMap[*].groups
[INFO] Coalescing path $.alertmanager.alertmanagerSpec.additionalArgs
[INFO] Coalescing path $.alertmanager.alertmanagerSpec.additionalConfig
[INFO] Coalescing path $.alertmanager.alertmanagerSpec.additionalConfigString
[INFO] Coalescing path $.alertmanager.alertmanagerSpec.additionalPeers
[INFO] Coalescing path $.alertmanager.alertmanagerSpec.affinity
[INFO] Coalescing path $.alertmanager.alertmanagerSpec.alertmanagerConfigMatcherStrategy
[INFO] Coalescing path $.alertmanager.alertmanagerSpec.alertmanagerConfigNamespaceSelector
[INFO] Coalescing path $.alertmanager.alertmanagerSpec.alertmanagerConfigSelector
[INFO] Coalescing path $.alertmanager.alertmanagerSpec.alertmanagerConfiguration
[INFO] Coalescing path $.alertmanager.alertmanagerSpec.automountServiceAccountToken
[INFO] Coalescing path $.alertmanager.alertmanagerSpec.clusterAdvertiseAddress
[INFO] Coalescing path $.alertmanager.alertmanagerSpec.clusterGossipInterval
[INFO] Coalescing path $.alertmanager.alertmanagerSpec.clusterLabel
[INFO] Coalescing path $.alertmanager.alertmanagerSpec.clusterPeerTimeout
[INFO] Coalescing path $.alertmanager.alertmanagerSpec.clusterPushpullInterval
[INFO] Coalescing path $.alertmanager.alertmanagerSpec.clusterTLS
[INFO] Coalescing path $.alertmanager.alertmanagerSpec.configMaps
[INFO] Coalescing path $.alertmanager.alertmanagerSpec.configSecret
[INFO] Coalescing path $.alertmanager.alertmanagerSpec.containers
[INFO] Coalescing path $.alertmanager.alertmanagerSpec.dnsConfig
[INFO] Coalescing path $.alertmanager.alertmanagerSpec.dnsPolicy
[INFO] Coalescing path $.alertmanager.alertmanagerSpec.enableServiceLinks
[INFO] Coalescing path $.alertmanager.alertmanagerSpec.externalUrl
[INFO] Coalescing path $.alertmanager.alertmanagerSpec.forceEnableClusterMode
[INFO] Coalescing path $.alertmanager.alertmanagerSpec.hostAliases
[INFO] Coalescing path $.alertmanager.alertmanagerSpec.hostNetwork
[INFO] Coalescing path $.alertmanager.alertmanagerSpec.hostUsers
[INFO] Coalescing path $.alertmanager.alertmanagerSpec.image
[INFO] Coalescing path $.alertmanager.alertmanagerSpec.initContainers
[INFO] Coalescing path $.alertmanager.alertmanagerSpec.limits
[INFO] Coalescing path $.alertmanager.alertmanagerSpec.listenLocal
[INFO] Coalescing path $.alertmanager.alertmanagerSpec.logFormat
[INFO] Coalescing path $.alertmanager.alertmanagerSpec.logLevel
[INFO] Coalescing path $.alertmanager.alertmanagerSpec.minReadySeconds
[INFO] Coalescing path $.alertmanager.alertmanagerSpec.nodeSelector
[INFO] Coalescing path $.alertmanager.alertmanagerSpec.paused
[INFO] Coalescing path $.alertmanager.alertmanagerSpec.persistentVolumeClaimRetentionPolicy
[INFO] Coalescing path $.alertmanager.alertmanagerSpec.podAntiAffinity
[INFO] Coalescing path $.alertmanager.alertmanagerSpec.podAntiAffinityTopologyKey
[INFO] Coalescing path $.alertmanager.alertmanagerSpec.podManagementPolicy
[INFO] Coalescing path $.alertmanager.alertmanagerSpec.podMetadata
[INFO] Coalescing path $.alertmanager.alertmanagerSpec.portName
[INFO] Coalescing path $.alertmanager.alertmanagerSpec.priorityClassName
[INFO] Coalescing path $.alertmanager.alertmanagerSpec.replicas
[INFO] Coalescing path $.alertmanager.alertmanagerSpec.resources
[INFO] Coalescing path $.alertmanager.alertmanagerSpec.retention
[INFO] Coalescing path $.alertmanager.alertmanagerSpec.routePrefix
[INFO] Coalescing path $.alertmanager.alertmanagerSpec.schedulerName
[INFO] Coalescing path $.alertmanager.alertmanagerSpec.secrets
[INFO] Coalescing path $.alertmanager.alertmanagerSpec.securityContext
[INFO] Coalescing path $.alertmanager.alertmanagerSpec.serviceName
[INFO] Coalescing path $.alertmanager.alertmanagerSpec.storage
[INFO] Coalescing path $.alertmanager.alertmanagerSpec.terminationGracePeriodSeconds
[INFO] Coalescing path $.alertmanager.alertmanagerSpec.tolerations
[INFO] Coalescing path $.alertmanager.alertmanagerSpec.topologySpreadConstraints
[INFO] Coalescing path $.alertmanager.alertmanagerSpec.updateStrategy
[INFO] Coalescing path $.alertmanager.alertmanagerSpec.useExistingSecret
[INFO] Coalescing path $.alertmanager.alertmanagerSpec.version
[INFO] Coalescing path $.alertmanager.alertmanagerSpec.volumeMounts
[INFO] Coalescing path $.alertmanager.alertmanagerSpec.volumes
[INFO] Coalescing path $.alertmanager.alertmanagerSpec.web
[INFO] Coalescing path $.alertmanager.extraSecret.annotations
[INFO] Coalescing path $.alertmanager.extraSecret.data
[INFO] Coalescing path $.alertmanager.extraSecret.name
[INFO] Coalescing path $.alertmanager.ingress.annotations
[INFO] Coalescing path $.alertmanager.ingress.enabled
[INFO] Coalescing path $.alertmanager.ingress.extraPaths
[INFO] Coalescing path $.alertmanager.ingress.hosts
[INFO] Coalescing path $.alertmanager.ingress.ingressClassName
[INFO] Coalescing path $.alertmanager.ingress.labels
[INFO] Coalescing path $.alertmanager.ingress.pathType
[INFO] Coalescing path $.alertmanager.ingress.paths
[INFO] Coalescing path $.alertmanager.ingress.serviceName
[INFO] Coalescing path $.alertmanager.ingress.servicePort
[INFO] Coalescing path $.alertmanager.ingress.tls
[INFO] Coalescing path $.alertmanager.ingressPerReplica.annotations
[INFO] Coalescing path $.alertmanager.ingressPerReplica.enabled
[INFO] Coalescing path $.alertmanager.ingressPerReplica.hostDomain
[INFO] Coalescing path $.alertmanager.ingressPerReplica.hostPrefix
[INFO] Coalescing path $.alertmanager.ingressPerReplica.ingressClassName
[INFO] Coalescing path $.alertmanager.ingressPerReplica.labels
[INFO] Coalescing path $.alertmanager.ingressPerReplica.pathType
[INFO] Coalescing path $.alertmanager.ingressPerReplica.paths
[INFO] Coalescing path $.alertmanager.ingressPerReplica.tlsSecretName
[INFO] Coalescing path $.alertmanager.networkPolicy.additionalIngress
[INFO] Coalescing path $.alertmanager.networkPolicy.enableClusterRules
[INFO] Coalescing path $.alertmanager.networkPolicy.enabled
[INFO] Coalescing path $.alertmanager.networkPolicy.policyTypes
[INFO] Coalescing path $.alertmanager.podDisruptionBudget.enabled
[INFO] Coalescing path $.alertmanager.route[*]
[INFO] Coalescing path $.alertmanager.routePerReplica[*]
[INFO] Coalescing path $.alertmanager.secret.annotations
[INFO] Coalescing path $.alertmanager.service.additionalPorts
[INFO] Coalescing path $.alertmanager.service.annotations
[INFO] Coalescing path $.alertmanager.service.clusterIP
[INFO] Coalescing path $.alertmanager.service.clusterPort
[INFO] Coalescing path $.alertmanager.service.enabled
[INFO] Coalescing path $.alertmanager.service.externalIPs
[INFO] Coalescing path $.alertmanager.service.externalTrafficPolicy
[INFO] Coalescing path $.alertmanager.service.labels
[INFO] Coalescing path $.alertmanager.service.loadBalancerIP
[INFO] Coalescing path $.alertmanager.service.loadBalancerSourceRanges
[INFO] Coalescing path $.alertmanager.service.nodePort
[INFO] Coalescing path $.alertmanager.service.port
[INFO] Coalescing path $.alertmanager.service.sessionAffinity
[INFO] Coalescing path $.alertmanager.service.targetPort
[INFO] Coalescing path $.alertmanager.service.type
[INFO] Coalescing path $.alertmanager.serviceAccount.annotations
[INFO] Coalescing path $.alertmanager.serviceAccount.automountServiceAccountToken
[INFO] Coalescing path $.alertmanager.serviceAccount.create
[INFO] Coalescing path $.alertmanager.serviceMonitor.additionalEndpoints
[INFO] Coalescing path $.alertmanager.serviceMonitor.additionalLabels
[INFO] Coalescing path $.alertmanager.serviceMonitor.bearerTokenFile
[INFO] Coalescing path $.alertmanager.serviceMonitor.enableHttp2
[INFO] Coalescing path $.alertmanager.serviceMonitor.interval
[INFO] Coalescing path $.alertmanager.serviceMonitor.metricRelabelings
[INFO] Coalescing path $.alertmanager.serviceMonitor.proxyUrl
[INFO] Coalescing path $.alertmanager.serviceMonitor.relabelings
[INFO] Coalescing path $.alertmanager.serviceMonitor.scheme
[INFO] Coalescing path $.alertmanager.serviceMonitor.selfMonitor
[INFO] Coalescing path $.alertmanager.serviceMonitor.tlsConfig
[INFO] Coalescing path $.alertmanager.servicePerReplica.annotations
[INFO] Coalescing path $.alertmanager.servicePerReplica.clusterIP
[INFO] Coalescing path $.alertmanager.servicePerReplica.enabled
[INFO] Coalescing path $.alertmanager.servicePerReplica.externalTrafficPolicy
[INFO] Coalescing path $.alertmanager.servicePerReplica.loadBalancerSourceRanges
[INFO] Coalescing path $.alertmanager.servicePerReplica.nodePort
[INFO] Coalescing path $.alertmanager.servicePerReplica.port
[INFO] Coalescing path $.alertmanager.servicePerReplica.targetPort
[INFO] Coalescing path $.alertmanager.servicePerReplica.type
[INFO] Coalescing path $.alertmanager.stringConfig[""]
[INFO] Coalescing path $.alertmanager.templateFiles[*]
[INFO] Coalescing path $.alertmanager.verticalPodAutoscaler.controlledResources
[INFO] Coalescing path $.alertmanager.verticalPodAutoscaler.controlledValues
[INFO] Coalescing path $.alertmanager.verticalPodAutoscaler.enabled
[INFO] Coalescing path $.alertmanager.verticalPodAutoscaler.maxAllowed
[INFO] Coalescing path $.alertmanager.verticalPodAutoscaler.minAllowed
[INFO] Coalescing path $.alertmanager.verticalPodAutoscaler.recommenders
[INFO] Coalescing path $.alertmanager.verticalPodAutoscaler.updatePolicy
[INFO] Coalescing path $.coreDns.service.enabled
[INFO] Coalescing path $.coreDns.service.port
[INFO] Coalescing path $.coreDns.service.selector
[INFO] Coalescing path $.coreDns.service.targetPort
[INFO] Coalescing path $.coreDns.serviceMonitor.additionalLabels
[INFO] Coalescing path $.coreDns.serviceMonitor.authorization
[INFO] Coalescing path $.coreDns.serviceMonitor.enabled
[INFO] Coalescing path $.coreDns.serviceMonitor.interval
[INFO] Coalescing path $.coreDns.serviceMonitor.jobLabel
[INFO] Coalescing path $.coreDns.serviceMonitor.metricRelabelings
[INFO] Coalescing path $.coreDns.serviceMonitor.port
[INFO] Coalescing path $.coreDns.serviceMonitor.proxyUrl
[INFO] Coalescing path $.coreDns.serviceMonitor.relabelings
[INFO] Coalescing path $.coreDns.serviceMonitor.selector
[INFO] Coalescing path $.coreDns.serviceMonitor.targetLabels
[INFO] Coalescing path $.customRules.AlertmanagerClusterCrashlooping.for
[INFO] Coalescing path $.customRules.AlertmanagerClusterCrashlooping.severity
[INFO] Coalescing path $.customRules.AlertmanagerClusterDown.for
[INFO] Coalescing path $.customRules.AlertmanagerClusterDown.severity
[INFO] Coalescing path $.customRules.AlertmanagerClusterFailedPeers.for
[INFO] Coalescing path $.customRules.AlertmanagerClusterFailedPeers.severity
[INFO] Coalescing path $.customRules.AlertmanagerClusterFailedToSendAlerts.for
[INFO] Coalescing path $.customRules.AlertmanagerClusterFailedToSendAlerts.severity
[INFO] Coalescing path $.customRules.AlertmanagerConfigInconsistent.for
[INFO] Coalescing path $.customRules.AlertmanagerConfigInconsistent.severity
[INFO] Coalescing path $.customRules.AlertmanagerFailedReload.for
[INFO] Coalescing path $.customRules.AlertmanagerFailedReload.severity
[INFO] Coalescing path $.customRules.AlertmanagerFailedToSendAlerts.for
[INFO] Coalescing path $.customRules.AlertmanagerFailedToSendAlerts.severity
[INFO] Coalescing path $.customRules.AlertmanagerMembersInconsistent.for
[INFO] Coalescing path $.customRules.AlertmanagerMembersInconsistent.severity
[INFO] Coalescing path $.customRules.CPUThrottlingHigh.for
[INFO] Coalescing path $.customRules.CPUThrottlingHigh.severity
[INFO] Coalescing path $.customRules.ConfigReloaderSidecarErrors.for
[INFO] Coalescing path $.customRules.ConfigReloaderSidecarErrors.severity
[INFO] Coalescing path $.customRules.InfoInhibitor.severity
[INFO] Coalescing path $.customRules.KubeAPIDown.for
[INFO] Coalescing path $.customRules.KubeAPIDown.severity
[INFO] Coalescing path $.customRules.KubeAPIErrorBudgetBurn.for
[INFO] Coalescing path $.customRules.KubeAPIErrorBudgetBurn.severity
[INFO] Coalescing path $.customRules.KubeAPIInstanceUnreachable.for
[INFO] Coalescing path $.customRules.KubeAPIInstanceUnreachable.severity
[INFO] Coalescing path $.customRules.KubeAPITerminatedRequests.for
[INFO] Coalescing path $.customRules.KubeAPITerminatedRequests.severity
[INFO] Coalescing path $.customRules.KubeAggregatedAPIDown.for
[INFO] Coalescing path $.customRules.KubeAggregatedAPIDown.severity
[INFO] Coalescing path $.customRules.KubeAggregatedAPIErrors.for
[INFO] Coalescing path $.customRules.KubeAggregatedAPIErrors.severity
[INFO] Coalescing path $.customRules.KubeCPUOvercommit.for
[INFO] Coalescing path $.customRules.KubeCPUOvercommit.severity
[INFO] Coalescing path $.customRules.KubeCPUQuotaOvercommit.for
[INFO] Coalescing path $.customRules.KubeCPUQuotaOvercommit.severity
[INFO] Coalescing path $.customRules.KubeClientCertificateExpiration.for
[INFO] Coalescing path $.customRules.KubeClientCertificateExpiration.severity
[INFO] Coalescing path $.customRules.KubeClientErrors.for
[INFO] Coalescing path $.customRules.KubeClientErrors.severity
[INFO] Coalescing path $.customRules.KubeContainerWaiting.for
[INFO] Coalescing path $.customRules.KubeContainerWaiting.severity
[INFO] Coalescing path $.customRules.KubeControllerManagerDown.for
[INFO] Coalescing path $.customRules.KubeControllerManagerDown.severity
[INFO] Coalescing path $.customRules.KubeControllerManagerInstanceUnreachable.for
[INFO] Coalescing path $.customRules.KubeControllerManagerInstanceUnreachable.severity
[INFO] Coalescing path $.customRules.KubeDaemonSetMisScheduled.for
[INFO] Coalescing path $.customRules.KubeDaemonSetMisScheduled.severity
[INFO] Coalescing path $.customRules.KubeDaemonSetNotScheduled.for
[INFO] Coalescing path $.customRules.KubeDaemonSetNotScheduled.severity
[INFO] Coalescing path $.customRules.KubeDaemonSetRolloutStuck.for
[INFO] Coalescing path $.customRules.KubeDaemonSetRolloutStuck.severity
[INFO] Coalescing path $.customRules.KubeDeploymentGenerationMismatch.for
[INFO] Coalescing path $.customRules.KubeDeploymentGenerationMismatch.severity
[INFO] Coalescing path $.customRules.KubeDeploymentReplicasMismatch.for
[INFO] Coalescing path $.customRules.KubeDeploymentReplicasMismatch.severity
[INFO] Coalescing path $.customRules.KubeDeploymentRolloutStuck.for
[INFO] Coalescing path $.customRules.KubeDeploymentRolloutStuck.severity
[INFO] Coalescing path $.customRules.KubeHpaMaxedOut.for
[INFO] Coalescing path $.customRules.KubeHpaMaxedOut.severity
[INFO] Coalescing path $.customRules.KubeHpaReplicasMismatch.for
[INFO] Coalescing path $.customRules.KubeHpaReplicasMismatch.severity
[INFO] Coalescing path $.customRules.KubeJobFailed.for
[INFO] Coalescing path $.customRules.KubeJobFailed.severity
[INFO] Coalescing path $.customRules.KubeJobNotCompleted.severity
[INFO] Coalescing path $.customRules.KubeMemoryOvercommit.for
[INFO] Coalescing path $.customRules.KubeMemoryOvercommit.severity
[INFO] Coalescing path $.customRules.KubeMemoryQuotaOvercommit.for
[INFO] Coalescing path $.customRules.KubeMemoryQuotaOvercommit.severity
[INFO] Coalescing path $.customRules.KubeNodeEviction.for
[INFO] Coalescing path $.customRules.KubeNodeEviction.severity
[INFO] Coalescing path $.customRules.KubeNodeNotReady.for
[INFO] Coalescing path $.customRules.KubeNodeNotReady.severity
[INFO] Coalescing path $.customRules.KubeNodePressure.for
[INFO] Coalescing path $.customRules.KubeNodePressure.severity
[INFO] Coalescing path $.customRules.KubeNodeReadinessFlapping.for
[INFO] Coalescing path $.customRules.KubeNodeReadinessFlapping.severity
[INFO] Coalescing path $.customRules.KubeNodeUnreachable.for
[INFO] Coalescing path $.customRules.KubeNodeUnreachable.severity
[INFO] Coalescing path $.customRules.KubePdbNotEnoughHealthyPods.for
[INFO] Coalescing path $.customRules.KubePdbNotEnoughHealthyPods.severity
[INFO] Coalescing path $.customRules.KubePersistentVolumeErrors.for
[INFO] Coalescing path $.customRules.KubePersistentVolumeErrors.severity
[INFO] Coalescing path $.customRules.KubePersistentVolumeFillingUp.for
[INFO] Coalescing path $.customRules.KubePersistentVolumeFillingUp.severity
[INFO] Coalescing path $.customRules.KubePersistentVolumeInodesFillingUp.for
[INFO] Coalescing path $.customRules.KubePersistentVolumeInodesFillingUp.severity
[INFO] Coalescing path $.customRules.KubePodCrashLooping.for
[INFO] Coalescing path $.customRules.KubePodCrashLooping.severity
[INFO] Coalescing path $.customRules.KubePodNotReady.for
[INFO] Coalescing path $.customRules.KubePodNotReady.severity
[INFO] Coalescing path $.customRules.KubeProxyDown.for
[INFO] Coalescing path $.customRules.KubeProxyDown.severity
[INFO] Coalescing path $.customRules.KubeProxyInstanceUnreachable.for
[INFO] Coalescing path $.customRules.KubeProxyInstanceUnreachable.severity
[INFO] Coalescing path $.customRules.KubeQuotaAlmostFull.for
[INFO] Coalescing path $.customRules.KubeQuotaAlmostFull.severity
[INFO] Coalescing path $.customRules.KubeQuotaExceeded.for
[INFO] Coalescing path $.customRules.KubeQuotaExceeded.severity
[INFO] Coalescing path $.customRules.KubeQuotaFullyUsed.for
[INFO] Coalescing path $.customRules.KubeQuotaFullyUsed.severity
[INFO] Coalescing path $.customRules.KubeSchedulerDown.for
[INFO] Coalescing path $.customRules.KubeSchedulerDown.severity
[INFO] Coalescing path $.customRules.KubeSchedulerInstanceUnreachable.for
[INFO] Coalescing path $.customRules.KubeSchedulerInstanceUnreachable.severity
[INFO] Coalescing path $.customRules.KubeStateMetricsListErrors.for
[INFO] Coalescing path $.customRules.KubeStateMetricsListErrors.severity
[INFO] Coalescing path $.customRules.KubeStateMetricsShardingMismatch.for
[INFO] Coalescing path $.customRules.KubeStateMetricsShardingMismatch.severity
[INFO] Coalescing path $.customRules.KubeStateMetricsShardsMissing.for
[INFO] Coalescing path $.customRules.KubeStateMetricsShardsMissing.severity
[INFO] Coalescing path $.customRules.KubeStateMetricsWatchErrors.for
[INFO] Coalescing path $.customRules.KubeStateMetricsWatchErrors.severity
[INFO] Coalescing path $.customRules.KubeStatefulSetGenerationMismatch.for
[INFO] Coalescing path $.customRules.KubeStatefulSetGenerationMismatch.severity
[INFO] Coalescing path $.customRules.KubeStatefulSetReplicasMismatch.for
[INFO] Coalescing path $.customRules.KubeStatefulSetReplicasMismatch.severity
[INFO] Coalescing path $.customRules.KubeStatefulSetUpdateNotRolledOut.for
[INFO] Coalescing path $.customRules.KubeStatefulSetUpdateNotRolledOut.severity
[INFO] Coalescing path $.customRules.KubeVersionMismatch.for
[INFO] Coalescing path $.customRules.KubeVersionMismatch.severity
[INFO] Coalescing path $.customRules.KubeletClientCertificateExpiration.severity
[INFO] Coalescing path $.customRules.KubeletClientCertificateRenewalErrors.for
[INFO] Coalescing path $.customRules.KubeletClientCertificateRenewalErrors.severity
[INFO] Coalescing path $.customRules.KubeletDown.for
[INFO] Coalescing path $.customRules.KubeletDown.severity
[INFO] Coalescing path $.customRules.KubeletInstanceUnreachable.for
[INFO] Coalescing path $.customRules.KubeletInstanceUnreachable.severity
[INFO] Coalescing path $.customRules.KubeletPlegDurationHigh.for
[INFO] Coalescing path $.customRules.KubeletPlegDurationHigh.severity
[INFO] Coalescing path $.customRules.KubeletPodStartUpLatencyHigh.for
[INFO] Coalescing path $.customRules.KubeletPodStartUpLatencyHigh.severity
[INFO] Coalescing path $.customRules.KubeletServerCertificateExpiration.severity
[INFO] Coalescing path $.customRules.KubeletServerCertificateRenewalErrors.for
[INFO] Coalescing path $.customRules.KubeletServerCertificateRenewalErrors.severity
[INFO] Coalescing path $.customRules.KubeletTooManyPods.for
[INFO] Coalescing path $.customRules.KubeletTooManyPods.severity
[INFO] Coalescing path $.customRules.NodeBondingDegraded.for
[INFO] Coalescing path $.customRules.NodeBondingDegraded.severity
[INFO] Coalescing path $.customRules.NodeCPUHighUsage.for
[INFO] Coalescing path $.customRules.NodeCPUHighUsage.severity
[INFO] Coalescing path $.customRules.NodeClockNotSynchronising.for
[INFO] Coalescing path $.customRules.NodeClockNotSynchronising.severity
[INFO] Coalescing path $.customRules.NodeClockSkewDetected.for
[INFO] Coalescing path $.customRules.NodeClockSkewDetected.severity
[INFO] Coalescing path $.customRules.NodeDiskIOSaturation.for
[INFO] Coalescing path $.customRules.NodeDiskIOSaturation.severity
[INFO] Coalescing path $.customRules.NodeFileDescriptorLimit.for
[INFO] Coalescing path $.customRules.NodeFileDescriptorLimit.severity
[INFO] Coalescing path $.customRules.NodeFilesystemAlmostOutOfFiles.for
[INFO] Coalescing path $.customRules.NodeFilesystemAlmostOutOfFiles.severity
[INFO] Coalescing path $.customRules.NodeFilesystemAlmostOutOfSpace.for
[INFO] Coalescing path $.customRules.NodeFilesystemAlmostOutOfSpace.severity
[INFO] Coalescing path $.customRules.NodeFilesystemFilesFillingUp.for
[INFO] Coalescing path $.customRules.NodeFilesystemFilesFillingUp.severity
[INFO] Coalescing path $.customRules.NodeFilesystemSpaceFillingUp.for
[INFO] Coalescing path $.customRules.NodeFilesystemSpaceFillingUp.severity
[INFO] Coalescing path $.customRules.NodeHighNumberConntrackEntriesUsed.severity
[INFO] Coalescing path $.customRules.NodeMemoryHighUtilization.for
[INFO] Coalescing path $.customRules.NodeMemoryHighUtilization.severity
[INFO] Coalescing path $.customRules.NodeMemoryMajorPagesFaults.for
[INFO] Coalescing path $.customRules.NodeMemoryMajorPagesFaults.severity
[INFO] Coalescing path $.customRules.NodeNetworkInterfaceFlapping.for
[INFO] Coalescing path $.customRules.NodeNetworkInterfaceFlapping.severity
[INFO] Coalescing path $.customRules.NodeNetworkReceiveErrs.for
[INFO] Coalescing path $.customRules.NodeNetworkReceiveErrs.severity
[INFO] Coalescing path $.customRules.NodeNetworkTransmitErrs.for
[INFO] Coalescing path $.customRules.NodeNetworkTransmitErrs.severity
[INFO] Coalescing path $.customRules.NodeRAIDDegraded.for
[INFO] Coalescing path $.customRules.NodeRAIDDegraded.severity
[INFO] Coalescing path $.customRules.NodeRAIDDiskFailure.severity
[INFO] Coalescing path $.customRules.NodeSystemSaturation.for
[INFO] Coalescing path $.customRules.NodeSystemSaturation.severity
[INFO] Coalescing path $.customRules.NodeSystemdServiceCrashlooping.for
[INFO] Coalescing path $.customRules.NodeSystemdServiceCrashlooping.severity
[INFO] Coalescing path $.customRules.NodeSystemdServiceFailed.for
[INFO] Coalescing path $.customRules.NodeSystemdServiceFailed.severity
[INFO] Coalescing path $.customRules.NodeTextFileCollectorScrapeError.severity
[INFO] Coalescing path $.customRules.PrometheusBadConfig.for
[INFO] Coalescing path $.customRules.PrometheusBadConfig.severity
[INFO] Coalescing path $.customRules.PrometheusDuplicateTimestamps.for
[INFO] Coalescing path $.customRules.PrometheusDuplicateTimestamps.severity
[INFO] Coalescing path $.customRules.PrometheusErrorSendingAlertsToAnyAlertmanager.for
[INFO] Coalescing path $.customRules.PrometheusErrorSendingAlertsToAnyAlertmanager.severity
[INFO] Coalescing path $.customRules.PrometheusErrorSendingAlertsToSomeAlertmanagers.for
[INFO] Coalescing path $.customRules.PrometheusErrorSendingAlertsToSomeAlertmanagers.severity
[INFO] Coalescing path $.customRules.PrometheusHighQueryLoad.for
[INFO] Coalescing path $.customRules.PrometheusHighQueryLoad.severity
[INFO] Coalescing path $.customRules.PrometheusKubernetesListWatchFailures.for
[INFO] Coalescing path $.customRules.PrometheusKubernetesListWatchFailures.severity
[INFO] Coalescing path $.customRules.PrometheusLabelLimitHit.for
[INFO] Coalescing path $.customRules.PrometheusLabelLimitHit.severity
[INFO] Coalescing path $.customRules.PrometheusMissingRuleEvaluations.for
[INFO] Coalescing path $.customRules.PrometheusMissingRuleEvaluations.severity
[INFO] Coalescing path $.customRules.PrometheusNotConnectedToAlertmanagers.for
[INFO] Coalescing path $.customRules.PrometheusNotConnectedToAlertmanagers.severity
[INFO] Coalescing path $.customRules.PrometheusNotIngestingSamples.for
[INFO] Coalescing path $.customRules.PrometheusNotIngestingSamples.severity
[INFO] Coalescing path $.customRules.PrometheusNotificationQueueRunningFull.for
[INFO] Coalescing path $.customRules.PrometheusNotificationQueueRunningFull.severity
[INFO] Coalescing path $.customRules.PrometheusOperatorListErrors.for
[INFO] Coalescing path $.customRules.PrometheusOperatorListErrors.severity
[INFO] Coalescing path $.customRules.PrometheusOperatorNodeLookupErrors.for
[INFO] Coalescing path $.customRules.PrometheusOperatorNodeLookupErrors.severity
[INFO] Coalescing path $.customRules.PrometheusOperatorNotReady.for
[INFO] Coalescing path $.customRules.PrometheusOperatorNotReady.severity
[INFO] Coalescing path $.customRules.PrometheusOperatorReconcileErrors.for
[INFO] Coalescing path $.customRules.PrometheusOperatorReconcileErrors.severity
[INFO] Coalescing path $.customRules.PrometheusOperatorRejectedResources.for
[INFO] Coalescing path $.customRules.PrometheusOperatorRejectedResources.severity
[INFO] Coalescing path $.customRules.PrometheusOperatorStatusUpdateErrors.for
[INFO] Coalescing path $.customRules.PrometheusOperatorStatusUpdateErrors.severity
[INFO] Coalescing path $.customRules.PrometheusOperatorSyncFailed.for
[INFO] Coalescing path $.customRules.PrometheusOperatorSyncFailed.severity
[INFO] Coalescing path $.customRules.PrometheusOperatorWatchErrors.for
[INFO] Coalescing path $.customRules.PrometheusOperatorWatchErrors.severity
[INFO] Coalescing path $.customRules.PrometheusOutOfOrderTimestamps.for
[INFO] Coalescing path $.customRules.PrometheusOutOfOrderTimestamps.severity
[INFO] Coalescing path $.customRules.PrometheusRemoteStorageFailures.for
[INFO] Coalescing path $.customRules.PrometheusRemoteStorageFailures.severity
[INFO] Coalescing path $.customRules.PrometheusRemoteWriteBehind.for
[INFO] Coalescing path $.customRules.PrometheusRemoteWriteBehind.severity
[INFO] Coalescing path $.customRules.PrometheusRemoteWriteDesiredShards.for
[INFO] Coalescing path $.customRules.PrometheusRemoteWriteDesiredShards.severity
[INFO] Coalescing path $.customRules.PrometheusRuleFailures.for
[INFO] Coalescing path $.customRules.PrometheusRuleFailures.severity
[INFO] Coalescing path $.customRules.PrometheusSDRefreshFailure.for
[INFO] Coalescing path $.customRules.PrometheusSDRefreshFailure.severity
[INFO] Coalescing path $.customRules.PrometheusScrapeBodySizeLimitHit.for
[INFO] Coalescing path $.customRules.PrometheusScrapeBodySizeLimitHit.severity
[INFO] Coalescing path $.customRules.PrometheusScrapeSampleLimitHit.for
[INFO] Coalescing path $.customRules.PrometheusScrapeSampleLimitHit.severity
[INFO] Coalescing path $.customRules.PrometheusTSDBCompactionsFailing.for
[INFO] Coalescing path $.customRules.PrometheusTSDBCompactionsFailing.severity
[INFO] Coalescing path $.customRules.PrometheusTSDBReloadsFailing.for
[INFO] Coalescing path $.customRules.PrometheusTSDBReloadsFailing.severity
[INFO] Coalescing path $.customRules.PrometheusTargetLimitHit.for
[INFO] Coalescing path $.customRules.PrometheusTargetLimitHit.severity
[INFO] Coalescing path $.customRules.PrometheusTargetSyncFailure.for
[INFO] Coalescing path $.customRules.PrometheusTargetSyncFailure.severity
[INFO] Coalescing path $.customRules.TargetDown.for
[INFO] Coalescing path $.customRules.TargetDown.severity
[INFO] Coalescing path $.customRules.Watchdog.severity
[INFO] Coalescing path $.customRules.etcdDatabaseHighFragmentationRatio.for
[INFO] Coalescing path $.customRules.etcdDatabaseHighFragmentationRatio.severity
[INFO] Coalescing path $.customRules.etcdDatabaseQuotaLowSpace.for
[INFO] Coalescing path $.customRules.etcdDatabaseQuotaLowSpace.severity
[INFO] Coalescing path $.customRules.etcdExcessiveDatabaseGrowth.for
[INFO] Coalescing path $.customRules.etcdExcessiveDatabaseGrowth.severity
[INFO] Coalescing path $.customRules.etcdGRPCRequestsSlow.for
[INFO] Coalescing path $.customRules.etcdGRPCRequestsSlow.severity
[INFO] Coalescing path $.customRules.etcdHighCommitDurations.for
[INFO] Coalescing path $.customRules.etcdHighCommitDurations.severity
[INFO] Coalescing path $.customRules.etcdHighFsyncDurations.for
[INFO] Coalescing path $.customRules.etcdHighFsyncDurations.severity
[INFO] Coalescing path $.customRules.etcdHighNumberOfFailedGRPCRequests.for
[INFO] Coalescing path $.customRules.etcdHighNumberOfFailedGRPCRequests.severity
[INFO] Coalescing path $.customRules.etcdHighNumberOfFailedProposals.for
[INFO] Coalescing path $.customRules.etcdHighNumberOfFailedProposals.severity
[INFO] Coalescing path $.customRules.etcdHighNumberOfLeaderChanges.for
[INFO] Coalescing path $.customRules.etcdHighNumberOfLeaderChanges.severity
[INFO] Coalescing path $.customRules.etcdInsufficientMembers.for
[INFO] Coalescing path $.customRules.etcdInsufficientMembers.severity
[INFO] Coalescing path $.customRules.etcdMemberCommunicationSlow.for
[INFO] Coalescing path $.customRules.etcdMemberCommunicationSlow.severity
[INFO] Coalescing path $.customRules.etcdMembersDown.for
[INFO] Coalescing path $.customRules.etcdMembersDown.severity
[INFO] Coalescing path $.customRules.etcdNoLeader.for
[INFO] Coalescing path $.customRules.etcdNoLeader.severity
[INFO] Coalescing path $.defaultRules.additionalAggregationLabels[*]
[INFO] Coalescing path $.defaultRules.additionalRuleGroupAnnotations.alertmanager
[INFO] Coalescing path $.defaultRules.additionalRuleGroupAnnotations.configReloaders
[INFO] Coalescing path $.defaultRules.additionalRuleGroupAnnotations.etcd
[INFO] Coalescing path $.defaultRules.additionalRuleGroupAnnotations.general
[INFO] Coalescing path $.defaultRules.additionalRuleGroupAnnotations.kubeApiserverSlos
[INFO] Coalescing path $.defaultRules.additionalRuleGroupAnnotations.kubeControllerManager
[INFO] Coalescing path $.defaultRules.additionalRuleGroupAnnotations.kubeProxy
[INFO] Coalescing path $.defaultRules.additionalRuleGroupAnnotations.kubeSchedulerAlerting
[INFO] Coalescing path $.defaultRules.additionalRuleGroupAnnotations.kubeStateMetrics
[INFO] Coalescing path $.defaultRules.additionalRuleGroupAnnotations.kubernetesApps
[INFO] Coalescing path $.defaultRules.additionalRuleGroupAnnotations.kubernetesResources
[INFO] Coalescing path $.defaultRules.additionalRuleGroupAnnotations.kubernetesStorage
[INFO] Coalescing path $.defaultRules.additionalRuleGroupAnnotations.kubernetesSystem
[INFO] Coalescing path $.defaultRules.additionalRuleGroupAnnotations.network
[INFO] Coalescing path $.defaultRules.additionalRuleGroupAnnotations.nodeExporterAlerting
[INFO] Coalescing path $.defaultRules.additionalRuleGroupAnnotations.prometheus
[INFO] Coalescing path $.defaultRules.additionalRuleGroupAnnotations.prometheusOperator
[INFO] Coalescing path $.defaultRules.additionalRuleGroupLabels.alertmanager
[INFO] Coalescing path $.defaultRules.additionalRuleGroupLabels.configReloaders
[INFO] Coalescing path $.defaultRules.additionalRuleGroupLabels.etcd
[INFO] Coalescing path $.defaultRules.additionalRuleGroupLabels.general
[INFO] Coalescing path $.defaultRules.additionalRuleGroupLabels.k8sContainerCpuLimits
[INFO] Coalescing path $.defaultRules.additionalRuleGroupLabels.k8sContainerCpuRequests
[INFO] Coalescing path $.defaultRules.additionalRuleGroupLabels.k8sContainerCpuUsageSecondsTotal
[INFO] Coalescing path $.defaultRules.additionalRuleGroupLabels.k8sContainerMemoryCache
[INFO] Coalescing path $.defaultRules.additionalRuleGroupLabels.k8sContainerMemoryLimits
[INFO] Coalescing path $.defaultRules.additionalRuleGroupLabels.k8sContainerMemoryRequests
[INFO] Coalescing path $.defaultRules.additionalRuleGroupLabels.k8sContainerMemoryRss
[INFO] Coalescing path $.defaultRules.additionalRuleGroupLabels.k8sContainerMemorySwap
[INFO] Coalescing path $.defaultRules.additionalRuleGroupLabels.k8sContainerMemoryWorkingSetBytes
[INFO] Coalescing path $.defaultRules.additionalRuleGroupLabels.k8sContainerResource
[INFO] Coalescing path $.defaultRules.additionalRuleGroupLabels.k8sPodOwner
[INFO] Coalescing path $.defaultRules.additionalRuleGroupLabels.kubeApiserverAvailability
[INFO] Coalescing path $.defaultRules.additionalRuleGroupLabels.kubeApiserverBurnrate
[INFO] Coalescing path $.defaultRules.additionalRuleGroupLabels.kubeApiserverHistogram
[INFO] Coalescing path $.defaultRules.additionalRuleGroupLabels.kubeApiserverSlos
[INFO] Coalescing path $.defaultRules.additionalRuleGroupLabels.kubeControllerManager
[INFO] Coalescing path $.defaultRules.additionalRuleGroupLabels.kubePrometheusGeneral
[INFO] Coalescing path $.defaultRules.additionalRuleGroupLabels.kubePrometheusNodeRecording
[INFO] Coalescing path $.defaultRules.additionalRuleGroupLabels.kubeProxy
[INFO] Coalescing path $.defaultRules.additionalRuleGroupLabels.kubeSchedulerAlerting
[INFO] Coalescing path $.defaultRules.additionalRuleGroupLabels.kubeSchedulerRecording
[INFO] Coalescing path $.defaultRules.additionalRuleGroupLabels.kubeStateMetrics
[INFO] Coalescing path $.defaultRules.additionalRuleGroupLabels.kubelet
[INFO] Coalescing path $.defaultRules.additionalRuleGroupLabels.kubernetesApps
[INFO] Coalescing path $.defaultRules.additionalRuleGroupLabels.kubernetesResources
[INFO] Coalescing path $.defaultRules.additionalRuleGroupLabels.kubernetesStorage
[INFO] Coalescing path $.defaultRules.additionalRuleGroupLabels.kubernetesSystem
[INFO] Coalescing path $.defaultRules.additionalRuleGroupLabels.network
[INFO] Coalescing path $.defaultRules.additionalRuleGroupLabels.node
[INFO] Coalescing path $.defaultRules.additionalRuleGroupLabels.nodeExporterAlerting
[INFO] Coalescing path $.defaultRules.additionalRuleGroupLabels.nodeExporterRecording
[INFO] Coalescing path $.defaultRules.additionalRuleGroupLabels.prometheus
[INFO] Coalescing path $.defaultRules.additionalRuleGroupLabels.prometheusOperator
[INFO] Coalescing path $.defaultRules.additionalRuleGroupLabels.windows
[INFO] Coalescing path $.defaultRules.disabled.AlertmanagerClusterCrashlooping
[INFO] Coalescing path $.defaultRules.disabled.AlertmanagerClusterDown
[INFO] Coalescing path $.defaultRules.disabled.AlertmanagerClusterFailedPeers
[INFO] Coalescing path $.defaultRules.disabled.AlertmanagerClusterFailedToSendAlerts
[INFO] Coalescing path $.defaultRules.disabled.AlertmanagerConfigInconsistent
[INFO] Coalescing path $.defaultRules.disabled.AlertmanagerFailedReload
[INFO] Coalescing path $.defaultRules.disabled.AlertmanagerFailedToSendAlerts
[INFO] Coalescing path $.defaultRules.disabled.AlertmanagerMembersInconsistent
[INFO] Coalescing path $.defaultRules.disabled.CPUThrottlingHigh
[INFO] Coalescing path $.defaultRules.disabled.ConfigReloaderSidecarErrors
[INFO] Coalescing path $.defaultRules.disabled.InfoInhibitor
[INFO] Coalescing path $.defaultRules.disabled.KubeAPIDown
[INFO] Coalescing path $.defaultRules.disabled.KubeAPIErrorBudgetBurn
[INFO] Coalescing path $.defaultRules.disabled.KubeAPIInstanceUnreachable
[INFO] Coalescing path $.defaultRules.disabled.KubeAPITerminatedRequests
[INFO] Coalescing path $.defaultRules.disabled.KubeAggregatedAPIDown
[INFO] Coalescing path $.defaultRules.disabled.KubeAggregatedAPIErrors
[INFO] Coalescing path $.defaultRules.disabled.KubeCPUOvercommit
[INFO] Coalescing path $.defaultRules.disabled.KubeCPUQuotaOvercommit
[INFO] Coalescing path $.defaultRules.disabled.KubeClientCertificateExpiration
[INFO] Coalescing path $.defaultRules.disabled.KubeClientErrors
[INFO] Coalescing path $.defaultRules.disabled.KubeContainerWaiting
[INFO] Coalescing path $.defaultRules.disabled.KubeControllerManagerDown
[INFO] Coalescing path $.defaultRules.disabled.KubeControllerManagerInstanceUnreachable
[INFO] Coalescing path $.defaultRules.disabled.KubeDaemonSetMisScheduled
[INFO] Coalescing path $.defaultRules.disabled.KubeDaemonSetNotScheduled
[INFO] Coalescing path $.defaultRules.disabled.KubeDaemonSetRolloutStuck
[INFO] Coalescing path $.defaultRules.disabled.KubeDeploymentGenerationMismatch
[INFO] Coalescing path $.defaultRules.disabled.KubeDeploymentReplicasMismatch
[INFO] Coalescing path $.defaultRules.disabled.KubeDeploymentRolloutStuck
[INFO] Coalescing path $.defaultRules.disabled.KubeHpaMaxedOut
[INFO] Coalescing path $.defaultRules.disabled.KubeHpaReplicasMismatch
[INFO] Coalescing path $.defaultRules.disabled.KubeJobFailed
[INFO] Coalescing path $.defaultRules.disabled.KubeJobNotCompleted
[INFO] Coalescing path $.defaultRules.disabled.KubeMemoryOvercommit
[INFO] Coalescing path $.defaultRules.disabled.KubeMemoryQuotaOvercommit
[INFO] Coalescing path $.defaultRules.disabled.KubeNodeEviction
[INFO] Coalescing path $.defaultRules.disabled.KubeNodeNotReady
[INFO] Coalescing path $.defaultRules.disabled.KubeNodePressure
[INFO] Coalescing path $.defaultRules.disabled.KubeNodeReadinessFlapping
[INFO] Coalescing path $.defaultRules.disabled.KubeNodeUnreachable
[INFO] Coalescing path $.defaultRules.disabled.KubePdbNotEnoughHealthyPods
[INFO] Coalescing path $.defaultRules.disabled.KubePersistentVolumeErrors
[INFO] Coalescing path $.defaultRules.disabled.KubePersistentVolumeFillingUp
[INFO] Coalescing path $.defaultRules.disabled.KubePersistentVolumeInodesFillingUp
[INFO] Coalescing path $.defaultRules.disabled.KubePodCrashLooping
[INFO] Coalescing path $.defaultRules.disabled.KubePodNotReady
[INFO] Coalescing path $.defaultRules.disabled.KubeProxyDown
[INFO] Coalescing path $.defaultRules.disabled.KubeProxyInstanceUnreachable
[INFO] Coalescing path $.defaultRules.disabled.KubeQuotaAlmostFull
[INFO] Coalescing path $.defaultRules.disabled.KubeQuotaExceeded
[INFO] Coalescing path $.defaultRules.disabled.KubeQuotaFullyUsed
[INFO] Coalescing path $.defaultRules.disabled.KubeSchedulerDown
[INFO] Coalescing path $.defaultRules.disabled.KubeSchedulerInstanceUnreachable
[INFO] Coalescing path $.defaultRules.disabled.KubeStateMetricsListErrors
[INFO] Coalescing path $.defaultRules.disabled.KubeStateMetricsShardingMismatch
[INFO] Coalescing path $.defaultRules.disabled.KubeStateMetricsShardsMissing
[INFO] Coalescing path $.defaultRules.disabled.KubeStateMetricsWatchErrors
[INFO] Coalescing path $.defaultRules.disabled.KubeStatefulSetGenerationMismatch
[INFO] Coalescing path $.defaultRules.disabled.KubeStatefulSetReplicasMismatch
[INFO] Coalescing path $.defaultRules.disabled.KubeStatefulSetUpdateNotRolledOut
[INFO] Coalescing path $.defaultRules.disabled.KubeVersionMismatch
[INFO] Coalescing path $.defaultRules.disabled.KubeletClientCertificateExpiration
[INFO] Coalescing path $.defaultRules.disabled.KubeletClientCertificateRenewalErrors
[INFO] Coalescing path $.defaultRules.disabled.KubeletDown
[INFO] Coalescing path $.defaultRules.disabled.KubeletInstanceUnreachable
[INFO] Coalescing path $.defaultRules.disabled.KubeletPlegDurationHigh
[INFO] Coalescing path $.defaultRules.disabled.KubeletPodStartUpLatencyHigh
[INFO] Coalescing path $.defaultRules.disabled.KubeletServerCertificateExpiration
[INFO] Coalescing path $.defaultRules.disabled.KubeletServerCertificateRenewalErrors
[INFO] Coalescing path $.defaultRules.disabled.KubeletTooManyPods
[INFO] Coalescing path $.defaultRules.disabled.NodeBondingDegraded
[INFO] Coalescing path $.defaultRules.disabled.NodeCPUHighUsage
[INFO] Coalescing path $.defaultRules.disabled.NodeClockNotSynchronising
[INFO] Coalescing path $.defaultRules.disabled.NodeClockSkewDetected
[INFO] Coalescing path $.defaultRules.disabled.NodeDiskIOSaturation
[INFO] Coalescing path $.defaultRules.disabled.NodeFileDescriptorLimit
[INFO] Coalescing path $.defaultRules.disabled.NodeFilesystemAlmostOutOfFiles
[INFO] Coalescing path $.defaultRules.disabled.NodeFilesystemAlmostOutOfSpace
[INFO] Coalescing path $.defaultRules.disabled.NodeFilesystemFilesFillingUp
[INFO] Coalescing path $.defaultRules.disabled.NodeFilesystemSpaceFillingUp
[INFO] Coalescing path $.defaultRules.disabled.NodeHighNumberConntrackEntriesUsed
[INFO] Coalescing path $.defaultRules.disabled.NodeMemoryHighUtilization
[INFO] Coalescing path $.defaultRules.disabled.NodeMemoryMajorPagesFaults
[INFO] Coalescing path $.defaultRules.disabled.NodeNetworkInterfaceFlapping
[INFO] Coalescing path $.defaultRules.disabled.NodeNetworkReceiveErrs
[INFO] Coalescing path $.defaultRules.disabled.NodeNetworkTransmitErrs
[INFO] Coalescing path $.defaultRules.disabled.NodeRAIDDegraded
[INFO] Coalescing path $.defaultRules.disabled.NodeRAIDDiskFailure
[INFO] Coalescing path $.defaultRules.disabled.NodeSystemSaturation
[INFO] Coalescing path $.defaultRules.disabled.NodeSystemdServiceCrashlooping
[INFO] Coalescing path $.defaultRules.disabled.NodeSystemdServiceFailed
[INFO] Coalescing path $.defaultRules.disabled.NodeTextFileCollectorScrapeError
[INFO] Coalescing path $.defaultRules.disabled.PrometheusBadConfig
[INFO] Coalescing path $.defaultRules.disabled.PrometheusDuplicateTimestamps
[INFO] Coalescing path $.defaultRules.disabled.PrometheusErrorSendingAlertsToAnyAlertmanager
[INFO] Coalescing path $.defaultRules.disabled.PrometheusErrorSendingAlertsToSomeAlertmanagers
[INFO] Coalescing path $.defaultRules.disabled.PrometheusHighQueryLoad
[INFO] Coalescing path $.defaultRules.disabled.PrometheusKubernetesListWatchFailures
[INFO] Coalescing path $.defaultRules.disabled.PrometheusLabelLimitHit
[INFO] Coalescing path $.defaultRules.disabled.PrometheusMissingRuleEvaluations
[INFO] Coalescing path $.defaultRules.disabled.PrometheusNotConnectedToAlertmanagers
[INFO] Coalescing path $.defaultRules.disabled.PrometheusNotIngestingSamples
[INFO] Coalescing path $.defaultRules.disabled.PrometheusNotificationQueueRunningFull
[INFO] Coalescing path $.defaultRules.disabled.PrometheusOperatorListErrors
[INFO] Coalescing path $.defaultRules.disabled.PrometheusOperatorNodeLookupErrors
[INFO] Coalescing path $.defaultRules.disabled.PrometheusOperatorNotReady
[INFO] Coalescing path $.defaultRules.disabled.PrometheusOperatorReconcileErrors
[INFO] Coalescing path $.defaultRules.disabled.PrometheusOperatorRejectedResources
[INFO] Coalescing path $.defaultRules.disabled.PrometheusOperatorStatusUpdateErrors
[INFO] Coalescing path $.defaultRules.disabled.PrometheusOperatorSyncFailed
[INFO] Coalescing path $.defaultRules.disabled.PrometheusOperatorWatchErrors
[INFO] Coalescing path $.defaultRules.disabled.PrometheusOutOfOrderTimestamps
[INFO] Coalescing path $.defaultRules.disabled.PrometheusRemoteStorageFailures
[INFO] Coalescing path $.defaultRules.disabled.PrometheusRemoteWriteBehind
[INFO] Coalescing path $.defaultRules.disabled.PrometheusRemoteWriteDesiredShards
[INFO] Coalescing path $.defaultRules.disabled.PrometheusRuleFailures
[INFO] Coalescing path $.defaultRules.disabled.PrometheusSDRefreshFailure
[INFO] Coalescing path $.defaultRules.disabled.PrometheusScrapeBodySizeLimitHit
[INFO] Coalescing path $.defaultRules.disabled.PrometheusScrapeSampleLimitHit
[INFO] Coalescing path $.defaultRules.disabled.PrometheusTSDBCompactionsFailing
[INFO] Coalescing path $.defaultRules.disabled.PrometheusTSDBReloadsFailing
[INFO] Coalescing path $.defaultRules.disabled.PrometheusTargetLimitHit
[INFO] Coalescing path $.defaultRules.disabled.PrometheusTargetSyncFailure
[INFO] Coalescing path $.defaultRules.disabled.TargetDown
[INFO] Coalescing path $.defaultRules.disabled.Watchdog
[INFO] Coalescing path $.defaultRules.disabled.etcdDatabaseHighFragmentationRatio
[INFO] Coalescing path $.defaultRules.disabled.etcdDatabaseQuotaLowSpace
[INFO] Coalescing path $.defaultRules.disabled.etcdExcessiveDatabaseGrowth
[INFO] Coalescing path $.defaultRules.disabled.etcdGRPCRequestsSlow
[INFO] Coalescing path $.defaultRules.disabled.etcdHighCommitDurations
[INFO] Coalescing path $.defaultRules.disabled.etcdHighFsyncDurations
[INFO] Coalescing path $.defaultRules.disabled.etcdHighNumberOfFailedGRPCRequests
[INFO] Coalescing path $.defaultRules.disabled.etcdHighNumberOfFailedProposals
[INFO] Coalescing path $.defaultRules.disabled.etcdHighNumberOfLeaderChanges
[INFO] Coalescing path $.defaultRules.disabled.etcdInsufficientMembers
[INFO] Coalescing path $.defaultRules.disabled.etcdMemberCommunicationSlow
[INFO] Coalescing path $.defaultRules.disabled.etcdMembersDown
[INFO] Coalescing path $.defaultRules.disabled.etcdNoLeader
[INFO] Coalescing path $.defaultRules.kubeletClientCertificateExpiration.critical
[INFO] Coalescing path $.defaultRules.kubeletClientCertificateExpiration.warning
[INFO] Coalescing path $.defaultRules.kubeletServerCertificateExpiration.critical
[INFO] Coalescing path $.defaultRules.kubeletServerCertificateExpiration.warning
[INFO] Coalescing path $.defaultRules.node.fsSelector
[INFO] Coalescing path $.defaultRules.rules.alertmanager
[INFO] Coalescing path $.defaultRules.rules.configReloaders
[INFO] Coalescing path $.defaultRules.rules.etcd
[INFO] Coalescing path $.defaultRules.rules.general
[INFO] Coalescing path $.defaultRules.rules.k8sContainerCpuLimits
[INFO] Coalescing path $.defaultRules.rules.k8sContainerCpuRequests
[INFO] Coalescing path $.defaultRules.rules.k8sContainerCpuUsageSecondsTotal
[INFO] Coalescing path $.defaultRules.rules.k8sContainerMemoryCache
[INFO] Coalescing path $.defaultRules.rules.k8sContainerMemoryLimits
[INFO] Coalescing path $.defaultRules.rules.k8sContainerMemoryRequests
[INFO] Coalescing path $.defaultRules.rules.k8sContainerMemoryRss
[INFO] Coalescing path $.defaultRules.rules.k8sContainerMemorySwap
[INFO] Coalescing path $.defaultRules.rules.k8sContainerMemoryWorkingSetBytes
[INFO] Coalescing path $.defaultRules.rules.k8sContainerResource
[INFO] Coalescing path $.defaultRules.rules.k8sPodOwner
[INFO] Coalescing path $.defaultRules.rules.kubeApiserverAvailability
[INFO] Coalescing path $.defaultRules.rules.kubeApiserverBurnrate
[INFO] Coalescing path $.defaultRules.rules.kubeApiserverHistogram
[INFO] Coalescing path $.defaultRules.rules.kubeApiserverSlos
[INFO] Coalescing path $.defaultRules.rules.kubeControllerManager
[INFO] Coalescing path $.defaultRules.rules.kubePrometheusGeneral
[INFO] Coalescing path $.defaultRules.rules.kubePrometheusNodeRecording
[INFO] Coalescing path $.defaultRules.rules.kubeProxy
[INFO] Coalescing path $.defaultRules.rules.kubeSchedulerAlerting
[INFO] Coalescing path $.defaultRules.rules.kubeSchedulerRecording
[INFO] Coalescing path $.defaultRules.rules.kubeStateMetrics
[INFO] Coalescing path $.defaultRules.rules.kubelet
[INFO] Coalescing path $.defaultRules.rules.kubernetesApps
[INFO] Coalescing path $.defaultRules.rules.kubernetesResources
[INFO] Coalescing path $.defaultRules.rules.kubernetesStorage
[INFO] Coalescing path $.defaultRules.rules.kubernetesSystem
[INFO] Coalescing path $.defaultRules.rules.network
[INFO] Coalescing path $.defaultRules.rules.node
[INFO] Coalescing path $.defaultRules.rules.nodeExporterAlerting
[INFO] Coalescing path $.defaultRules.rules.nodeExporterRecording
[INFO] Coalescing path $.defaultRules.rules.prometheus
[INFO] Coalescing path $.defaultRules.rules.prometheusOperator
[INFO] Coalescing path $.defaultRules.rules.windows
[INFO] Coalescing path $.global.rbac.create
[INFO] Coalescing path $.global.rbac.createAggregateClusterRoles
[INFO] Coalescing path $.grafana.admin.passwordKey
[INFO] Coalescing path $.grafana.operator.annotations
[INFO] Coalescing path $.grafana.operator.dashboardsConfigMapRefEnabled
[INFO] Coalescing path $.grafana.operator.matchLabels
[INFO] Coalescing path $.grafana.operator.resyncPeriod
[INFO] Coalescing path $["kube-state-metrics"].kubeRBACProxy.enabled
[INFO] Coalescing path $.kubeApiServer.serviceMonitor.additionalLabels
[INFO] Coalescing path $.kubeApiServer.serviceMonitor.authorization
[INFO] Coalescing path $.kubeApiServer.serviceMonitor.enabled
[INFO] Coalescing path $.kubeApiServer.serviceMonitor.interval
[INFO] Coalescing path $.kubeApiServer.serviceMonitor.jobLabel
[INFO] Coalescing path $.kubeApiServer.serviceMonitor.metricRelabelings
[INFO] Coalescing path $.kubeApiServer.serviceMonitor.proxyUrl
[INFO] Coalescing path $.kubeApiServer.serviceMonitor.relabelings
[INFO] Coalescing path $.kubeApiServer.serviceMonitor.selector
[INFO] Coalescing path $.kubeApiServer.serviceMonitor.targetLabels
[INFO] Coalescing path $.kubeControllerManager.endpoints[*]
[INFO] Coalescing path $.kubeControllerManager.service.enabled
[INFO] Coalescing path $.kubeControllerManager.service.port
[INFO] Coalescing path $.kubeControllerManager.service.targetPort
[INFO] Coalescing path $.kubeControllerManager.serviceMonitor.additionalLabels
[INFO] Coalescing path $.kubeControllerManager.serviceMonitor.authorization
[INFO] Coalescing path $.kubeControllerManager.serviceMonitor.enabled
[INFO] Coalescing path $.kubeControllerManager.serviceMonitor.https
[INFO] Coalescing path $.kubeControllerManager.serviceMonitor.interval
[INFO] Coalescing path $.kubeControllerManager.serviceMonitor.jobLabel
[INFO] Coalescing path $.kubeControllerManager.serviceMonitor.metricRelabelings
[INFO] Coalescing path $.kubeControllerManager.serviceMonitor.port
[INFO] Coalescing path $.kubeControllerManager.serviceMonitor.proxyUrl
[INFO] Coalescing path $.kubeControllerManager.serviceMonitor.relabelings
[INFO] Coalescing path $.kubeControllerManager.serviceMonitor.selector
[INFO] Coalescing path $.kubeControllerManager.serviceMonitor.targetLabels
[INFO] Coalescing path $.kubeControllerManager.serviceMonitor.tlsConfig
[INFO] Coalescing path $.kubeDns.service.selector
[INFO] Coalescing path $.kubeDns.serviceMonitor.additionalLabels
[INFO] Coalescing path $.kubeDns.serviceMonitor.authorization
[INFO] Coalescing path $.kubeDns.serviceMonitor.dnsmasqMetricRelabelings
[INFO] Coalescing path $.kubeDns.serviceMonitor.dnsmasqRelabelings
[INFO] Coalescing path $.kubeDns.serviceMonitor.interval
[INFO] Coalescing path $.kubeDns.serviceMonitor.jobLabel
[INFO] Coalescing path $.kubeDns.serviceMonitor.metricRelabelings
[INFO] Coalescing path $.kubeDns.serviceMonitor.proxyUrl
[INFO] Coalescing path $.kubeDns.serviceMonitor.relabelings
[INFO] Coalescing path $.kubeDns.serviceMonitor.selector
[INFO] Coalescing path $.kubeDns.serviceMonitor.targetLabels
[INFO] Coalescing path $.kubeEtcd.endpoints[*]
[INFO] Coalescing path $.kubeEtcd.service.enabled
[INFO] Coalescing path $.kubeEtcd.service.port
[INFO] Coalescing path $.kubeEtcd.service.targetPort
[INFO] Coalescing path $.kubeEtcd.serviceMonitor.additionalLabels
[INFO] Coalescing path $.kubeEtcd.serviceMonitor.authorization
[INFO] Coalescing path $.kubeEtcd.serviceMonitor.enabled
[INFO] Coalescing path $.kubeEtcd.serviceMonitor.interval
[INFO] Coalescing path $.kubeEtcd.serviceMonitor.jobLabel
[INFO] Coalescing path $.kubeEtcd.serviceMonitor.metricRelabelings
[INFO] Coalescing path $.kubeEtcd.serviceMonitor.port
[INFO] Coalescing path $.kubeEtcd.serviceMonitor.proxyUrl
[INFO] Coalescing path $.kubeEtcd.serviceMonitor.relabelings
[INFO] Coalescing path $.kubeEtcd.serviceMonitor.scheme
[INFO] Coalescing path $.kubeEtcd.serviceMonitor.selector
[INFO] Coalescing path $.kubeEtcd.serviceMonitor.targetLabels
[INFO] Coalescing path $.kubeEtcd.serviceMonitor.tlsConfig
[INFO] Coalescing path $.kubeProxy.endpoints[*]
[INFO] Coalescing path $.kubeProxy.service.enabled
[INFO] Coalescing path $.kubeProxy.service.port
[INFO] Coalescing path $.kubeProxy.service.targetPort
[INFO] Coalescing path $.kubeProxy.serviceMonitor.additionalLabels
[INFO] Coalescing path $.kubeProxy.serviceMonitor.authorization
[INFO] Coalescing path $.kubeProxy.serviceMonitor.enabled
[INFO] Coalescing path $.kubeProxy.serviceMonitor.https
[INFO] Coalescing path $.kubeProxy.serviceMonitor.interval
[INFO] Coalescing path $.kubeProxy.serviceMonitor.jobLabel
[INFO] Coalescing path $.kubeProxy.serviceMonitor.metricRelabelings
[INFO] Coalescing path $.kubeProxy.serviceMonitor.port
[INFO] Coalescing path $.kubeProxy.serviceMonitor.proxyUrl
[INFO] Coalescing path $.kubeProxy.serviceMonitor.relabelings
[INFO] Coalescing path $.kubeProxy.serviceMonitor.selector
[INFO] Coalescing path $.kubeProxy.serviceMonitor.targetLabels
[INFO] Coalescing path $.kubeProxy.serviceMonitor.tlsConfig
[INFO] Coalescing path $.kubeScheduler.endpoints[*]
[INFO] Coalescing path $.kubeScheduler.service.enabled
[INFO] Coalescing path $.kubeScheduler.service.port
[INFO] Coalescing path $.kubeScheduler.service.targetPort
[INFO] Coalescing path $.kubeScheduler.serviceMonitor.additionalLabels
[INFO] Coalescing path $.kubeScheduler.serviceMonitor.authorization
[INFO] Coalescing path $.kubeScheduler.serviceMonitor.enabled
[INFO] Coalescing path $.kubeScheduler.serviceMonitor.https
[INFO] Coalescing path $.kubeScheduler.serviceMonitor.interval
[INFO] Coalescing path $.kubeScheduler.serviceMonitor.jobLabel
[INFO] Coalescing path $.kubeScheduler.serviceMonitor.metricRelabelings
[INFO] Coalescing path $.kubeScheduler.serviceMonitor.port
[INFO] Coalescing path $.kubeScheduler.serviceMonitor.proxyUrl
[INFO] Coalescing path $.kubeScheduler.serviceMonitor.relabelings
[INFO] Coalescing path $.kubeScheduler.serviceMonitor.selector
[INFO] Coalescing path $.kubeScheduler.serviceMonitor.targetLabels
[INFO] Coalescing path $.kubeScheduler.serviceMonitor.tlsConfig
[INFO] Coalescing path $.kubelet.serviceMonitor.additionalLabels
[INFO] Coalescing path $.kubelet.serviceMonitor.attachMetadata
[INFO] Coalescing path $.kubelet.serviceMonitor.cAdvisor
[INFO] Coalescing path $.kubelet.serviceMonitor.cAdvisorInterval
[INFO] Coalescing path $.kubelet.serviceMonitor.cAdvisorMetricRelabelings
[INFO] Coalescing path $.kubelet.serviceMonitor.cAdvisorRelabelings
[INFO] Coalescing path $.kubelet.serviceMonitor.enabled
[INFO] Coalescing path $.kubelet.serviceMonitor.honorLabels
[INFO] Coalescing path $.kubelet.serviceMonitor.honorTimestamps
[INFO] Coalescing path $.kubelet.serviceMonitor.interval
[INFO] Coalescing path $.kubelet.serviceMonitor.kubelet
[INFO] Coalescing path $.kubelet.serviceMonitor.metricRelabelings
[INFO] Coalescing path $.kubelet.serviceMonitor.probes
[INFO] Coalescing path $.kubelet.serviceMonitor.probesMetricRelabelings
[INFO] Coalescing path $.kubelet.serviceMonitor.probesRelabelings
[INFO] Coalescing path $.kubelet.serviceMonitor.proxyUrl
[INFO] Coalescing path $.kubelet.serviceMonitor.relabelings
[INFO] Coalescing path $.kubelet.serviceMonitor.resource
[INFO] Coalescing path $.kubelet.serviceMonitor.resourceInterval
[INFO] Coalescing path $.kubelet.serviceMonitor.resourceMetricRelabelings
[INFO] Coalescing path $.kubelet.serviceMonitor.resourcePath
[INFO] Coalescing path $.kubelet.serviceMonitor.resourceRelabelings
[INFO] Coalescing path $.kubelet.serviceMonitor.scrapeTimeout
[INFO] Coalescing path $.kubelet.serviceMonitor.targetLabels
[INFO] Coalescing path $.kubelet.serviceMonitor.trackTimestampsStaleness
[INFO] Coalescing path $.prometheus.additionalPodMonitors[*]
[INFO] Coalescing path $.prometheus.additionalServiceMonitors[*]
[INFO] Coalescing path $.prometheus.extraSecret.annotations
[INFO] Coalescing path $.prometheus.extraSecret.data
[INFO] Coalescing path $.prometheus.extraSecret.name
[INFO] Coalescing path $.prometheus.ingress.annotations
[INFO] Coalescing path $.prometheus.ingress.enabled
[INFO] Coalescing path $.prometheus.ingress.extraPaths
[INFO] Coalescing path $.prometheus.ingress.hosts
[INFO] Coalescing path $.prometheus.ingress.ingressClassName
[INFO] Coalescing path $.prometheus.ingress.labels
[INFO] Coalescing path $.prometheus.ingress.pathType
[INFO] Coalescing path $.prometheus.ingress.paths
[INFO] Coalescing path $.prometheus.ingress.servicePort
[INFO] Coalescing path $.prometheus.ingress.tls
[INFO] Coalescing path $.prometheus.ingressPerReplica.annotations
[INFO] Coalescing path $.prometheus.ingressPerReplica.enabled
[INFO] Coalescing path $.prometheus.ingressPerReplica.hostDomain
[INFO] Coalescing path $.prometheus.ingressPerReplica.hostPrefix
[INFO] Coalescing path $.prometheus.ingressPerReplica.ingressClassName
[INFO] Coalescing path $.prometheus.ingressPerReplica.labels
[INFO] Coalescing path $.prometheus.ingressPerReplica.pathType
[INFO] Coalescing path $.prometheus.ingressPerReplica.paths
[INFO] Coalescing path $.prometheus.ingressPerReplica.tlsSecretName
[INFO] Coalescing path $.prometheus.networkPolicy.cilium
[INFO] Coalescing path $.prometheus.networkPolicy.egress
[INFO] Coalescing path $.prometheus.networkPolicy.enabled
[INFO] Coalescing path $.prometheus.networkPolicy.flavor
[INFO] Coalescing path $.prometheus.networkPolicy.ingress
[INFO] Coalescing path $.prometheus.networkPolicy.namespace
[INFO] Coalescing path $.prometheus.networkPolicy.podSelector
[INFO] Coalescing path $.prometheus.podDisruptionBudget.enabled
[INFO] Coalescing path $.prometheus.prometheusSpec.additionalAlertManagerConfigs
[INFO] Coalescing path $.prometheus.prometheusSpec.additionalAlertManagerConfigsSecret
[INFO] Coalescing path $.prometheus.prometheusSpec.additionalAlertRelabelConfigs
[INFO] Coalescing path $.prometheus.prometheusSpec.additionalAlertRelabelConfigsSecret
[INFO] Coalescing path $.prometheus.prometheusSpec.additionalArgs
[INFO] Coalescing path $.prometheus.prometheusSpec.additionalConfig
[INFO] Coalescing path $.prometheus.prometheusSpec.additionalConfigString
[INFO] Coalescing path $.prometheus.prometheusSpec.additionalPrometheusSecretsAnnotations
[INFO] Coalescing path $.prometheus.prometheusSpec.additionalRemoteRead
[INFO] Coalescing path $.prometheus.prometheusSpec.additionalRemoteWrite
[INFO] Coalescing path $.prometheus.prometheusSpec.additionalScrapeConfigs
[INFO] Coalescing path $.prometheus.prometheusSpec.affinity
[INFO] Coalescing path $.prometheus.prometheusSpec.alertingEndpoints
[INFO] Coalescing path $.prometheus.prometheusSpec.allowOverlappingBlocks
[INFO] Coalescing path $.prometheus.prometheusSpec.apiserverConfig
[INFO] Coalescing path $.prometheus.prometheusSpec.arbitraryFSAccessThroughSMs
[INFO] Coalescing path $.prometheus.prometheusSpec.automountServiceAccountToken
[INFO] Coalescing path $.prometheus.prometheusSpec.bodySizeLimit
[INFO] Coalescing path $.prometheus.prometheusSpec.configMaps
[INFO] Coalescing path $.prometheus.prometheusSpec.containers
[INFO] Coalescing path $.prometheus.prometheusSpec.convertClassicHistogramsToNHCB
[INFO] Coalescing path $.prometheus.prometheusSpec.disableAlerting
[INFO] Coalescing path $.prometheus.prometheusSpec.disableCompaction
[INFO] Coalescing path $.prometheus.prometheusSpec.dnsConfig
[INFO] Coalescing path $.prometheus.prometheusSpec.dnsPolicy
[INFO] Coalescing path $.prometheus.prometheusSpec.enableAdminAPI
[INFO] Coalescing path $.prometheus.prometheusSpec.enableFeatures
[INFO] Coalescing path $.prometheus.prometheusSpec.enableOTLPReceiver
[INFO] Coalescing path $.prometheus.prometheusSpec.enableRemoteWriteReceiver
[INFO] Coalescing path $.prometheus.prometheusSpec.enableServiceLinks
[INFO] Coalescing path $.prometheus.prometheusSpec.enforcedBodySizeLimit
[INFO] Coalescing path $.prometheus.prometheusSpec.enforcedKeepDroppedTargets
[INFO] Coalescing path $.prometheus.prometheusSpec.enforcedLabelLimit
[INFO] Coalescing path $.prometheus.prometheusSpec.enforcedLabelNameLengthLimit
[INFO] Coalescing path $.prometheus.prometheusSpec.enforcedLabelValueLengthLimit
[INFO] Coalescing path $.prometheus.prometheusSpec.enforcedNamespaceLabel
[INFO] Coalescing path $.prometheus.prometheusSpec.enforcedSampleLimit
[INFO] Coalescing path $.prometheus.prometheusSpec.enforcedTargetLimit
[INFO] Coalescing path $.prometheus.prometheusSpec.evaluationInterval
[INFO] Coalescing path $.prometheus.prometheusSpec.excludedFromEnforcement
[INFO] Coalescing path $.prometheus.prometheusSpec.exemplars
[INFO] Coalescing path $.prometheus.prometheusSpec.externalLabels
[INFO] Coalescing path $.prometheus.prometheusSpec.externalUrl
[INFO] Coalescing path $.prometheus.prometheusSpec.hostAliases
[INFO] Coalescing path $.prometheus.prometheusSpec.hostNetwork
[INFO] Coalescing path $.prometheus.prometheusSpec.hostUsers
[INFO] Coalescing path $.prometheus.prometheusSpec.ignoreNamespaceSelectors
[INFO] Coalescing path $.prometheus.prometheusSpec.image
[INFO] Coalescing path $.prometheus.prometheusSpec.initContainers
[INFO] Coalescing path $.prometheus.prometheusSpec.keepDroppedTargets
[INFO] Coalescing path $.prometheus.prometheusSpec.labelLimit
[INFO] Coalescing path $.prometheus.prometheusSpec.labelNameLengthLimit
[INFO] Coalescing path $.prometheus.prometheusSpec.labelValueLengthLimit
[INFO] Coalescing path $.prometheus.prometheusSpec.listenLocal
[INFO] Coalescing path $.prometheus.prometheusSpec.logFormat
[INFO] Coalescing path $.prometheus.prometheusSpec.logLevel
[INFO] Coalescing path $.prometheus.prometheusSpec.maximumStartupDurationSeconds
[INFO] Coalescing path $.prometheus.prometheusSpec.minReadySeconds
[INFO] Coalescing path $.prometheus.prometheusSpec.nameEscapingScheme
[INFO] Coalescing path $.prometheus.prometheusSpec.nameValidationScheme
[INFO] Coalescing path $.prometheus.prometheusSpec.nodeSelector
[INFO] Coalescing path $.prometheus.prometheusSpec.otlp
[INFO] Coalescing path $.prometheus.prometheusSpec.overrideHonorLabels
[INFO] Coalescing path $.prometheus.prometheusSpec.overrideHonorTimestamps
[INFO] Coalescing path $.prometheus.prometheusSpec.paused
[INFO] Coalescing path $.prometheus.prometheusSpec.persistentVolumeClaimRetentionPolicy
[INFO] Coalescing path $.prometheus.prometheusSpec.podAntiAffinity
[INFO] Coalescing path $.prometheus.prometheusSpec.podAntiAffinityTopologyKey
[INFO] Coalescing path $.prometheus.prometheusSpec.podManagementPolicy
[INFO] Coalescing path $.prometheus.prometheusSpec.podMetadata
[INFO] Coalescing path $.prometheus.prometheusSpec.podMonitorNamespaceSelector
[INFO] Coalescing path $.prometheus.prometheusSpec.podMonitorSelector
[INFO] Coalescing path $.prometheus.prometheusSpec.podTargetLabels
[INFO] Coalescing path $.prometheus.prometheusSpec.portName
[INFO] Coalescing path $.prometheus.prometheusSpec.priorityClassName
[INFO] Coalescing path $.prometheus.prometheusSpec.probeNamespaceSelector
[INFO] Coalescing path $.prometheus.prometheusSpec.probeSelector
[INFO] Coalescing path $.prometheus.prometheusSpec.prometheusExternalLabelNameClear
[INFO] Coalescing path $.prometheus.prometheusSpec.prometheusRulesExcludedFromEnforce
[INFO] Coalescing path $.prometheus.prometheusSpec.query
[INFO] Coalescing path $.prometheus.prometheusSpec.queryLogFile
[INFO] Coalescing path $.prometheus.prometheusSpec.reloadStrategy
[INFO] Coalescing path $.prometheus.prometheusSpec.remoteRead
[INFO] Coalescing path $.prometheus.prometheusSpec.remoteWrite
[INFO] Coalescing path $.prometheus.prometheusSpec.remoteWriteDashboards
[INFO] Coalescing path $.prometheus.prometheusSpec.remoteWriteReceiverMessageVersions
[INFO] Coalescing path $.prometheus.prometheusSpec.replicaExternalLabelNameClear
[INFO] Coalescing path $.prometheus.prometheusSpec.replicas
[INFO] Coalescing path $.prometheus.prometheusSpec.resources
[INFO] Coalescing path $.prometheus.prometheusSpec.retention
[INFO] Coalescing path $.prometheus.prometheusSpec.retentionSize
[INFO] Coalescing path $.prometheus.prometheusSpec.routePrefix
[INFO] Coalescing path $.prometheus.prometheusSpec.ruleNamespaceSelector
[INFO] Coalescing path $.prometheus.prometheusSpec.ruleQueryOffset
[INFO] Coalescing path $.prometheus.prometheusSpec.ruleSelector
[INFO] Coalescing path $.prometheus.prometheusSpec.runtime
[INFO] Coalescing path $.prometheus.prometheusSpec.sampleLimit
[INFO] Coalescing path $.prometheus.prometheusSpec.schedulerName
[INFO] Coalescing path $.prometheus.prometheusSpec.scrapeClasses
[INFO] Coalescing path $.prometheus.prometheusSpec.scrapeClassicHistograms
[INFO] Coalescing path $.prometheus.prometheusSpec.scrapeConfigNamespaceSelector
[INFO] Coalescing path $.prometheus.prometheusSpec.scrapeConfigSelector
[INFO] Coalescing path $.prometheus.prometheusSpec.scrapeFailureLogFile
[INFO] Coalescing path $.prometheus.prometheusSpec.scrapeInterval
[INFO] Coalescing path $.prometheus.prometheusSpec.scrapeNativeHistograms
[INFO] Coalescing path $.prometheus.prometheusSpec.scrapeProtocols
[INFO] Coalescing path $.prometheus.prometheusSpec.scrapeTimeout
[INFO] Coalescing path $.prometheus.prometheusSpec.secrets
[INFO] Coalescing path $.prometheus.prometheusSpec.securityContext
[INFO] Coalescing path $.prometheus.prometheusSpec.serviceDiscoveryRole
[INFO] Coalescing path $.prometheus.prometheusSpec.serviceMonitorNamespaceSelector
[INFO] Coalescing path $.prometheus.prometheusSpec.serviceMonitorSelector
[INFO] Coalescing path $.prometheus.prometheusSpec.serviceName
[INFO] Coalescing path $.prometheus.prometheusSpec.shardRetentionPolicy
[INFO] Coalescing path $.prometheus.prometheusSpec.shardingStrategy
[INFO] Coalescing path $.prometheus.prometheusSpec.shards
[INFO] Coalescing path $.prometheus.prometheusSpec.storageSpec
[INFO] Coalescing path $.prometheus.prometheusSpec.targetLimit
[INFO] Coalescing path $.prometheus.prometheusSpec.terminationGracePeriodSeconds
[INFO] Coalescing path $.prometheus.prometheusSpec.thanos
[INFO] Coalescing path $.prometheus.prometheusSpec.tolerations
[INFO] Coalescing path $.prometheus.prometheusSpec.topologySpreadConstraints
[INFO] Coalescing path $.prometheus.prometheusSpec.tracingConfig
[INFO] Coalescing path $.prometheus.prometheusSpec.tsdb
[INFO] Coalescing path $.prometheus.prometheusSpec.updateStrategy
[INFO] Coalescing path $.prometheus.prometheusSpec.version
[INFO] Coalescing path $.prometheus.prometheusSpec.volumeMounts
[INFO] Coalescing path $.prometheus.prometheusSpec.volumes
[INFO] Coalescing path $.prometheus.prometheusSpec.walCompression
[INFO] Coalescing path $.prometheus.prometheusSpec.web
[INFO] Coalescing path $.prometheus.route[*]
[INFO] Coalescing path $.prometheus.routePerReplica[*]
[INFO] Coalescing path $.prometheus.service.additionalPorts
[INFO] Coalescing path $.prometheus.service.annotations
[INFO] Coalescing path $.prometheus.service.clusterIP
[INFO] Coalescing path $.prometheus.service.enabled
[INFO] Coalescing path $.prometheus.service.externalIPs
[INFO] Coalescing path $.prometheus.service.externalTrafficPolicy
[INFO] Coalescing path $.prometheus.service.labels
[INFO] Coalescing path $.prometheus.service.loadBalancerIP
[INFO] Coalescing path $.prometheus.service.loadBalancerSourceRanges
[INFO] Coalescing path $.prometheus.service.nodePort
[INFO] Coalescing path $.prometheus.service.port
[INFO] Coalescing path $.prometheus.service.publishNotReadyAddresses
[INFO] Coalescing path $.prometheus.service.reloaderWebNodePort
[INFO] Coalescing path $.prometheus.service.reloaderWebPort
[INFO] Coalescing path $.prometheus.service.sessionAffinity
[INFO] Coalescing path $.prometheus.service.targetPort
[INFO] Coalescing path $.prometheus.service.type
[INFO] Coalescing path $.prometheus.serviceAccount.annotations
[INFO] Coalescing path $.prometheus.serviceAccount.automountServiceAccountToken
[INFO] Coalescing path $.prometheus.serviceAccount.create
[INFO] Coalescing path $.prometheus.serviceAccount.createTokenSecret
[INFO] Coalescing path $.prometheus.serviceMonitor.additionalEndpoints
[INFO] Coalescing path $.prometheus.serviceMonitor.additionalLabels
[INFO] Coalescing path $.prometheus.serviceMonitor.bearerTokenFile
[INFO] Coalescing path $.prometheus.serviceMonitor.interval
[INFO] Coalescing path $.prometheus.serviceMonitor.metricRelabelings
[INFO] Coalescing path $.prometheus.serviceMonitor.proxyUrl
[INFO] Coalescing path $.prometheus.serviceMonitor.relabelings
[INFO] Coalescing path $.prometheus.serviceMonitor.scheme
[INFO] Coalescing path $.prometheus.serviceMonitor.selfMonitor
[INFO] Coalescing path $.prometheus.serviceMonitor.tlsConfig
[INFO] Coalescing path $.prometheus.servicePerReplica.annotations
[INFO] Coalescing path $.prometheus.servicePerReplica.clusterIP
[INFO] Coalescing path $.prometheus.servicePerReplica.enabled
[INFO] Coalescing path $.prometheus.servicePerReplica.externalTrafficPolicy
[INFO] Coalescing path $.prometheus.servicePerReplica.loadBalancerSourceRanges
[INFO] Coalescing path $.prometheus.servicePerReplica.nodePort
[INFO] Coalescing path $.prometheus.servicePerReplica.port
[INFO] Coalescing path $.prometheus.servicePerReplica.targetPort
[INFO] Coalescing path $.prometheus.servicePerReplica.type
[INFO] Coalescing path $.prometheus.thanosIngress.annotations
[INFO] Coalescing path $.prometheus.thanosIngress.enabled
[INFO] Coalescing path $.prometheus.thanosIngress.hosts
[INFO] Coalescing path $.prometheus.thanosIngress.ingressClassName
[INFO] Coalescing path $.prometheus.thanosIngress.labels
[INFO] Coalescing path $.prometheus.thanosIngress.nodePort
[INFO] Coalescing path $.prometheus.thanosIngress.pathType
[INFO] Coalescing path $.prometheus.thanosIngress.paths
[INFO] Coalescing path $.prometheus.thanosIngress.servicePort
[INFO] Coalescing path $.prometheus.thanosIngress.tls
[INFO] Coalescing path $.prometheus.thanosService.annotations
[INFO] Coalescing path $.prometheus.thanosService.clusterIP
[INFO] Coalescing path $.prometheus.thanosService.enabled
[INFO] Coalescing path $.prometheus.thanosService.externalTrafficPolicy
[INFO] Coalescing path $.prometheus.thanosService.httpNodePort
[INFO] Coalescing path $.prometheus.thanosService.httpPort
[INFO] Coalescing path $.prometheus.thanosService.httpPortName
[INFO] Coalescing path $.prometheus.thanosService.labels
[INFO] Coalescing path $.prometheus.thanosService.nodePort
[INFO] Coalescing path $.prometheus.thanosService.port
[INFO] Coalescing path $.prometheus.thanosService.portName
[INFO] Coalescing path $.prometheus.thanosService.targetHttpPort
[INFO] Coalescing path $.prometheus.thanosService.targetPort
[INFO] Coalescing path $.prometheus.thanosService.type
[INFO] Coalescing path $.prometheus.thanosServiceExternal.annotations
[INFO] Coalescing path $.prometheus.thanosServiceExternal.enabled
[INFO] Coalescing path $.prometheus.thanosServiceExternal.externalTrafficPolicy
[INFO] Coalescing path $.prometheus.thanosServiceExternal.httpNodePort
[INFO] Coalescing path $.prometheus.thanosServiceExternal.httpPort
[INFO] Coalescing path $.prometheus.thanosServiceExternal.httpPortName
[INFO] Coalescing path $.prometheus.thanosServiceExternal.labels
[INFO] Coalescing path $.prometheus.thanosServiceExternal.loadBalancerIP
[INFO] Coalescing path $.prometheus.thanosServiceExternal.loadBalancerSourceRanges
[INFO] Coalescing path $.prometheus.thanosServiceExternal.nodePort
[INFO] Coalescing path $.prometheus.thanosServiceExternal.port
[INFO] Coalescing path $.prometheus.thanosServiceExternal.portName
[INFO] Coalescing path $.prometheus.thanosServiceExternal.targetHttpPort
[INFO] Coalescing path $.prometheus.thanosServiceExternal.targetPort
[INFO] Coalescing path $.prometheus.thanosServiceExternal.type
[INFO] Coalescing path $.prometheus.thanosServiceMonitor.additionalLabels
[INFO] Coalescing path $.prometheus.thanosServiceMonitor.bearerTokenFile
[INFO] Coalescing path $.prometheus.thanosServiceMonitor.enabled
[INFO] Coalescing path $.prometheus.thanosServiceMonitor.interval
[INFO] Coalescing path $.prometheus.thanosServiceMonitor.metricRelabelings
[INFO] Coalescing path $.prometheus.thanosServiceMonitor.relabelings
[INFO] Coalescing path $.prometheus.thanosServiceMonitor.scheme
[INFO] Coalescing path $.prometheus.thanosServiceMonitor.tlsConfig
[INFO] Coalescing path $.prometheus.verticalPodAutoscaler.controlledResources
[INFO] Coalescing path $.prometheus.verticalPodAutoscaler.controlledValues
[INFO] Coalescing path $.prometheus.verticalPodAutoscaler.enabled
[INFO] Coalescing path $.prometheus.verticalPodAutoscaler.maxAllowed
[INFO] Coalescing path $.prometheus.verticalPodAutoscaler.minAllowed
[INFO] Coalescing path $.prometheus.verticalPodAutoscaler.recommenders
[INFO] Coalescing path $.prometheus.verticalPodAutoscaler.updatePolicy
[INFO] Coalescing path $["prometheus-node-exporter"].kubeRBACProxy.enabled
[INFO] Coalescing path $.prometheusOperator.admissionWebhooks.annotations
[INFO] Coalescing path $.prometheusOperator.admissionWebhooks.caBundle
[INFO] Coalescing path $.prometheusOperator.admissionWebhooks.createSecretJob
[INFO] Coalescing path $.prometheusOperator.admissionWebhooks.enabled
[INFO] Coalescing path $.prometheusOperator.admissionWebhooks.failurePolicy
[INFO] Coalescing path $.prometheusOperator.admissionWebhooks.matchConditions
[INFO] Coalescing path $.prometheusOperator.admissionWebhooks.namespaceSelector
[INFO] Coalescing path $.prometheusOperator.admissionWebhooks.objectSelector
[INFO] Coalescing path $.prometheusOperator.admissionWebhooks.patchWebhookJob
[INFO] Coalescing path $.prometheusOperator.admissionWebhooks.timeoutSeconds
[INFO] Coalescing path $.prometheusOperator.env[*]
[INFO] Coalescing path $.prometheusOperator.featureGates[*]
[INFO] Coalescing path $.prometheusOperator.image.pullPolicy
[INFO] Coalescing path $.prometheusOperator.image.registry
[INFO] Coalescing path $.prometheusOperator.image.repository
[INFO] Coalescing path $.prometheusOperator.image.sha
[INFO] Coalescing path $.prometheusOperator.image.tag
[INFO] Coalescing path $.prometheusOperator.kubeletService.enabled
[INFO] Coalescing path $.prometheusOperator.kubeletService.name
[INFO] Coalescing path $.prometheusOperator.kubeletService.namespace
[INFO] Coalescing path $.prometheusOperator.kubeletService.selector
[INFO] Coalescing path $.prometheusOperator.livenessProbe.enabled
[INFO] Coalescing path $.prometheusOperator.livenessProbe.failureThreshold
[INFO] Coalescing path $.prometheusOperator.livenessProbe.initialDelaySeconds
[INFO] Coalescing path $.prometheusOperator.livenessProbe.periodSeconds
[INFO] Coalescing path $.prometheusOperator.livenessProbe.successThreshold
[INFO] Coalescing path $.prometheusOperator.livenessProbe.timeoutSeconds
[INFO] Coalescing path $.prometheusOperator.namespaces.additional
[INFO] Coalescing path $.prometheusOperator.namespaces.releaseNamespace
[INFO] Coalescing path $.prometheusOperator.networkPolicy.cilium
[INFO] Coalescing path $.prometheusOperator.networkPolicy.enabled
[INFO] Coalescing path $.prometheusOperator.networkPolicy.flavor
[INFO] Coalescing path $.prometheusOperator.networkPolicy.matchLabels
[INFO] Coalescing path $.prometheusOperator.podDisruptionBudget.enabled
[INFO] Coalescing path $.prometheusOperator.prometheusConfigReloader.enableProbe
[INFO] Coalescing path $.prometheusOperator.prometheusConfigReloader.resources
[INFO] Coalescing path $.prometheusOperator.readinessProbe.enabled
[INFO] Coalescing path $.prometheusOperator.readinessProbe.failureThreshold
[INFO] Coalescing path $.prometheusOperator.readinessProbe.initialDelaySeconds
[INFO] Coalescing path $.prometheusOperator.readinessProbe.periodSeconds
[INFO] Coalescing path $.prometheusOperator.readinessProbe.successThreshold
[INFO] Coalescing path $.prometheusOperator.readinessProbe.timeoutSeconds
[INFO] Coalescing path $.prometheusOperator.service.annotations
[INFO] Coalescing path $.prometheusOperator.service.clusterIP
[INFO] Coalescing path $.prometheusOperator.service.externalIPs
[INFO] Coalescing path $.prometheusOperator.service.externalTrafficPolicy
[INFO] Coalescing path $.prometheusOperator.service.labels
[INFO] Coalescing path $.prometheusOperator.service.loadBalancerIP
[INFO] Coalescing path $.prometheusOperator.service.loadBalancerSourceRanges
[INFO] Coalescing path $.prometheusOperator.service.nodePort
[INFO] Coalescing path $.prometheusOperator.service.nodePortTls
[INFO] Coalescing path $.prometheusOperator.service.type
[INFO] Coalescing path $.prometheusOperator.serviceAccount.annotations
[INFO] Coalescing path $.prometheusOperator.serviceAccount.automountServiceAccountToken
[INFO] Coalescing path $.prometheusOperator.serviceAccount.create
[INFO] Coalescing path $.prometheusOperator.serviceMonitor.additionalLabels
[INFO] Coalescing path $.prometheusOperator.serviceMonitor.interval
[INFO] Coalescing path $.prometheusOperator.serviceMonitor.metricRelabelings
[INFO] Coalescing path $.prometheusOperator.serviceMonitor.relabelings
[INFO] Coalescing path $.prometheusOperator.serviceMonitor.selfMonitor
[INFO] Coalescing path $.prometheusOperator.thanosImage.registry
[INFO] Coalescing path $.prometheusOperator.thanosImage.repository
[INFO] Coalescing path $.prometheusOperator.thanosImage.sha
[INFO] Coalescing path $.prometheusOperator.thanosImage.tag
[INFO] Coalescing path $.prometheusOperator.tls.enabled
[INFO] Coalescing path $.prometheusOperator.tls.internalPort
[INFO] Coalescing path $.prometheusOperator.tls.tlsMinVersion
[INFO] Coalescing path $.prometheusOperator.verticalPodAutoscaler.controlledResources
[INFO] Coalescing path $.prometheusOperator.verticalPodAutoscaler.controlledValues
[INFO] Coalescing path $.prometheusOperator.verticalPodAutoscaler.enabled
[INFO] Coalescing path $.prometheusOperator.verticalPodAutoscaler.maxAllowed
[INFO] Coalescing path $.prometheusOperator.verticalPodAutoscaler.minAllowed
[INFO] Coalescing path $.prometheusOperator.verticalPodAutoscaler.recommenders
[INFO] Coalescing path $.prometheusOperator.verticalPodAutoscaler.updatePolicy
[INFO] Coalescing path $.thanosRuler.extraSecret.annotations
[INFO] Coalescing path $.thanosRuler.extraSecret.data
[INFO] Coalescing path $.thanosRuler.extraSecret.name
[INFO] Coalescing path $.thanosRuler.ingress.annotations
[INFO] Coalescing path $.thanosRuler.ingress.enabled
[INFO] Coalescing path $.thanosRuler.ingress.hosts
[INFO] Coalescing path $.thanosRuler.ingress.ingressClassName
[INFO] Coalescing path $.thanosRuler.ingress.labels
[INFO] Coalescing path $.thanosRuler.ingress.pathType
[INFO] Coalescing path $.thanosRuler.ingress.paths
[INFO] Coalescing path $.thanosRuler.ingress.tls
[INFO] Coalescing path $.thanosRuler.podDisruptionBudget.enabled
[INFO] Coalescing path $.thanosRuler.route[*]
[INFO] Coalescing path $.thanosRuler.service.additionalPorts
[INFO] Coalescing path $.thanosRuler.service.annotations
[INFO] Coalescing path $.thanosRuler.service.clusterIP
[INFO] Coalescing path $.thanosRuler.service.enabled
[INFO] Coalescing path $.thanosRuler.service.externalIPs
[INFO] Coalescing path $.thanosRuler.service.externalTrafficPolicy
[INFO] Coalescing path $.thanosRuler.service.labels
[INFO] Coalescing path $.thanosRuler.service.loadBalancerIP
[INFO] Coalescing path $.thanosRuler.service.loadBalancerSourceRanges
[INFO] Coalescing path $.thanosRuler.service.nodePort
[INFO] Coalescing path $.thanosRuler.service.port
[INFO] Coalescing path $.thanosRuler.service.targetPort
[INFO] Coalescing path $.thanosRuler.service.type
[INFO] Coalescing path $.thanosRuler.serviceAccount.annotations
[INFO] Coalescing path $.thanosRuler.serviceAccount.create
[INFO] Coalescing path $.thanosRuler.serviceMonitor.additionalEndpoints
[INFO] Coalescing path $.thanosRuler.serviceMonitor.additionalLabels
[INFO] Coalescing path $.thanosRuler.serviceMonitor.bearerTokenFile
[INFO] Coalescing path $.thanosRuler.serviceMonitor.interval
[INFO] Coalescing path $.thanosRuler.serviceMonitor.metricRelabelings
[INFO] Coalescing path $.thanosRuler.serviceMonitor.proxyUrl
[INFO] Coalescing path $.thanosRuler.serviceMonitor.relabelings
[INFO] Coalescing path $.thanosRuler.serviceMonitor.scheme
[INFO] Coalescing path $.thanosRuler.serviceMonitor.selfMonitor
[INFO] Coalescing path $.thanosRuler.serviceMonitor.tlsConfig
[INFO] Coalescing path $.thanosRuler.thanosRulerSpec.additionalArgs
[INFO] Coalescing path $.thanosRuler.thanosRulerSpec.additionalConfig
[INFO] Coalescing path $.thanosRuler.thanosRulerSpec.additionalConfigString
[INFO] Coalescing path $.thanosRuler.thanosRulerSpec.affinity
[INFO] Coalescing path $.thanosRuler.thanosRulerSpec.alertDropLabels
[INFO] Coalescing path $.thanosRuler.thanosRulerSpec.alertQueryUrl
[INFO] Coalescing path $.thanosRuler.thanosRulerSpec.alertRelabelConfigFile
[INFO] Coalescing path $.thanosRuler.thanosRulerSpec.alertRelabelConfigs
[INFO] Coalescing path $.thanosRuler.thanosRulerSpec.alertmanagersConfig
[INFO] Coalescing path $.thanosRuler.thanosRulerSpec.alertmanagersUrl
[INFO] Coalescing path $.thanosRuler.thanosRulerSpec.containers
[INFO] Coalescing path $.thanosRuler.thanosRulerSpec.dnsConfig
[INFO] Coalescing path $.thanosRuler.thanosRulerSpec.dnsPolicy
[INFO] Coalescing path $.thanosRuler.thanosRulerSpec.enableFeatures
[INFO] Coalescing path $.thanosRuler.thanosRulerSpec.enableServiceLinks
[INFO] Coalescing path $.thanosRuler.thanosRulerSpec.enforcedNamespaceLabel
[INFO] Coalescing path $.thanosRuler.thanosRulerSpec.evaluationInterval
[INFO] Coalescing path $.thanosRuler.thanosRulerSpec.excludedFromEnforcement
[INFO] Coalescing path $.thanosRuler.thanosRulerSpec.externalPrefix
[INFO] Coalescing path $.thanosRuler.thanosRulerSpec.extraEnv
[INFO] Coalescing path $.thanosRuler.thanosRulerSpec.grpcServerTlsConfig
[INFO] Coalescing path $.thanosRuler.thanosRulerSpec.hostAliases
[INFO] Coalescing path $.thanosRuler.thanosRulerSpec.hostUsers
[INFO] Coalescing path $.thanosRuler.thanosRulerSpec.image
[INFO] Coalescing path $.thanosRuler.thanosRulerSpec.imagePullPolicy
[INFO] Coalescing path $.thanosRuler.thanosRulerSpec.initContainers
[INFO] Coalescing path $.thanosRuler.thanosRulerSpec.labels
[INFO] Coalescing path $.thanosRuler.thanosRulerSpec.listenLocal
[INFO] Coalescing path $.thanosRuler.thanosRulerSpec.logFormat
[INFO] Coalescing path $.thanosRuler.thanosRulerSpec.logLevel
[INFO] Coalescing path $.thanosRuler.thanosRulerSpec.minReadySeconds
[INFO] Coalescing path $.thanosRuler.thanosRulerSpec.nodeSelector
[INFO] Coalescing path $.thanosRuler.thanosRulerSpec.objectStorageConfig
[INFO] Coalescing path $.thanosRuler.thanosRulerSpec.objectStorageConfigFile
[INFO] Coalescing path $.thanosRuler.thanosRulerSpec.paused
[INFO] Coalescing path $.thanosRuler.thanosRulerSpec.podAntiAffinity
[INFO] Coalescing path $.thanosRuler.thanosRulerSpec.podAntiAffinityTopologyKey
[INFO] Coalescing path $.thanosRuler.thanosRulerSpec.podManagementPolicy
[INFO] Coalescing path $.thanosRuler.thanosRulerSpec.podMetadata
[INFO] Coalescing path $.thanosRuler.thanosRulerSpec.portName
[INFO] Coalescing path $.thanosRuler.thanosRulerSpec.priorityClassName
[INFO] Coalescing path $.thanosRuler.thanosRulerSpec.queryConfig
[INFO] Coalescing path $.thanosRuler.thanosRulerSpec.queryEndpoints
[INFO] Coalescing path $.thanosRuler.thanosRulerSpec.remoteWrite
[INFO] Coalescing path $.thanosRuler.thanosRulerSpec.replicas
[INFO] Coalescing path $.thanosRuler.thanosRulerSpec.resendDelay
[INFO] Coalescing path $.thanosRuler.thanosRulerSpec.resources
[INFO] Coalescing path $.thanosRuler.thanosRulerSpec.retention
[INFO] Coalescing path $.thanosRuler.thanosRulerSpec.routePrefix
[INFO] Coalescing path $.thanosRuler.thanosRulerSpec.ruleConcurrentEval
[INFO] Coalescing path $.thanosRuler.thanosRulerSpec.ruleGracePeriod
[INFO] Coalescing path $.thanosRuler.thanosRulerSpec.ruleNamespaceSelector
[INFO] Coalescing path $.thanosRuler.thanosRulerSpec.ruleOutageTolerance
[INFO] Coalescing path $.thanosRuler.thanosRulerSpec.ruleQueryOffset
[INFO] Coalescing path $.thanosRuler.thanosRulerSpec.ruleSelector
[INFO] Coalescing path $.thanosRuler.thanosRulerSpec.securityContext
[INFO] Coalescing path $.thanosRuler.thanosRulerSpec.serviceName
[INFO] Coalescing path $.thanosRuler.thanosRulerSpec.storage
[INFO] Coalescing path $.thanosRuler.thanosRulerSpec.terminationGracePeriodSeconds
[INFO] Coalescing path $.thanosRuler.thanosRulerSpec.tolerations
[INFO] Coalescing path $.thanosRuler.thanosRulerSpec.topologySpreadConstraints
[INFO] Coalescing path $.thanosRuler.thanosRulerSpec.tracingConfig
[INFO] Coalescing path $.thanosRuler.thanosRulerSpec.tracingConfigFile
[INFO] Coalescing path $.thanosRuler.thanosRulerSpec.updateStrategy
[INFO] Coalescing path $.thanosRuler.thanosRulerSpec.version
[INFO] Coalescing path $.thanosRuler.thanosRulerSpec.volumeMounts
[INFO] Coalescing path $.thanosRuler.thanosRulerSpec.volumes
[INFO] Coalescing path $.thanosRuler.thanosRulerSpec.web
[INFO] Coalescing path $.alertmanager.alertmanagerSpec.image.pullPolicy
[INFO] Coalescing path $.alertmanager.alertmanagerSpec.image.registry
[INFO] Coalescing path $.alertmanager.alertmanagerSpec.image.repository
[INFO] Coalescing path $.alertmanager.alertmanagerSpec.image.sha
[INFO] Coalescing path $.alertmanager.alertmanagerSpec.image.tag
[INFO] Coalescing path $.alertmanager.extraSecret.data[*]
[INFO] Coalescing path $.alertmanager.ingress.hosts[*]
[INFO] Coalescing path $.alertmanager.ingressPerReplica.paths[*]
[INFO] Coalescing path $.alertmanager.ingressPerReplica.tlsSecretPerReplica.enabled
[INFO] Coalescing path $.alertmanager.ingressPerReplica.tlsSecretPerReplica.prefix
[INFO] Coalescing path $.alertmanager.networkPolicy.egress.enabled
[INFO] Coalescing path $.alertmanager.networkPolicy.egress.rules
[INFO] Coalescing path $.alertmanager.networkPolicy.gateway.namespace
[INFO] Coalescing path $.alertmanager.networkPolicy.gateway.podLabels
[INFO] Coalescing path $.alertmanager.networkPolicy.monitoringRules.configReloader
[INFO] Coalescing path $.alertmanager.networkPolicy.monitoringRules.prometheus
[INFO] Coalescing path $.alertmanager.route[*].enabled
[INFO] Coalescing path $.alertmanager.route[*].hostnames
[INFO] Coalescing path $.alertmanager.routePerReplica[*].enabled
[INFO] Coalescing path $.alertmanager.routePerReplica[*].hostDomain
[INFO] Coalescing path $.alertmanager.routePerReplica[*].hostPrefix
[INFO] Coalescing path $.alertmanager.service.ipDualStack.enabled
[INFO] Coalescing path $.alertmanager.service.ipDualStack.ipFamilies
[INFO] Coalescing path $.alertmanager.service.ipDualStack.ipFamilyPolicy
[INFO] Coalescing path $.alertmanager.service.loadBalancerSourceRanges[*]
[INFO] Coalescing path $.alertmanager.serviceMonitor.additionalEndpoints[*]
[INFO] Coalescing path $.alertmanager.servicePerReplica.loadBalancerSourceRanges[*]
[INFO] Coalescing path $.coreDns.service.ipDualStack.enabled
[INFO] Coalescing path $.coreDns.service.ipDualStack.ipFamilies
[INFO] Coalescing path $.coreDns.service.ipDualStack.ipFamilyPolicy
[INFO] Coalescing path $.grafana.sidecar.dashboards.annotations
[INFO] Coalescing path $.grafana.sidecar.dashboards.label
[INFO] Coalescing path $.grafana.sidecar.dashboards.labelValue
[INFO] Coalescing path $.grafana.sidecar.datasources.annotations
[INFO] Coalescing path $.grafana.sidecar.datasources.createPrometheusReplicasDatasources
[INFO] Coalescing path $.grafana.sidecar.datasources.customQueryParameters
[INFO] Coalescing path $.grafana.sidecar.datasources.defaultDatasourceEnabled
[INFO] Coalescing path $.grafana.sidecar.datasources.defaultDatasourceScrapeInterval
[INFO] Coalescing path $.grafana.sidecar.datasources.enabled
[INFO] Coalescing path $.grafana.sidecar.datasources.exemplarTraceIdDestinations
[INFO] Coalescing path $.grafana.sidecar.datasources.extraJsonData
[INFO] Coalescing path $.grafana.sidecar.datasources.httpMethod
[INFO] Coalescing path $.grafana.sidecar.datasources.isDefaultDatasource
[INFO] Coalescing path $.grafana.sidecar.datasources.label
[INFO] Coalescing path $.grafana.sidecar.datasources.labelValue
[INFO] Coalescing path $.grafana.sidecar.datasources.name
[INFO] Coalescing path $.grafana.sidecar.datasources.prometheusServiceName
[INFO] Coalescing path $.grafana.sidecar.datasources.timeout
[INFO] Coalescing path $.grafana.sidecar.datasources.uid
[INFO] Coalescing path $.grafana.sidecar.datasources.url
[INFO] Coalescing path $.kubeControllerManager.service.ipDualStack.enabled
[INFO] Coalescing path $.kubeControllerManager.service.ipDualStack.ipFamilies
[INFO] Coalescing path $.kubeControllerManager.service.ipDualStack.ipFamilyPolicy
[INFO] Coalescing path $.kubeDns.service.dnsmasq.port
[INFO] Coalescing path $.kubeDns.service.dnsmasq.targetPort
[INFO] Coalescing path $.kubeDns.service.ipDualStack.enabled
[INFO] Coalescing path $.kubeDns.service.ipDualStack.ipFamilies
[INFO] Coalescing path $.kubeDns.service.ipDualStack.ipFamilyPolicy
[INFO] Coalescing path $.kubeDns.service.skydns.port
[INFO] Coalescing path $.kubeDns.service.skydns.targetPort
[INFO] Coalescing path $.kubeEtcd.service.ipDualStack.enabled
[INFO] Coalescing path $.kubeEtcd.service.ipDualStack.ipFamilies
[INFO] Coalescing path $.kubeEtcd.service.ipDualStack.ipFamilyPolicy
[INFO] Coalescing path $.kubeProxy.service.ipDualStack.enabled
[INFO] Coalescing path $.kubeProxy.service.ipDualStack.ipFamilies
[INFO] Coalescing path $.kubeProxy.service.ipDualStack.ipFamilyPolicy
[INFO] Coalescing path $.kubeScheduler.service.ipDualStack.enabled
[INFO] Coalescing path $.kubeScheduler.service.ipDualStack.ipFamilies
[INFO] Coalescing path $.kubeScheduler.service.ipDualStack.ipFamilyPolicy
[INFO] Coalescing path $.kubeScheduler.serviceMonitor.reource.relabelings
[INFO] Coalescing path $.kubeScheduler.serviceMonitor.resource.enabled
[INFO] Coalescing path $.kubeScheduler.serviceMonitor.resource.interval
[INFO] Coalescing path $.kubeScheduler.serviceMonitor.resource.metricRelabelings
[INFO] Coalescing path $.kubeScheduler.serviceMonitor.resource.relabelings
[INFO] Coalescing path $.nodeExporter.operatingSystems.aix.enabled
[INFO] Coalescing path $.nodeExporter.operatingSystems.darwin.enabled
[INFO] Coalescing path $.nodeExporter.operatingSystems.linux.enabled
[INFO] Coalescing path $.prometheus.additionalPodMonitors[*].additionalLabels
[INFO] Coalescing path $.prometheus.additionalPodMonitors[*].attachMetadata
[INFO] Coalescing path $.prometheus.additionalPodMonitors[*].fallbackScrapeProtocol
[INFO] Coalescing path $.prometheus.additionalPodMonitors[*].jobLabel
[INFO] Coalescing path $.prometheus.additionalPodMonitors[*].name
[INFO] Coalescing path $.prometheus.additionalPodMonitors[*].namespaceSelector
[INFO] Coalescing path $.prometheus.additionalPodMonitors[*].podMetricsEndpoints
[INFO] Coalescing path $.prometheus.additionalPodMonitors[*].podTargetLabels
[INFO] Coalescing path $.prometheus.additionalPodMonitors[*].sampleLimit
[INFO] Coalescing path $.prometheus.additionalPodMonitors[*].selector
[INFO] Coalescing path $.prometheus.additionalServiceMonitors[*].additionalLabels
[INFO] Coalescing path $.prometheus.additionalServiceMonitors[*].attachMetadata
[INFO] Coalescing path $.prometheus.additionalServiceMonitors[*].endpoints
[INFO] Coalescing path $.prometheus.additionalServiceMonitors[*].fallbackScrapeProtocol
[INFO] Coalescing path $.prometheus.additionalServiceMonitors[*].jobLabel
[INFO] Coalescing path $.prometheus.additionalServiceMonitors[*].name
[INFO] Coalescing path $.prometheus.additionalServiceMonitors[*].namespaceSelector
[INFO] Coalescing path $.prometheus.additionalServiceMonitors[*].podTargetLabels
[INFO] Coalescing path $.prometheus.additionalServiceMonitors[*].selector
[INFO] Coalescing path $.prometheus.additionalServiceMonitors[*].targetLabels
[INFO] Coalescing path $.prometheus.extraSecret.data[*]
[INFO] Coalescing path $.prometheus.ingress.hosts[*]
[INFO] Coalescing path $.prometheus.ingressPerReplica.paths[*]
[INFO] Coalescing path $.prometheus.ingressPerReplica.tlsSecretPerReplica.enabled
[INFO] Coalescing path $.prometheus.ingressPerReplica.tlsSecretPerReplica.prefix
[INFO] Coalescing path $.prometheus.networkPolicy.cilium.egress
[INFO] Coalescing path $.prometheus.networkPolicy.cilium.endpointSelector
[INFO] Coalescing path $.prometheus.networkPolicy.cilium.ingress
[INFO] Coalescing path $.prometheus.prometheusSpec.additionalAlertManagerConfigsSecret.key
[INFO] Coalescing path $.prometheus.prometheusSpec.additionalAlertManagerConfigsSecret.name
[INFO] Coalescing path $.prometheus.prometheusSpec.additionalAlertManagerConfigsSecret.optional
[INFO] Coalescing path $.prometheus.prometheusSpec.additionalAlertRelabelConfigsSecret.key
[INFO] Coalescing path $.prometheus.prometheusSpec.additionalAlertRelabelConfigsSecret.name
[INFO] Coalescing path $.prometheus.prometheusSpec.additionalScrapeConfigsSecret.enabled
[INFO] Coalescing path $.prometheus.prometheusSpec.additionalScrapeConfigsSecret.key
[INFO] Coalescing path $.prometheus.prometheusSpec.additionalScrapeConfigsSecret.name
[INFO] Coalescing path $.prometheus.prometheusSpec.enableFeatures[*]
[INFO] Coalescing path $.prometheus.prometheusSpec.image.pullPolicy
[INFO] Coalescing path $.prometheus.prometheusSpec.image.registry
[INFO] Coalescing path $.prometheus.prometheusSpec.image.repository
[INFO] Coalescing path $.prometheus.prometheusSpec.image.sha
[INFO] Coalescing path $.prometheus.prometheusSpec.image.tag
[INFO] Coalescing path $.prometheus.prometheusSpec.thanos.image
[INFO] Coalescing path $.prometheus.prometheusSpec.thanos.objectStorageConfig
[INFO] Coalescing path $.prometheus.prometheusSpec.thanos.secretProviderClass
[INFO] Coalescing path $.prometheus.prometheusSpec.tsdb.outOfOrderTimeWindow
[INFO] Coalescing path $.prometheus.route[*].enabled
[INFO] Coalescing path $.prometheus.route[*].hostnames
[INFO] Coalescing path $.prometheus.routePerReplica[*].enabled
[INFO] Coalescing path $.prometheus.routePerReplica[*].hostDomain
[INFO] Coalescing path $.prometheus.routePerReplica[*].hostPrefix
[INFO] Coalescing path $.prometheus.service.ipDualStack.enabled
[INFO] Coalescing path $.prometheus.service.ipDualStack.ipFamilies
[INFO] Coalescing path $.prometheus.service.ipDualStack.ipFamilyPolicy
[INFO] Coalescing path $.prometheus.service.loadBalancerSourceRanges[*]
[INFO] Coalescing path $.prometheus.serviceMonitor.additionalEndpoints[*]
[INFO] Coalescing path $.prometheus.servicePerReplica.ipDualStack.enabled
[INFO] Coalescing path $.prometheus.servicePerReplica.ipDualStack.ipFamilies
[INFO] Coalescing path $.prometheus.servicePerReplica.ipDualStack.ipFamilyPolicy
[INFO] Coalescing path $.prometheus.servicePerReplica.loadBalancerSourceRanges[*]
[INFO] Coalescing path $.prometheus.thanosIngress.hosts[*]
[INFO] Coalescing path $.prometheus.thanosService.ipDualStack.enabled
[INFO] Coalescing path $.prometheus.thanosService.ipDualStack.ipFamilies
[INFO] Coalescing path $.prometheus.thanosService.ipDualStack.ipFamilyPolicy
[INFO] Coalescing path $.prometheus.thanosServiceExternal.loadBalancerSourceRanges[*]
[INFO] Coalescing path $.prometheusOperator.admissionWebhooks.certManager.enabled
[INFO] Coalescing path $.prometheusOperator.admissionWebhooks.certManager.issuerRef
[INFO] Coalescing path $.prometheusOperator.admissionWebhooks.certManager.privateKey
[INFO] Coalescing path $.prometheusOperator.admissionWebhooks.createSecretJob.securityContext
[INFO] Coalescing path $.prometheusOperator.admissionWebhooks.deployment.affinity
[INFO] Coalescing path $.prometheusOperator.admissionWebhooks.deployment.annotations
[INFO] Coalescing path $.prometheusOperator.admissionWebhooks.deployment.automountServiceAccountToken
[INFO] Coalescing path $.prometheusOperator.admissionWebhooks.deployment.containerSecurityContext
[INFO] Coalescing path $.prometheusOperator.admissionWebhooks.deployment.dnsConfig
[INFO] Coalescing path $.prometheusOperator.admissionWebhooks.deployment.enabled
[INFO] Coalescing path $.prometheusOperator.admissionWebhooks.deployment.hostNetwork
[INFO] Coalescing path $.prometheusOperator.admissionWebhooks.deployment.labels
[INFO] Coalescing path $.prometheusOperator.admissionWebhooks.deployment.logFormat
[INFO] Coalescing path $.prometheusOperator.admissionWebhooks.deployment.logLevel
[INFO] Coalescing path $.prometheusOperator.admissionWebhooks.deployment.nodeSelector
[INFO] Coalescing path $.prometheusOperator.admissionWebhooks.deployment.podAnnotations
[INFO] Coalescing path $.prometheusOperator.admissionWebhooks.deployment.podDisruptionBudget
[INFO] Coalescing path $.prometheusOperator.admissionWebhooks.deployment.podLabels
[INFO] Coalescing path $.prometheusOperator.admissionWebhooks.deployment.priorityClassName
[INFO] Coalescing path $.prometheusOperator.admissionWebhooks.deployment.promqlOptions
[INFO] Coalescing path $.prometheusOperator.admissionWebhooks.deployment.replicas
[INFO] Coalescing path $.prometheusOperator.admissionWebhooks.deployment.resources
[INFO] Coalescing path $.prometheusOperator.admissionWebhooks.deployment.revisionHistoryLimit
[INFO] Coalescing path $.prometheusOperator.admissionWebhooks.deployment.securityContext
[INFO] Coalescing path $.prometheusOperator.admissionWebhooks.deployment.strategy
[INFO] Coalescing path $.prometheusOperator.admissionWebhooks.deployment.tolerations
[INFO] Coalescing path $.prometheusOperator.admissionWebhooks.mutatingWebhookConfiguration.annotations
[INFO] Coalescing path $.prometheusOperator.admissionWebhooks.namespaceSelector.matchExpressions
[INFO] Coalescing path $.prometheusOperator.admissionWebhooks.patch.affinity
[INFO] Coalescing path $.prometheusOperator.admissionWebhooks.patch.annotations
[INFO] Coalescing path $.prometheusOperator.admissionWebhooks.patch.enabled
[INFO] Coalescing path $.prometheusOperator.admissionWebhooks.patch.nodeSelector
[INFO] Coalescing path $.prometheusOperator.admissionWebhooks.patch.podAnnotations
[INFO] Coalescing path $.prometheusOperator.admissionWebhooks.patch.priorityClassName
[INFO] Coalescing path $.prometheusOperator.admissionWebhooks.patch.resources
[INFO] Coalescing path $.prometheusOperator.admissionWebhooks.patch.securityContext
[INFO] Coalescing path $.prometheusOperator.admissionWebhooks.patch.tolerations
[INFO] Coalescing path $.prometheusOperator.admissionWebhooks.patch.ttlSecondsAfterFinished
[INFO] Coalescing path $.prometheusOperator.admissionWebhooks.patchWebhookJob.securityContext
[INFO] Coalescing path $.prometheusOperator.admissionWebhooks.validatingWebhookConfiguration.annotations
[INFO] Coalescing path $.prometheusOperator.namespaces.additional[*]
[INFO] Coalescing path $.prometheusOperator.networkPolicy.cilium.egress
[INFO] Coalescing path $.prometheusOperator.prometheusConfigReloader.image.registry
[INFO] Coalescing path $.prometheusOperator.prometheusConfigReloader.image.repository
[INFO] Coalescing path $.prometheusOperator.prometheusConfigReloader.image.sha
[INFO] Coalescing path $.prometheusOperator.prometheusConfigReloader.image.tag
[INFO] Coalescing path $.prometheusOperator.prometheusConfigReloader.resources.limits
[INFO] Coalescing path $.prometheusOperator.prometheusConfigReloader.resources.requests
[INFO] Coalescing path $.prometheusOperator.service.ipDualStack.enabled
[INFO] Coalescing path $.prometheusOperator.service.ipDualStack.ipFamilies
[INFO] Coalescing path $.prometheusOperator.service.ipDualStack.ipFamilyPolicy
[INFO] Coalescing path $.prometheusOperator.service.loadBalancerSourceRanges[*]
[INFO] Coalescing path $.thanosRuler.extraSecret.data[*]
[INFO] Coalescing path $.thanosRuler.ingress.hosts[*]
[INFO] Coalescing path $.thanosRuler.route[*].enabled
[INFO] Coalescing path $.thanosRuler.route[*].hostnames
[INFO] Coalescing path $.thanosRuler.service.ipDualStack.enabled
[INFO] Coalescing path $.thanosRuler.service.ipDualStack.ipFamilies
[INFO] Coalescing path $.thanosRuler.service.ipDualStack.ipFamilyPolicy
[INFO] Coalescing path $.thanosRuler.service.loadBalancerSourceRanges[*]
[INFO] Coalescing path $.thanosRuler.serviceMonitor.additionalEndpoints[*]
[INFO] Coalescing path $.thanosRuler.thanosRulerSpec.alertRelabelConfigs.existingSecret
[INFO] Coalescing path $.thanosRuler.thanosRulerSpec.alertRelabelConfigs.secret
[INFO] Coalescing path $.thanosRuler.thanosRulerSpec.alertmanagersConfig.existingSecret
[INFO] Coalescing path $.thanosRuler.thanosRulerSpec.alertmanagersConfig.secret
[INFO] Coalescing path $.thanosRuler.thanosRulerSpec.enableFeatures[*]
[INFO] Coalescing path $.thanosRuler.thanosRulerSpec.image.registry
[INFO] Coalescing path $.thanosRuler.thanosRulerSpec.image.repository
[INFO] Coalescing path $.thanosRuler.thanosRulerSpec.image.sha
[INFO] Coalescing path $.thanosRuler.thanosRulerSpec.image.tag
[INFO] Coalescing path $.thanosRuler.thanosRulerSpec.objectStorageConfig.existingSecret
[INFO] Coalescing path $.thanosRuler.thanosRulerSpec.objectStorageConfig.secret
[INFO] Coalescing path $.thanosRuler.thanosRulerSpec.queryConfig.existingSecret
[INFO] Coalescing path $.thanosRuler.thanosRulerSpec.queryConfig.secret
[INFO] Coalescing path $.thanosRuler.thanosRulerSpec.tracingConfig.existingSecret
[INFO] Coalescing path $.thanosRuler.thanosRulerSpec.tracingConfig.secret
[INFO] Coalescing path $.alertmanager.service.sessionAffinityConfig.clientIP.timeoutSeconds
[INFO] Coalescing path $.alertmanager.serviceMonitor.additionalEndpoints[*].bearerTokenFile
[INFO] Coalescing path $.alertmanager.serviceMonitor.additionalEndpoints[*].interval
[INFO] Coalescing path $.alertmanager.serviceMonitor.additionalEndpoints[*].metricRelabelings
[INFO] Coalescing path $.alertmanager.serviceMonitor.additionalEndpoints[*].path
[INFO] Coalescing path $.alertmanager.serviceMonitor.additionalEndpoints[*].port
[INFO] Coalescing path $.alertmanager.serviceMonitor.additionalEndpoints[*].proxyUrl
[INFO] Coalescing path $.alertmanager.serviceMonitor.additionalEndpoints[*].relabelings
[INFO] Coalescing path $.alertmanager.serviceMonitor.additionalEndpoints[*].scheme
[INFO] Coalescing path $.alertmanager.serviceMonitor.additionalEndpoints[*].tlsConfig
[INFO] Coalescing path $.grafana.sidecar.datasources.alertmanager.enabled
[INFO] Coalescing path $.grafana.sidecar.datasources.alertmanager.handleGrafanaManagedAlerts
[INFO] Coalescing path $.grafana.sidecar.datasources.alertmanager.implementation
[INFO] Coalescing path $.grafana.sidecar.datasources.alertmanager.name
[INFO] Coalescing path $.grafana.sidecar.datasources.alertmanager.uid
[INFO] Coalescing path $.grafana.sidecar.datasources.alertmanager.url
[INFO] Coalescing path $.grafana.sidecar.datasources.exemplarTraceIdDestinations.datasourceUid
[INFO] Coalescing path $.grafana.sidecar.datasources.exemplarTraceIdDestinations.traceIdLabelName
[INFO] Coalescing path $.grafana.sidecar.datasources.exemplarTraceIdDestinations.urlDisplayLabel
[INFO] Coalescing path $.prometheus.prometheusSpec.additionalAlertManagerConfigsSecret.name[""]
[INFO] Coalescing path $.prometheus.prometheusSpec.additionalAlertRelabelConfigsSecret.name[""]
[INFO] Coalescing path $.prometheus.prometheusSpec.additionalScrapeConfigsSecret.name[""]
[INFO] Coalescing path $.prometheus.prometheusSpec.thanos.objectStorageConfig.existingSecret
[INFO] Coalescing path $.prometheus.prometheusSpec.thanos.objectStorageConfig.secret
[INFO] Coalescing path $.prometheus.service.sessionAffinityConfig.clientIP.timeoutSeconds
[INFO] Coalescing path $.prometheus.serviceMonitor.additionalEndpoints[*].bearerTokenFile
[INFO] Coalescing path $.prometheus.serviceMonitor.additionalEndpoints[*].interval
[INFO] Coalescing path $.prometheus.serviceMonitor.additionalEndpoints[*].metricRelabelings
[INFO] Coalescing path $.prometheus.serviceMonitor.additionalEndpoints[*].path
[INFO] Coalescing path $.prometheus.serviceMonitor.additionalEndpoints[*].port
[INFO] Coalescing path $.prometheus.serviceMonitor.additionalEndpoints[*].proxyUrl
[INFO] Coalescing path $.prometheus.serviceMonitor.additionalEndpoints[*].relabelings
[INFO] Coalescing path $.prometheus.serviceMonitor.additionalEndpoints[*].scheme
[INFO] Coalescing path $.prometheus.serviceMonitor.additionalEndpoints[*].tlsConfig
[INFO] Coalescing path $.prometheusOperator.admissionWebhooks.certManager.admissionCert.duration
[INFO] Coalescing path $.prometheusOperator.admissionWebhooks.certManager.admissionCert.revisionHistoryLimit
[INFO] Coalescing path $.prometheusOperator.admissionWebhooks.certManager.rootCert.duration
[INFO] Coalescing path $.prometheusOperator.admissionWebhooks.certManager.rootCert.revisionHistoryLimit
[INFO] Coalescing path $.prometheusOperator.admissionWebhooks.deployment.image.pullPolicy
[INFO] Coalescing path $.prometheusOperator.admissionWebhooks.deployment.image.registry
[INFO] Coalescing path $.prometheusOperator.admissionWebhooks.deployment.image.repository
[INFO] Coalescing path $.prometheusOperator.admissionWebhooks.deployment.image.sha
[INFO] Coalescing path $.prometheusOperator.admissionWebhooks.deployment.image.tag
[INFO] Coalescing path $.prometheusOperator.admissionWebhooks.deployment.livenessProbe.enabled
[INFO] Coalescing path $.prometheusOperator.admissionWebhooks.deployment.livenessProbe.failureThreshold
[INFO] Coalescing path $.prometheusOperator.admissionWebhooks.deployment.livenessProbe.initialDelaySeconds
[INFO] Coalescing path $.prometheusOperator.admissionWebhooks.deployment.livenessProbe.periodSeconds
[INFO] Coalescing path $.prometheusOperator.admissionWebhooks.deployment.livenessProbe.successThreshold
[INFO] Coalescing path $.prometheusOperator.admissionWebhooks.deployment.livenessProbe.timeoutSeconds
[INFO] Coalescing path $.prometheusOperator.admissionWebhooks.deployment.podDisruptionBudget.enabled
[INFO] Coalescing path $.prometheusOperator.admissionWebhooks.deployment.readinessProbe.enabled
[INFO] Coalescing path $.prometheusOperator.admissionWebhooks.deployment.readinessProbe.failureThreshold
[INFO] Coalescing path $.prometheusOperator.admissionWebhooks.deployment.readinessProbe.initialDelaySeconds
[INFO] Coalescing path $.prometheusOperator.admissionWebhooks.deployment.readinessProbe.periodSeconds
[INFO] Coalescing path $.prometheusOperator.admissionWebhooks.deployment.readinessProbe.successThreshold
[INFO] Coalescing path $.prometheusOperator.admissionWebhooks.deployment.readinessProbe.timeoutSeconds
[INFO] Coalescing path $.prometheusOperator.admissionWebhooks.deployment.service.annotations
[INFO] Coalescing path $.prometheusOperator.admissionWebhooks.deployment.service.clusterIP
[INFO] Coalescing path $.prometheusOperator.admissionWebhooks.deployment.service.externalIPs
[INFO] Coalescing path $.prometheusOperator.admissionWebhooks.deployment.service.externalTrafficPolicy
[INFO] Coalescing path $.prometheusOperator.admissionWebhooks.deployment.service.labels
[INFO] Coalescing path $.prometheusOperator.admissionWebhooks.deployment.service.loadBalancerIP
[INFO] Coalescing path $.prometheusOperator.admissionWebhooks.deployment.service.loadBalancerSourceRanges
[INFO] Coalescing path $.prometheusOperator.admissionWebhooks.deployment.service.nodePort
[INFO] Coalescing path $.prometheusOperator.admissionWebhooks.deployment.service.nodePortTls
[INFO] Coalescing path $.prometheusOperator.admissionWebhooks.deployment.service.type
[INFO] Coalescing path $.prometheusOperator.admissionWebhooks.deployment.serviceAccount.annotations
[INFO] Coalescing path $.prometheusOperator.admissionWebhooks.deployment.serviceAccount.automountServiceAccountToken
[INFO] Coalescing path $.prometheusOperator.admissionWebhooks.deployment.tls.enabled
[INFO] Coalescing path $.prometheusOperator.admissionWebhooks.deployment.tls.internalPort
[INFO] Coalescing path $.prometheusOperator.admissionWebhooks.deployment.tls.tlsMinVersion
[INFO] Coalescing path $.prometheusOperator.admissionWebhooks.patch.image.pullPolicy
[INFO] Coalescing path $.prometheusOperator.admissionWebhooks.patch.image.registry
[INFO] Coalescing path $.prometheusOperator.admissionWebhooks.patch.image.repository
[INFO] Coalescing path $.prometheusOperator.admissionWebhooks.patch.image.sha
[INFO] Coalescing path $.prometheusOperator.admissionWebhooks.patch.image.tag
[INFO] Coalescing path $.prometheusOperator.admissionWebhooks.patch.serviceAccount.annotations
[INFO] Coalescing path $.prometheusOperator.admissionWebhooks.patch.serviceAccount.automountServiceAccountToken
[INFO] Coalescing path $.prometheusOperator.admissionWebhooks.patch.serviceAccount.create
[INFO] Coalescing path $.prometheusOperator.prometheusConfigReloader.resources.limits.cpu
[INFO] Coalescing path $.prometheusOperator.prometheusConfigReloader.resources.limits.memory
[INFO] Coalescing path $.prometheusOperator.prometheusConfigReloader.resources.requests.cpu
[INFO] Coalescing path $.prometheusOperator.prometheusConfigReloader.resources.requests.memory
[INFO] Coalescing path $.thanosRuler.serviceMonitor.additionalEndpoints[*].bearerTokenFile
[INFO] Coalescing path $.thanosRuler.serviceMonitor.additionalEndpoints[*].interval
[INFO] Coalescing path $.thanosRuler.serviceMonitor.additionalEndpoints[*].metricRelabelings
[INFO] Coalescing path $.thanosRuler.serviceMonitor.additionalEndpoints[*].path
[INFO] Coalescing path $.thanosRuler.serviceMonitor.additionalEndpoints[*].port
[INFO] Coalescing path $.thanosRuler.serviceMonitor.additionalEndpoints[*].proxyUrl
[INFO] Coalescing path $.thanosRuler.serviceMonitor.additionalEndpoints[*].relabelings
[INFO] Coalescing path $.thanosRuler.serviceMonitor.additionalEndpoints[*].scheme
[INFO] Coalescing path $.thanosRuler.serviceMonitor.additionalEndpoints[*].tlsConfig
[INFO] Coalescing path $.thanosRuler.thanosRulerSpec.alertRelabelConfigs.existingSecret.key
[INFO] Coalescing path $.thanosRuler.thanosRulerSpec.alertRelabelConfigs.existingSecret.name
[INFO] Coalescing path $.thanosRuler.thanosRulerSpec.alertmanagersConfig.existingSecret.key
[INFO] Coalescing path $.thanosRuler.thanosRulerSpec.alertmanagersConfig.existingSecret.name
[INFO] Coalescing path $.thanosRuler.thanosRulerSpec.containers[*].name
[INFO] Coalescing path $.thanosRuler.thanosRulerSpec.objectStorageConfig.existingSecret.key
[INFO] Coalescing path $.thanosRuler.thanosRulerSpec.objectStorageConfig.existingSecret.name
[INFO] Coalescing path $.thanosRuler.thanosRulerSpec.queryConfig.existingSecret.key
[INFO] Coalescing path $.thanosRuler.thanosRulerSpec.queryConfig.existingSecret.name
[INFO] Coalescing path $.thanosRuler.thanosRulerSpec.tracingConfig.existingSecret.key
[INFO] Coalescing path $.thanosRuler.thanosRulerSpec.tracingConfig.existingSecret.name
[INFO] Coalescing path $.grafana.sidecar.dashboards.multicluster.etcd.enabled
[INFO] Coalescing path $.grafana.sidecar.dashboards.multicluster.global.enabled
[INFO] Coalescing path $.prometheus.prometheusSpec.thanos.objectStorageConfig.existingSecret.key
[INFO] Coalescing path $.prometheus.prometheusSpec.thanos.objectStorageConfig.existingSecret.name
[INFO] Coalescing path $.prometheusOperator.admissionWebhooks.deployment.service.ipDualStack.enabled
[INFO] Coalescing path $.prometheusOperator.admissionWebhooks.deployment.service.ipDualStack.ipFamilies
[INFO] Coalescing path $.prometheusOperator.admissionWebhooks.deployment.service.ipDualStack.ipFamilyPolicy
[INFO] Coalescing path $.prometheusOperator.admissionWebhooks.deployment.service.loadBalancerSourceRanges[*]
[INFO] Discovered 2580 unique value paths; random traversal, seed 0
[INFO] Testing path $.grafana.deleteDatasources (1/2580)
[INFO] Compiler input baseline: 1536 statically named fields
[INFO] Render hashes (run-local): 100 observed, 100 unique, 0 duplicate bundles; 0 successful validations reused
[INFO] Testing path $.prometheus.prometheusSpec.scrapeNativeHistograms (2/2580)
[INFO] Compiler input baseline: 1536 statically named fields
[INFO] Render hashes (run-local): 2 observed, 2 unique, 0 duplicate bundles; 0 successful validations reused
[INFO] Testing path $.prometheusOperator.admissionWebhooks.deployment.tls.enabled (3/2580)
[INFO] Compiler input baseline: 1536 statically named fields
[INFO] Render hashes (run-local): 2 observed, 2 unique, 0 duplicate bundles; 0 successful validations reused
[INFO] Testing path $.thanosRuler.thanosRulerSpec.objectStorageConfig (4/2580)
[INFO] Compiler input baseline: 1536 statically named fields
[INFO] Execution stopped at the 59.9396s time limit; coverage is incomplete
[INFO] Render hashes (run-local): 26 observed, 26 unique, 0 duplicate bundles; 0 successful validations reused
[INFO] .: time-limit; testing 306.70s; dependency preparation 1.97s; 1 charts remain
[INFO] Chart 2/2: charts/crds
[INFO] Preparing dependencies for charts/crds (excluded from testing budgets)
[INFO] Finite filtering unavailable: permutations need closed objects at (); set additionalProperties: false; filtering generation before value-path traversal
[INFO] Coalescing path $.global.imagePullSecrets
[INFO] Coalescing path $.global.imageRegistry
[INFO] Coalescing path $.upgradeJob.affinity
[INFO] Coalescing path $.upgradeJob.annotations
[INFO] Coalescing path $.upgradeJob.automountServiceAccountToken
[INFO] Coalescing path $.upgradeJob.containerSecurityContext
[INFO] Coalescing path $.upgradeJob.enabled
[INFO] Coalescing path $.upgradeJob.env
[INFO] Coalescing path $.upgradeJob.extraVolumeMounts
[INFO] Coalescing path $.upgradeJob.extraVolumes
[INFO] Coalescing path $.upgradeJob.forceConflicts
[INFO] Coalescing path $.upgradeJob.labels
[INFO] Coalescing path $.upgradeJob.nodeSelector
[INFO] Coalescing path $.upgradeJob.podAnnotations
[INFO] Coalescing path $.upgradeJob.podLabels
[INFO] Coalescing path $.upgradeJob.podSecurityContext
[INFO] Coalescing path $.upgradeJob.resources
[INFO] Coalescing path $.upgradeJob.tolerations
[INFO] Coalescing path $.upgradeJob.topologySpreadConstraints
[INFO] Coalescing path $.upgradeJob.env[*]
[INFO] Coalescing path $.upgradeJob.image.sha
[INFO] Coalescing path $.upgradeJob.serviceAccount.annotations
[INFO] Coalescing path $.upgradeJob.serviceAccount.automountServiceAccountToken
[INFO] Coalescing path $.upgradeJob.serviceAccount.create
[INFO] Coalescing path $.upgradeJob.serviceAccount.labels
[INFO] Coalescing path $.upgradeJob.image.busybox.pullPolicy
[INFO] Coalescing path $.upgradeJob.image.busybox.registry
[INFO] Coalescing path $.upgradeJob.image.busybox.repository
[INFO] Coalescing path $.upgradeJob.image.busybox.sha
[INFO] Coalescing path $.upgradeJob.image.busybox.tag
[INFO] Coalescing path $.upgradeJob.image.kubectl.pullPolicy
[INFO] Coalescing path $.upgradeJob.image.kubectl.registry
[INFO] Coalescing path $.upgradeJob.image.kubectl.repository
[INFO] Coalescing path $.upgradeJob.image.kubectl.sha
[INFO] Coalescing path $.upgradeJob.image.kubectl.tag
[INFO] Discovered 40 unique value paths; random traversal, seed 0
[INFO] charts/crds: failed; testing 0.29s; dependency preparation 0.11s; 0 charts remain
