requested_permutations,replicas,repeat,pruning,status,assigned,oracle_checks,attempted,completed,remaining,rendered,render_invocations,pruned,elapsed_seconds,completed_per_second,time_limit_seconds
600000,1,0,False,time-limit,600000,11362,11363,11362,588638,11362,11363,0,540.124424458947,21.03589374130143,540.0
50,1,0,False,passed,50,50,50,50,0,50,50,0,2.8204620420001447,17.727591882265592,540.0
100,1,0,False,passed,100,100,100,100,0,100,100,0,5.254934499971569,19.029732911141146,540.0
150,1,0,False,passed,150,150,150,150,0,150,150,0,7.503798958845437,19.989874571890127,540.0
200,1,0,False,passed,200,200,200,200,0,200,200,0,9.83661049976945,20.332206912603443,540.0
250,1,0,False,passed,250,250,250,250,0,250,250,0,12.09480291698128,20.6700350320712,540.0
300,1,0,False,passed,300,300,300,300,0,300,300,0,14.447227249853313,20.76523022803881,540.0
350,1,0,False,passed,350,350,350,350,0,350,350,0,16.846239834092557,20.776149659919238,540.0
400,1,0,False,passed,400,400,400,400,0,400,400,0,19.193815709091723,20.840045880534742,540.0
450,1,0,False,passed,450,450,450,450,0,450,450,0,21.414419666863978,21.013877891648697,540.0
500,1,0,False,passed,500,500,500,500,0,500,500,0,23.645658333785832,21.14553094449397,540.0
550,1,0,False,passed,550,550,550,550,0,550,550,0,25.95650479197502,21.189293566599293,540.0
600,1,0,False,passed,600,600,600,600,0,600,600,0,28.174524374771863,21.295834208908747,540.0
650,1,0,False,passed,650,650,650,650,0,650,650,0,30.508125917054713,21.30579904407159,540.0
700,1,0,False,passed,700,700,700,700,0,700,700,0,32.90513758407906,21.273273761927395,540.0
750,1,0,False,passed,750,750,750,750,0,750,750,0,35.2144135418348,21.298097130284404,540.0
800,1,0,False,passed,800,800,800,800,0,800,800,0,37.53094945894554,21.315741049266716,540.0
850,1,0,False,passed,850,850,850,850,0,850,850,0,39.92487954208627,21.289982831481908,540.0
900,1,0,False,passed,900,900,900,900,0,900,900,0,42.20092554204166,21.32654647830879,540.0
950,1,0,False,passed,950,950,950,950,0,950,950,0,44.388525291811675,21.40192749713282,540.0
1000,1,0,False,passed,1000,1000,1000,1000,0,1000,1000,0,46.635617666877806,21.44283811448763,540.0
1050,1,0,False,passed,1050,1050,1050,1050,0,1050,1050,0,49.26553708408028,21.313073238357088,540.0
1100,1,0,False,passed,1100,1100,1100,1100,0,1100,1100,0,51.85291545884684,21.213850566859968,540.0
1150,1,0,False,passed,1150,1150,1150,1150,0,1150,1150,0,54.15980904176831,21.233457435441,540.0
1200,1,0,False,passed,1200,1200,1200,1200,0,1200,1200,0,56.55036370875314,21.22002267183046,540.0
1250,1,0,False,passed,1250,1250,1250,1250,0,1250,1250,0,59.016859834082425,21.180388172366314,540.0
1300,1,0,False,passed,1300,1300,1300,1300,0,1300,1300,0,61.256036709062755,21.22239814786559,540.0
1350,1,0,False,passed,1350,1350,1350,1350,0,1350,1350,0,63.55882937507704,21.240164636030375,540.0
1400,1,0,False,passed,1400,1400,1400,1400,0,1400,1400,0,66.30793274985626,21.113612533834193,540.0
1450,1,0,False,passed,1450,1450,1450,1450,0,1450,1450,0,68.67760383384302,21.113141971407387,540.0
1500,1,0,False,passed,1500,1500,1500,1500,0,1500,1500,0,71.67165870871395,20.928774735021275,540.0
1550,1,0,False,passed,1550,1550,1550,1550,0,1550,1550,0,74.03828979190439,20.935113498117058,540.0
1600,1,0,False,passed,1600,1600,1600,1600,0,1600,1600,0,76.59487987495959,20.889124737997953,540.0
1650,1,0,False,passed,1650,1650,1650,1650,0,1650,1650,0,78.91186383413151,20.90940347662059,540.0
1700,1,0,False,passed,1700,1700,1700,1700,0,1700,1700,0,81.25217495905235,20.922516853939328,540.0
1750,1,0,False,passed,1750,1750,1750,1750,0,1750,1750,0,83.64083504211158,20.922794459415766,540.0
1800,1,0,False,passed,1800,1800,1800,1800,0,1800,1800,0,85.98347041709349,20.934256215391844,540.0
1850,1,0,False,passed,1850,1850,1850,1850,0,1850,1850,0,88.2698902497068,20.958449078916182,540.0
1900,1,0,False,passed,1900,1900,1900,1900,0,1900,1900,0,90.5163999167271,20.99067132307465,540.0
1950,1,0,False,passed,1950,1950,1950,1950,0,1950,1950,0,92.8330074166879,21.00545974178429,540.0
2000,1,0,False,passed,2000,2000,2000,2000,0,2000,2000,0,95.09029937488958,21.032639639876223,540.0
2050,1,0,False,passed,2050,2050,2050,2050,0,2050,2050,0,97.49239154206589,21.027281899382565,540.0
2100,1,0,False,passed,2100,2100,2100,2100,0,2100,2100,0,99.73754216684029,21.05526118226509,540.0
2150,1,0,False,passed,2150,2150,2150,2150,0,2150,2150,0,102.26511995913461,21.023786026546933,540.0
2200,1,0,False,passed,2200,2200,2200,2200,0,2200,2200,0,104.51088754180819,21.050438396860034,540.0
2250,1,0,False,passed,2250,2250,2250,2250,0,2250,2250,0,106.91496562492102,21.044761945614308,540.0
2300,1,0,False,passed,2300,2300,2300,2300,0,2300,2300,0,109.27387104183435,21.04803259984694,540.0
2350,1,0,False,passed,2350,2350,2350,2350,0,2350,2350,0,111.76078920904547,21.02705265980531,540.0
2400,1,0,False,passed,2400,2400,2400,2400,0,2400,2400,0,114.0376465418376,21.04568160409641,540.0
2450,1,0,False,passed,2450,2450,2450,2450,0,2450,2450,0,116.26266612485051,21.07297279222058,540.0
2500,1,0,False,passed,2500,2500,2500,2500,0,2500,2500,0,118.56718404171988,21.08509213746978,540.0
2550,1,0,False,passed,2550,2550,2550,2550,0,2550,2550,0,120.8100060839206,21.107523148609427,540.0
2600,1,0,False,passed,2600,2600,2600,2600,0,2600,2600,0,123.06877558398992,21.126398533359872,540.0
2650,1,0,False,passed,2650,2650,2650,2650,0,2650,2650,0,125.50201199995354,21.115199332429675,540.0
2700,1,0,False,passed,2700,2700,2700,2700,0,2700,2700,0,127.81198700005189,21.124779164875232,540.0
2750,1,0,False,passed,2750,2750,2750,2750,0,2750,2750,0,130.23235466703773,21.1161044199106,540.0
2800,1,0,False,passed,2800,2800,2800,2800,0,2800,2800,0,132.5514548746869,21.12387225509594,540.0
2850,1,0,False,passed,2850,2850,2850,2850,0,2850,2850,0,134.9285402498208,21.122291805152656,540.0
2900,1,0,False,passed,2900,2900,2900,2900,0,2900,2900,0,137.29260137490928,21.12276969740618,540.0
2950,1,0,False,passed,2950,2950,2950,2950,0,2950,2950,0,139.64664020901546,21.124747402333497,540.0
3000,1,0,False,passed,3000,3000,3000,3000,0,3000,3000,0,141.96393829211593,21.132127187307027,540.0
3050,1,0,False,passed,3050,3050,3050,3050,0,3050,3050,0,144.19654745887965,21.151685347180486,540.0
3100,1,0,False,passed,3100,3100,3100,3100,0,3100,3100,0,146.43440162483603,21.169888807564355,540.0
3150,1,0,False,passed,3150,3150,3150,3150,0,3150,3150,0,148.91161879198626,21.153487051941973,540.0
3200,1,0,False,passed,3200,3200,3200,3200,0,3200,3200,0,151.28055854188278,21.152751092692878,540.0
3250,1,0,False,passed,3250,3250,3250,3250,0,3250,3250,0,153.72133587487042,21.142152984186325,540.0
3300,1,0,False,passed,3300,3300,3300,3300,0,3300,3300,0,156.11898504197598,21.13772389125335,540.0
3350,1,0,False,passed,3350,3350,3350,3350,0,3350,3350,0,158.46784633398056,21.139935182432357,540.0
3400,1,0,False,passed,3400,3400,3400,3400,0,3400,3400,0,160.68352570896968,21.15960541068838,540.0
3450,1,0,False,passed,3450,3450,3450,3450,0,3450,3450,0,163.24282733397558,21.13415980563548,540.0
3500,1,0,False,passed,3500,3500,3500,3500,0,3500,3500,0,165.5168827921152,21.145879145125676,540.0
3550,1,0,False,passed,3550,3550,3550,3550,0,3550,3550,0,167.90923824999481,21.14237451732415,540.0
3600,1,0,False,passed,3600,3600,3600,3600,0,3600,3600,0,170.67495766701177,21.09272531371374,540.0
3650,1,0,False,passed,3650,3650,3650,3650,0,3650,3650,0,173.01629562489688,21.096278745403726,540.0
3700,1,0,False,passed,3700,3700,3700,3700,0,3700,3700,0,175.4816310000606,21.08482796127375,540.0
3750,1,0,False,passed,3750,3750,3750,3750,0,3750,3750,0,177.7390811247751,21.098342448206154,540.0
3800,1,0,False,passed,3800,3800,3800,3800,0,3800,3800,0,180.17512645898387,21.090591552131112,540.0
3850,1,0,False,passed,3850,3850,3850,3850,0,3850,3850,0,182.5245001250878,21.093058725604045,540.0
3900,1,0,False,passed,3900,3900,3900,3900,0,3900,3900,0,184.82620162470266,21.100904339954532,540.0
3950,1,0,False,passed,3950,3950,3950,3950,0,3950,3950,0,187.1902086250484,21.101531052364244,540.0
4000,1,0,False,passed,4000,4000,4000,4000,0,4000,4000,0,189.55339504173025,21.102233484762426,540.0
4050,1,0,False,passed,4050,4050,4050,4050,0,4050,4050,0,191.89098529191688,21.10573351759532,540.0
4100,1,0,False,passed,4100,4100,4100,4100,0,4100,4100,0,194.26047412492335,21.10568307047067,540.0
4150,1,0,False,passed,4150,4150,4150,4150,0,4150,4150,0,196.7767919166945,21.089885446231403,540.0
4200,1,0,False,passed,4200,4200,4200,4200,0,4200,4200,0,199.18668583407998,21.0857466823789,540.0
4250,1,0,False,passed,4250,4250,4250,4250,0,4250,4250,0,201.58638170873746,21.08277336978359,540.0
4300,1,0,False,passed,4300,4300,4300,4300,0,4300,4300,0,204.00850729178637,21.077552387802424,540.0
4350,1,0,False,passed,4350,4350,4350,4350,0,4350,4350,0,206.31935979193076,21.08381881558228,540.0
4400,1,0,False,passed,4400,4400,4400,4400,0,4400,4400,0,208.66376979183406,21.086554720972895,540.0
4450,1,0,False,passed,4450,4450,4450,4450,0,4450,4450,0,210.9556472497061,21.09448150839299,540.0
4500,1,0,False,passed,4500,4500,4500,4500,0,4500,4500,0,213.27660733368248,21.099360385827563,540.0
4550,1,0,False,passed,4550,4550,4550,4550,0,4550,4550,0,215.55003537470475,21.10878799945654,540.0
4600,1,0,False,passed,4600,4600,4600,4600,0,4600,4600,0,217.8264817087911,21.11772620075492,540.0
4650,1,0,False,passed,4650,4650,4650,4650,0,4650,4650,0,220.08440720895305,21.128257376203784,540.0
4700,1,0,False,passed,4700,4700,4700,4700,0,4700,4700,0,222.47797062480822,21.125687126687183,540.0
4750,1,0,False,passed,4750,4750,4750,4750,0,4750,4750,0,224.8626265837811,21.124008343068105,540.0
4800,1,0,False,passed,4800,4800,4800,4800,0,4800,4800,0,227.1785327498801,21.12875693798376,540.0
4850,1,0,False,passed,4850,4850,4850,4850,0,4850,4850,0,229.5558725837618,21.127753977325504,540.0
4900,1,0,False,passed,4900,4900,4900,4900,0,4900,4900,0,231.9905784591101,21.121547403114295,540.0
4950,1,0,False,passed,4950,4950,4950,4950,0,4950,4950,0,234.43768941704184,21.11435244183128,540.0
5000,1,0,False,passed,5000,5000,5000,5000,0,5000,5000,0,236.76103470893577,21.118339874408782,540.0
5050,1,0,False,passed,5050,5050,5050,5050,0,5050,5050,0,239.2374260420911,21.10873738923905,540.0
5100,1,0,False,passed,5100,5100,5100,5100,0,5100,5100,0,241.470957624726,21.12055234371495,540.0
5150,1,0,False,passed,5150,5150,5150,5150,0,5150,5150,0,243.88981312513351,21.116093099623104,540.0
5200,1,0,False,passed,5200,5200,5200,5200,0,5200,5200,0,246.16887408401817,21.123710377069134,540.0
5250,1,0,False,passed,5250,5250,5250,5250,0,5250,5250,0,248.41162124974653,21.13427694560951,540.0
5300,1,0,False,passed,5300,5300,5300,5300,0,5300,5300,0,250.7024170840159,21.140601920179545,540.0
5350,1,0,False,passed,5350,5350,5350,5350,0,5350,5350,0,253.13160133408383,21.135251275636083,540.0
5400,1,0,False,passed,5400,5400,5400,5400,0,5400,5400,0,255.3952019996941,21.143701830414447,540.0
5450,1,0,False,passed,5450,5450,5450,5450,0,5450,5450,0,257.71601466694847,21.147308237880146,540.0
5500,1,0,False,passed,5500,5500,5500,5500,0,5500,5500,0,260.19153091683984,21.13827448810339,540.0
5550,1,0,False,passed,5550,5550,5550,5550,0,5550,5550,0,262.5937517499551,21.135308677431045,540.0
5600,1,0,False,passed,5600,5600,5600,5600,0,5600,5600,0,264.88625841680914,21.14114953893975,540.0
5650,1,0,False,passed,5650,5650,5650,5650,0,5650,5650,0,267.1644702916965,21.148021643114433,540.0
5700,1,0,False,passed,5700,5700,5700,5700,0,5700,5700,0,269.43405320867896,21.15545504407827,540.0
5750,1,0,False,passed,5750,5750,5750,5750,0,5750,5750,0,271.822023042012,21.153547220532964,540.0
5800,1,0,False,passed,5800,5800,5800,5800,0,5800,5800,0,274.10970904212445,21.15941102658524,540.0
5850,1,0,False,passed,5850,5850,5850,5850,0,5850,5850,0,276.41910558380187,21.163515407680304,540.0
5900,1,0,False,passed,5900,5900,5900,5900,0,5900,5900,0,278.7453137091361,21.16627512581792,540.0
5950,1,0,False,passed,5950,5950,5950,5950,0,5950,5950,0,281.0779932090081,21.16850178155218,540.0
6000,1,0,False,passed,6000,6000,6000,6000,0,6000,6000,0,283.47746733389795,21.165703420557286,540.0
6050,1,0,False,passed,6050,6050,6050,6050,0,6050,6050,0,285.77894770912826,21.170208822232123,540.0
6100,1,0,False,passed,6100,6100,6100,6100,0,6100,6100,0,288.05932074971497,21.176193792736477,540.0
6150,1,0,False,passed,6150,6150,6150,6150,0,6150,6150,0,290.48838745895773,21.171242175279435,540.0
6200,1,0,False,passed,6200,6200,6200,6200,0,6200,6200,0,292.87772779213265,21.169243720711993,540.0
6250,1,0,False,passed,6250,6250,6250,6250,0,6250,6250,0,295.23526162467897,21.169558018260638,540.0
6300,1,0,False,passed,6300,6300,6300,6300,0,6300,6300,0,297.63187016686425,21.16708804224484,540.0
6350,1,0,False,passed,6350,6350,6350,6350,0,6350,6350,0,299.97510262485594,21.168423460600355,540.0
6400,1,0,False,passed,6400,6400,6400,6400,0,6400,6400,0,302.2404259587638,21.175195143727017,540.0
6450,1,0,False,passed,6450,6450,6450,6450,0,6450,6450,0,304.56338066700846,21.177857908833918,540.0
6500,1,0,False,passed,6500,6500,6500,6500,0,6500,6500,0,306.97877879207954,21.17410208476505,540.0
6550,1,0,False,passed,6550,6550,6550,6550,0,6550,6550,0,309.2536973338574,21.180021634240617,540.0
6600,1,0,False,passed,6600,6600,6600,6600,0,6600,6600,0,311.52746379189193,21.185933078468366,540.0
6650,1,0,False,passed,6650,6650,6650,6650,0,6650,6650,0,316.1815717089921,21.03221881040095,540.0
6700,1,0,False,passed,6700,6700,6700,6700,0,6700,6700,0,318.57635945873335,21.031064613154015,540.0
6750,1,0,False,passed,6750,6750,6750,6750,0,6750,6750,0,320.9078929997049,21.03407285157117,540.0
6800,1,0,False,passed,6800,6800,6800,6800,0,6800,6800,0,323.23374245874584,21.037407630386486,540.0
6850,1,0,False,passed,6850,6850,6850,6850,0,6850,6850,0,325.6447504167445,21.03519246428416,540.0
6900,1,0,False,passed,6900,6900,6900,6900,0,6900,6900,0,327.9334521670826,21.040854339204284,540.0
6950,1,0,False,passed,6950,6950,6950,6950,0,6950,6950,0,330.17948708403856,21.0491574185257,540.0
7000,1,0,False,passed,7000,7000,7000,7000,0,7000,7000,0,332.6700172498822,21.04187223684186,540.0
7050,1,0,False,passed,7050,7050,7050,7050,0,7050,7050,0,334.95391449984163,21.047671619324614,540.0
7100,1,0,False,passed,7100,7100,7100,7100,0,7100,7100,0,337.22825774969533,21.053988913556324,540.0
7150,1,0,False,passed,7150,7150,7150,7150,0,7150,7150,0,339.4828242920339,21.06144843972826,540.0
7200,1,0,False,passed,7200,7200,7200,7200,0,7200,7200,0,341.8153097918257,21.06400677133211,540.0
7250,1,0,False,passed,7250,7250,7250,7250,0,7250,7250,0,344.0216196249239,21.074256925784052,540.0
7300,1,0,False,passed,7300,7300,7300,7300,0,7300,7300,0,346.3380074999295,21.077675109052205,540.0
7350,1,0,False,passed,7350,7350,7350,7350,0,7350,7350,0,348.84378083376214,21.069603082597496,540.0
7400,1,0,False,passed,7400,7400,7400,7400,0,7400,7400,0,351.4047312089242,21.058339125207745,540.0
7450,1,0,False,passed,7450,7450,7450,7450,0,7450,7450,0,353.7655592500232,21.059144411326727,540.0
7500,1,0,False,passed,7500,7500,7500,7500,0,7500,7500,0,356.0902841668576,21.062074236447387,540.0
7550,1,0,False,passed,7550,7550,7550,7550,0,7550,7550,0,358.4667817498557,21.061923682704077,540.0
7600,1,0,False,passed,7600,7600,7600,7600,0,7600,7600,0,360.74050666671246,21.067775477239728,540.0
7650,1,0,False,passed,7650,7650,7650,7650,0,7650,7650,0,363.06893429206684,21.070378865976014,540.0
7700,1,0,False,passed,7700,7700,7700,7700,0,7700,7700,0,365.3836924168281,21.0737374431475,540.0
7750,1,0,False,passed,7750,7750,7750,7750,0,7750,7750,0,367.72663416713476,21.075438328129263,540.0
7800,1,0,False,passed,7800,7800,7800,7800,0,7800,7800,0,370.0627374998294,21.07750716188656,540.0
7850,1,0,False,passed,7850,7850,7850,7850,0,7850,7850,0,372.4983601667918,21.07391827573427,540.0
7900,1,0,False,passed,7900,7900,7900,7900,0,7900,7900,0,374.78505549998954,21.078748696264974,540.0
7950,1,0,False,passed,7950,7950,7950,7950,0,7950,7950,0,377.1316678337753,21.080170874178737,540.0
8000,1,0,False,passed,8000,8000,8000,8000,0,8000,8000,0,380.12199987471104,21.045874752413216,540.0
8050,1,0,False,passed,8050,8050,8050,8050,0,8050,8050,0,382.51521695870906,21.044914406291355,540.0
8100,1,0,False,passed,8100,8100,8100,8100,0,8100,8100,0,384.8187385420315,21.048871036500433,540.0
8150,1,0,False,passed,8150,8150,8150,8150,0,8150,8150,0,387.4933831249364,21.03261721342029,540.0
8200,1,0,False,passed,8200,8200,8200,8200,0,8200,8200,0,389.87058149976656,21.03262053899009,540.0
8250,1,0,False,passed,8250,8250,8250,8250,0,8250,8250,0,392.336080041714,21.027890167844983,540.0
8300,1,0,False,passed,8300,8300,8300,8300,0,8300,8300,0,394.6986968340352,21.0286987683925,540.0
8350,1,0,False,passed,8350,8350,8350,8350,0,8350,8350,0,397.3702234169468,21.013149722692315,540.0
8400,1,0,False,passed,8400,8400,8400,8400,0,8400,8400,0,399.57354487478733,21.022412789195723,540.0
8450,1,0,False,passed,8450,8450,8450,8450,0,8450,8450,0,401.8851204169914,21.025909073797948,540.0
8500,1,0,False,passed,8500,8500,8500,8500,0,8500,8500,0,404.1286709168926,21.0329051406204,540.0
8550,1,0,False,passed,8550,8550,8550,8550,0,8550,8550,0,406.4744338337332,21.03453326537468,540.0
8600,1,0,False,passed,8600,8600,8600,8600,0,8600,8600,0,408.8099161670543,21.03667171440561,540.0
8650,1,0,False,passed,8650,8650,8650,8650,0,8650,8650,0,411.4434030838311,21.02354767427775,540.0
8700,1,0,False,passed,8700,8700,8700,8700,0,8700,8700,0,413.7823890419677,21.02554441754554,540.0
8750,1,0,False,passed,8750,8750,8750,8750,0,8750,8750,0,416.12331287469715,21.027420789170723,540.0
8800,1,0,False,passed,8800,8800,8800,8800,0,8800,8800,0,418.464921916835,21.029241733549405,540.0
8850,1,0,False,passed,8850,8850,8850,8850,0,8850,8850,0,420.75564054213464,21.03358611805409,540.0
8900,1,0,False,passed,8900,8900,8900,8900,0,8900,8900,0,422.94259070884436,21.04304507399871,540.0
8950,1,0,False,passed,8950,8950,8950,8950,0,8950,8950,0,425.26776616694406,21.045564023506472,540.0
9000,1,0,False,passed,9000,9000,9000,9000,0,9000,9000,0,427.5876767090522,21.04831474393487,540.0
9050,1,0,False,passed,9050,9050,9050,9050,0,9050,9050,0,429.8040432087146,21.056107179534568,540.0
9100,1,0,False,passed,9100,9100,9100,9100,0,9100,9100,0,432.343332208693,21.048086837632578,540.0
9150,1,0,False,passed,9150,9150,9150,9150,0,9150,9150,0,434.65957770869136,21.050956815985142,540.0
9200,1,0,False,passed,9200,9200,9200,9200,0,9200,9200,0,436.9677920839749,21.05418332120912,540.0
9250,1,0,False,passed,9250,9250,9250,9250,0,9250,9250,0,439.27223116671667,21.057556894574915,540.0
9300,1,0,False,passed,9300,9300,9300,9300,0,9300,9300,0,441.6023912089877,21.059668573213838,540.0
9350,1,0,False,passed,9350,9350,9350,9350,0,9350,9350,0,443.8936327500269,21.063604679514146,540.0
9400,1,0,False,passed,9400,9400,9400,9400,0,9400,9400,0,446.1361581250094,21.06980084175575,540.0
9450,1,0,False,passed,9450,9450,9450,9450,0,9450,9450,0,448.8469587499276,21.05394682035712,540.0
9500,1,0,False,passed,9500,9500,9500,9500,0,9500,9500,0,451.23372266674414,21.053391009554854,540.0
9550,1,0,False,passed,9550,9550,9550,9550,0,9550,9550,0,453.51464399974793,21.05775442171898,540.0
9600,1,0,False,passed,9600,9600,9600,9600,0,9600,9600,0,455.9381812918,21.05548601523242,540.0
9650,1,0,False,passed,9650,9650,9650,9650,0,9650,9650,0,458.2448316249065,21.05861175952978,540.0
9700,1,0,False,passed,9700,9700,9700,9700,0,9700,9700,0,460.599827083759,21.05949553089189,540.0
9750,1,0,False,passed,9750,9750,9750,9750,0,9750,9750,0,462.95386266708374,21.060413976956823,540.0
9800,1,0,False,passed,9800,9800,9800,9800,0,9800,9800,0,465.25128429196775,21.063885970597397,540.0
9850,1,0,False,passed,9850,9850,9850,9850,0,9850,9850,0,467.6230022921227,21.06397664725384,540.0
9900,1,0,False,passed,9900,9900,9900,9900,0,9900,9900,0,470.0933892088942,21.059645226367483,540.0
9950,1,0,False,passed,9950,9950,9950,9950,0,9950,9950,0,472.4452752918005,21.060640290781816,540.0
10000,1,0,False,passed,10000,10000,10000,10000,0,10000,10000,0,474.91642491705716,21.056336389600492,540.0
10050,1,0,False,passed,10050,10050,10050,10050,0,10050,10050,0,477.2200980419293,21.059465100560352,540.0
10100,1,0,False,passed,10100,10100,10100,10100,0,10100,10100,0,479.5457214587368,21.06159965159666,540.0
10150,1,0,False,passed,10150,10150,10150,10150,0,10150,10150,0,481.87251595873386,21.063662408314684,540.0
10200,1,0,False,passed,10200,10200,10200,10200,0,10200,10200,0,484.19527337513864,21.065880980001584,540.0
10250,1,0,False,passed,10250,10250,10250,10250,0,10250,10250,0,486.5607033339329,21.066230646590654,540.0
10300,1,0,False,passed,10300,10300,10300,10300,0,10300,10300,0,488.88535612495616,21.068334060240048,540.0
10350,1,0,False,passed,10350,10350,10350,10350,0,10350,10350,0,491.25074887508526,21.068670172412883,540.0
10400,1,0,False,passed,10400,10400,10400,10400,0,10400,10400,0,493.6296632918529,21.06842593422332,540.0
10450,1,0,False,passed,10450,10450,10450,10450,0,10450,10450,0,495.97687329212204,21.06953078403945,540.0
10500,1,0,False,passed,10500,10500,10500,10500,0,10500,10500,0,498.44829662470147,21.065374425195007,540.0
10550,1,0,False,passed,10550,10550,10550,10550,0,10550,10550,0,500.76419874979183,21.067800027116824,540.0
10600,1,0,False,passed,10600,10600,10600,10600,0,10600,10600,0,503.1012260839343,21.069318559425575,540.0
10650,1,0,False,passed,10650,10650,10650,10650,0,10650,10650,0,505.45812495891005,21.069994672389065,540.0
10700,1,0,False,passed,10700,10700,10700,10700,0,10700,10700,0,507.75206737499684,21.073277072641808,540.0
10750,1,0,False,passed,10750,10750,10750,10750,0,10750,10750,0,509.9768258747645,21.07938920863806,540.0
10800,1,0,False,passed,10800,10800,10800,10800,0,10800,10800,0,512.7533589168452,21.06275817054466,540.0
10850,1,0,False,passed,10850,10850,10850,10850,0,10850,10850,0,515.4275342090987,21.050485819793966,540.0
10900,1,0,False,passed,10900,10900,10900,10900,0,10900,10900,0,517.7857650839724,21.051177407768797,540.0
10950,1,0,False,passed,10950,10950,10950,10950,0,10950,10950,0,520.3266002917662,21.04447474693766,540.0
11000,1,0,False,passed,11000,11000,11000,11000,0,11000,11000,0,522.7905593337491,21.040930834746785,540.0
11050,1,0,False,passed,11050,11050,11050,11050,0,11050,11050,0,525.4270754586905,21.03051120910262,540.0
11100,1,0,False,passed,11100,11100,11100,11100,0,11100,11100,0,527.7053608749993,21.034465106806678,540.0
11150,1,0,False,passed,11150,11150,11150,11150,0,11150,11150,0,530.0169356670231,21.03706362885894,540.0
11200,1,0,False,passed,11200,11200,11200,11200,0,11200,11200,0,532.4477448747493,21.03492804281599,540.0
11250,1,0,False,passed,11250,11250,11250,11250,0,11250,11250,0,534.792760625016,21.036186029990475,540.0
11300,1,0,False,passed,11300,11300,11300,11300,0,11300,11300,0,537.1700752498582,21.036168097681056,540.0
11350,1,0,False,passed,11350,11350,11350,11350,0,11350,11350,0,539.4417039998807,21.04027166576374,540.0
11400,1,0,False,time-limit,11400,11362,11363,11362,38,11362,11363,0,540.124424458947,21.03589374130143,540.0
11450,1,0,False,time-limit,11450,11362,11363,11362,88,11362,11363,0,540.124424458947,21.03589374130143,540.0
600000,1,0,True,time-limit,600000,170944,170944,170944,429056,256,256,170688,541.8064737911336,315.5074888711996,540.0
50,1,0,True,passed,50,50,50,50,0,7,7,43,1.1036731251515448,45.30326856797797,540.0
100,1,0,True,passed,100,100,100,100,0,13,13,87,1.5832684161141515,63.16048433874028,540.0
150,1,0,True,passed,150,150,150,150,0,19,19,131,1.9908017083071172,75.34652967901702,540.0
200,1,0,True,passed,200,200,200,200,0,25,25,175,2.4940365003421903,80.19128828810618,540.0
250,1,0,True,passed,250,250,250,250,0,32,32,218,2.9624000410549343,84.39103312696857,540.0
300,1,0,True,passed,300,300,300,300,0,38,38,262,3.3666866663843393,89.10838154183968,540.0
350,1,0,True,passed,350,350,350,350,0,44,44,306,3.8027477501891553,92.038710688236,540.0
400,1,0,True,passed,400,400,400,400,0,50,50,350,4.242568000219762,94.28251945031411,540.0
450,1,0,True,passed,450,450,450,450,0,57,57,393,4.703830874990672,95.66670485381607,540.0
500,1,0,True,passed,500,500,500,500,0,63,63,437,5.105624666437507,97.93120972773725,540.0
550,1,0,True,passed,550,550,550,550,0,69,69,481,5.513276958372444,99.75918208947799,540.0
600,1,0,True,passed,600,600,600,600,0,75,75,525,5.941719000227749,100.98087775221306,540.0
650,1,0,True,passed,650,650,650,650,0,82,82,568,6.414511625189334,101.33273396021232,540.0
700,1,0,True,passed,700,700,700,700,0,88,88,612,6.890411500353366,101.59044927347247,540.0
750,1,0,True,passed,750,750,750,750,0,94,94,656,7.325715458020568,102.37907878047073,540.0
800,1,0,True,passed,800,800,800,800,0,100,100,700,7.784059666097164,102.7741351321258,540.0
850,1,0,True,passed,850,850,850,850,0,107,107,743,8.250038125086576,103.02982690653688,540.0
900,1,0,True,passed,900,900,900,900,0,113,113,787,8.66238412540406,103.89749368890048,540.0
950,1,0,True,passed,950,950,950,950,0,119,119,831,9.081359833013266,104.6098841438356,540.0
1000,1,0,True,passed,1000,1000,1000,1000,0,125,125,875,9.48341125017032,105.44728828268838,540.0
1050,1,0,True,passed,1050,1050,1050,1050,0,132,132,918,9.94566616602242,105.57362196482487,540.0
1100,1,0,True,passed,1100,1100,1100,1100,0,138,138,962,10.381069540977478,105.96210685786663,540.0
1150,1,0,True,passed,1150,1150,1150,1150,0,144,144,1006,10.800641625188291,106.47515582019432,540.0
1200,1,0,True,passed,1200,1200,1200,1200,0,150,150,1050,11.45159679139033,104.7888798269773,540.0
1250,1,0,True,passed,1250,1250,1250,1250,0,157,157,1093,11.922025666106492,104.84795411518573,540.0
1300,1,0,True,passed,1300,1300,1300,1300,0,163,163,1137,12.443121458403766,104.47539263727215,540.0
1350,1,0,True,passed,1350,1350,1350,1350,0,169,169,1181,12.865961458068341,104.92803078882261,540.0
1400,1,0,True,passed,1400,1400,1400,1400,0,175,175,1225,13.328250875230879,105.04003962003368,540.0
1450,1,0,True,passed,1450,1450,1450,1450,0,182,182,1268,13.851747916080058,104.67992983879967,540.0
1500,1,0,True,passed,1500,1500,1500,1500,0,188,188,1312,14.270466250367463,105.11219281019463,540.0
1550,1,0,True,passed,1550,1550,1550,1550,0,194,194,1356,14.754806166049093,105.05051591708201,540.0
1600,1,0,True,passed,1600,1600,1600,1600,0,200,200,1400,15.158802750054747,105.54923277131643,540.0
1650,1,0,True,passed,1650,1650,1650,1650,0,207,207,1443,15.636852625291795,105.5199559360949,540.0
1700,1,0,True,passed,1700,1700,1700,1700,0,213,213,1487,16.049960375297815,105.91926461179538,540.0
1750,1,0,True,passed,1750,1750,1750,1750,0,219,219,1531,16.543071958236396,105.78446399906501,540.0
1800,1,0,True,passed,1800,1800,1800,1800,0,225,225,1575,16.993257833179086,105.9243623365454,540.0
1850,1,0,True,passed,1850,1850,1850,1850,0,232,232,1618,17.47196308337152,105.88392335608177,540.0
1900,1,0,True,passed,1900,1900,1900,1900,0,238,238,1662,17.975108625367284,105.70172562510328,540.0
1950,1,0,True,passed,1950,1950,1950,1950,0,244,244,1706,18.402239750139415,105.9653621774614,540.0
2000,1,0,True,passed,2000,2000,2000,2000,0,250,250,1750,18.84569670818746,106.12502318001889,540.0
2050,1,0,True,passed,2050,2050,2050,2050,0,256,256,1794,19.26800408307463,106.39399862909298,540.0
2100,1,0,True,passed,2100,2100,2100,2100,0,256,256,1844,19.456028666347265,107.93569623138617,540.0
2150,1,0,True,passed,2150,2150,2150,2150,0,256,256,1894,19.586310375016183,109.77054681735704,540.0
2200,1,0,True,passed,2200,2200,2200,2200,0,256,256,1944,19.77000670833513,111.27967898323824,540.0
2250,1,0,True,passed,2250,2250,2250,2250,0,256,256,1994,19.90254637505859,113.05086080943128,540.0
2300,1,0,True,passed,2300,2300,2300,2300,0,256,256,2044,20.061148416250944,114.64946832938227,540.0
2350,1,0,True,passed,2350,2350,2350,2350,0,256,256,2094,20.234514208044857,116.13819713377082,540.0
2400,1,0,True,passed,2400,2400,2400,2400,0,256,256,2144,20.40408954117447,117.62347911466058,540.0
2450,1,0,True,passed,2450,2450,2450,2450,0,256,256,2194,20.533008250407875,119.32007088884954,540.0
2500,1,0,True,passed,2500,2500,2500,2500,0,256,256,2244,20.69672758318484,120.79204260441335,540.0
2550,1,0,True,passed,2550,2550,2550,2550,0,256,256,2294,20.82684479141608,122.4381333581071,540.0
2600,1,0,True,passed,2600,2600,2600,2600,0,256,256,2344,20.992122458294034,123.85598479455965,540.0
2650,1,0,True,passed,2650,2650,2650,2650,0,256,256,2394,21.123165250290185,125.45468297955937,540.0
2700,1,0,True,passed,2700,2700,2700,2700,0,256,256,2444,21.285867375321686,126.84472530023906,540.0
2750,1,0,True,passed,2750,2750,2750,2750,0,256,256,2494,21.416639875154942,128.4048298907162,540.0
2800,1,0,True,passed,2800,2800,2800,2800,0,256,256,2544,21.606478250119835,129.5907628992925,540.0
2850,1,0,True,passed,2850,2850,2850,2850,0,256,256,2594,21.772584666032344,130.89856090656602,540.0
2900,1,0,True,passed,2900,2900,2900,2900,0,256,256,2644,22.01678775018081,131.71767075676988,540.0
2950,1,0,True,passed,2950,2950,2950,2950,0,256,256,2694,22.14464316610247,133.21506144274483,540.0
3000,1,0,True,passed,3000,3000,3000,3000,0,256,256,2744,22.305369708221406,134.4967619565726,540.0
3050,1,0,True,passed,3050,3050,3050,3050,0,256,256,2794,22.435545083135366,135.94499214073753,540.0
3100,1,0,True,passed,3100,3100,3100,3100,0,256,256,2844,22.61055350024253,137.10411821483044,540.0
3150,1,0,True,passed,3150,3150,3150,3150,0,256,256,2894,22.751548250205815,138.45211610913137,540.0
3200,1,0,True,passed,3200,3200,3200,3200,0,256,256,2944,22.91830425010994,139.62638618800295,540.0
3250,1,0,True,passed,3250,3250,3250,3250,0,256,256,2994,23.048707083333284,141.00574007251376,540.0
3300,1,0,True,passed,3300,3300,3300,3300,0,256,256,3044,23.238834916148335,142.00367668634183,540.0
3350,1,0,True,passed,3350,3350,3350,3350,0,256,256,3094,23.445311416406184,142.88571136896013,540.0
3400,1,0,True,passed,3400,3400,3400,3400,0,256,256,3144,23.622823250014335,143.92860514663238,540.0
3450,1,0,True,passed,3450,3450,3450,3450,0,256,256,3194,23.751578875351697,145.25350159269843,540.0
3500,1,0,True,passed,3500,3500,3500,3500,0,256,256,3244,23.910245249979198,146.3807653751709,540.0
3550,1,0,True,passed,3550,3550,3550,3550,0,256,256,3294,24.041015250142664,147.66431296943392,540.0
3600,1,0,True,passed,3600,3600,3600,3600,0,256,256,3344,24.211141208186746,148.69187573788128,540.0
3650,1,0,True,passed,3650,3650,3650,3650,0,256,256,3394,24.339563000015914,149.96160777404316,540.0
3700,1,0,True,passed,3700,3700,3700,3700,0,256,256,3444,24.5121692083776,150.9454332069248,540.0
3750,1,0,True,passed,3750,3750,3750,3750,0,256,256,3494,24.650155458133668,152.12885802562494,540.0
3800,1,0,True,passed,3800,3800,3800,3800,0,256,256,3544,24.82140462519601,153.09367287549273,540.0
3850,1,0,True,passed,3850,3850,3850,3850,0,256,256,3594,24.95697508333251,154.26549039475617,540.0
3900,1,0,True,passed,3900,3900,3900,3900,0,256,256,3644,25.177941708359867,154.89749103299724,540.0
3950,1,0,True,passed,3950,3950,3950,3950,0,256,256,3694,25.307111041154712,156.08261225773518,540.0
4000,1,0,True,passed,4000,4000,4000,4000,0,256,256,3744,25.537841541226953,156.63030853812018,540.0
4050,1,0,True,passed,4050,4050,4050,4050,0,256,256,3794,25.70137633336708,157.5791096736732,540.0
4100,1,0,True,passed,4100,4100,4100,4100,0,256,256,3844,25.841999750118703,158.6564522732482,540.0
4150,1,0,True,passed,4150,4150,4150,4150,0,256,256,3894,26.001831708010286,159.60414045451748,540.0
4200,1,0,True,passed,4200,4200,4200,4200,0,256,256,3944,26.1685312082991,160.49811762717542,540.0
4250,1,0,True,passed,4250,4250,4250,4250,0,256,256,3994,26.35051912534982,161.28714503811804,540.0
4300,1,0,True,passed,4300,4300,4300,4300,0,256,256,4044,26.48492845799774,162.35648915644003,540.0
4350,1,0,True,passed,4350,4350,4350,4350,0,256,256,4094,26.686803833115846,163.00191012765845,540.0
4400,1,0,True,passed,4400,4400,4400,4400,0,256,256,4144,26.819054750259966,164.0624563756241,540.0
4450,1,0,True,passed,4450,4450,4450,4450,0,256,256,4194,26.973538333084434,164.9765019720029,540.0
4500,1,0,True,passed,4500,4500,4500,4500,0,256,256,4244,27.111911250278354,165.97870797300575,540.0
4550,1,0,True,passed,4550,4550,4550,4550,0,256,256,4294,27.244972916319966,167.00328585294764,540.0
4600,1,0,True,passed,4600,4600,4600,4600,0,256,256,4344,27.41646199999377,167.78240751855748,540.0
4650,1,0,True,passed,4650,4650,4650,4650,0,256,256,4394,27.614617583341897,168.38907821070254,540.0
4700,1,0,True,passed,4700,4700,4700,4700,0,256,256,4444,27.777248041238636,169.20322679274383,540.0
4750,1,0,True,passed,4750,4750,4750,4750,0,256,256,4494,27.90921766636893,170.19466675068534,540.0
4800,1,0,True,passed,4800,4800,4800,4800,0,256,256,4544,28.065185458399355,171.03040374042692,540.0
4850,1,0,True,passed,4850,4850,4850,4850,0,256,256,4594,28.199117250274867,171.9911994746121,540.0
4900,1,0,True,passed,4900,4900,4900,4900,0,256,256,4644,28.36417125025764,172.75315244599264,540.0
4950,1,0,True,passed,4950,4950,4950,4950,0,256,256,4694,28.495122957974672,173.71393719902122,540.0
5000,1,0,True,passed,5000,5000,5000,5000,0,256,256,4744,28.651896791066974,174.50851636317805,540.0
5050,1,0,True,passed,5050,5050,5050,5050,0,256,256,4794,28.78249929100275,175.4538391173904,540.0
5100,1,0,True,passed,5100,5100,5100,5100,0,256,256,4844,28.95178525010124,176.15494022021204,540.0
5150,1,0,True,passed,5150,5150,5150,5150,0,256,256,4894,29.203821750357747,176.3467824185344,540.0
5200,1,0,True,passed,5200,5200,5200,5200,0,256,256,4944,29.350176125299186,177.17099815008328,540.0
5250,1,0,True,passed,5250,5250,5250,5250,0,256,256,4994,29.511047791223973,177.89947809176908,540.0
5300,1,0,True,passed,5300,5300,5300,5300,0,256,256,5044,29.68812687508762,178.5225461444461,540.0
5350,1,0,True,passed,5350,5350,5350,5350,0,256,256,5094,29.910157416015863,178.86900177714406,540.0
5400,1,0,True,passed,5400,5400,5400,5400,0,256,256,5144,30.078273291233927,179.5315824054896,540.0
5450,1,0,True,passed,5450,5450,5450,5450,0,256,256,5194,30.236156583297998,180.24777669693967,540.0
5500,1,0,True,passed,5500,5500,5500,5500,0,256,256,5244,30.372765666339546,181.0832790276766,540.0
5550,1,0,True,passed,5550,5550,5550,5550,0,256,256,5294,30.598349208012223,181.38233413411479,540.0
5600,1,0,True,passed,5600,5600,5600,5600,0,256,256,5344,30.743787583429366,182.15062099304743,540.0
5650,1,0,True,passed,5650,5650,5650,5650,0,256,256,5394,30.905349041335285,182.81624946035194,540.0
5700,1,0,True,passed,5700,5700,5700,5700,0,256,256,5444,31.042749166022986,183.6177578704525,540.0
5750,1,0,True,passed,5750,5750,5750,5750,0,256,256,5494,31.248353666160256,184.0096941243609,540.0
5800,1,0,True,passed,5800,5800,5800,5800,0,256,256,5544,31.38587887538597,184.79648197930777,540.0
5850,1,0,True,passed,5850,5850,5850,5850,0,256,256,5594,31.58309637522325,185.2256640862259,540.0
5900,1,0,True,passed,5900,5900,5900,5900,0,256,256,5644,31.718216916080564,186.0129784599842,540.0
5950,1,0,True,passed,5950,5950,5950,5950,0,256,256,5694,31.88818454137072,186.58948715881453,540.0
6000,1,0,True,passed,6000,6000,6000,6000,0,256,256,5744,32.02520583337173,187.35242581166256,540.0
6050,1,0,True,passed,6050,6050,6050,6050,0,256,256,5794,32.18912416603416,187.95168109556508,540.0
6100,1,0,True,passed,6100,6100,6100,6100,0,256,256,5844,32.345987000036985,188.58599058959078,540.0
6150,1,0,True,passed,6150,6150,6150,6150,0,256,256,5894,32.51483704103157,189.14442019928035,540.0
6200,1,0,True,passed,6200,6200,6200,6200,0,256,256,5944,32.64665616629645,189.91225222020492,540.0
6250,1,0,True,passed,6250,6250,6250,6250,0,256,256,5994,32.80571079114452,190.51560991286635,540.0
6300,1,0,True,passed,6300,6300,6300,6300,0,256,256,6044,33.12384595815092,190.19530545938107,540.0
6350,1,0,True,passed,6350,6350,6350,6350,0,256,256,6094,33.31598329124972,190.59920712794317,540.0
6400,1,0,True,passed,6400,6400,6400,6400,0,256,256,6144,33.48655387526378,191.1214878616585,540.0
6450,1,0,True,passed,6450,6450,6450,6450,0,256,256,6194,33.63457291619852,191.7669659748722,540.0
6500,1,0,True,passed,6500,6500,6500,6500,0,256,256,6244,33.774005458224565,192.45570407809404,540.0
6550,1,0,True,passed,6550,6550,6550,6550,0,256,256,6294,34.10256812535226,192.06764651635285,540.0
6600,1,0,True,passed,6600,6600,6600,6600,0,256,256,6344,34.31025200011209,192.36232948619667,540.0
6650,1,0,True,passed,6650,6650,6650,6650,0,256,256,6394,34.479108166415244,192.8704178745988,540.0
6700,1,0,True,passed,6700,6700,6700,6700,0,256,256,6444,34.63748837541789,193.4320389337169,540.0
6750,1,0,True,passed,6750,6750,6750,6750,0,256,256,6494,34.816702250391245,193.87246820379573,540.0
6800,1,0,True,passed,6800,6800,6800,6800,0,256,256,6544,34.98736129142344,194.35589735848143,540.0
6850,1,0,True,passed,6850,6850,6850,6850,0,256,256,6594,35.12232091603801,195.03266929242324,540.0
6900,1,0,True,passed,6900,6900,6900,6900,0,256,256,6644,35.24786400003359,195.75654286436833,540.0
6950,1,0,True,passed,6950,6950,6950,6950,0,256,256,6694,35.401484625414014,196.31945025861245,540.0
7000,1,0,True,passed,7000,7000,7000,7000,0,256,256,6744,35.55850070808083,196.85869371903013,540.0
7050,1,0,True,passed,7050,7050,7050,7050,0,256,256,6794,35.728253750130534,197.3228260553944,540.0
7100,1,0,True,passed,7100,7100,7100,7100,0,256,256,6844,35.86934112524614,197.94063055712957,540.0
7150,1,0,True,passed,7150,7150,7150,7150,0,256,256,6894,36.06902866624296,198.23101049271372,540.0
7200,1,0,True,passed,7200,7200,7200,7200,0,256,256,6944,36.19813912501559,198.90525242564937,540.0
7250,1,0,True,passed,7250,7250,7250,7250,0,256,256,6994,36.32017895812169,199.61355389684283,540.0
7300,1,0,True,passed,7300,7300,7300,7300,0,256,256,7044,36.441342500038445,200.32192831513544,540.0
7350,1,0,True,passed,7350,7350,7350,7350,0,256,256,7094,36.58586550038308,200.89725634406656,540.0
7400,1,0,True,passed,7400,7400,7400,7400,0,256,256,7144,36.7069671661593,201.59660607488624,540.0
7450,1,0,True,passed,7450,7450,7450,7450,0,256,256,7194,36.8523182910867,202.1582452738637,540.0
7500,1,0,True,passed,7500,7500,7500,7500,0,256,256,7244,36.991219458170235,202.75081789290616,540.0
7550,1,0,True,passed,7550,7550,7550,7550,0,256,256,7294,37.12097950000316,203.38902964560398,540.0
7600,1,0,True,passed,7600,7600,7600,7600,0,256,256,7344,37.415092083159834,203.12658814544747,540.0
7650,1,0,True,passed,7650,7650,7650,7650,0,256,256,7394,37.56088429130614,203.66932633081467,540.0
7700,1,0,True,passed,7700,7700,7700,7700,0,256,256,7444,37.7028824579902,204.22841698057422,540.0
7750,1,0,True,passed,7750,7750,7750,7750,0,256,256,7494,37.921802333090454,204.36792354769943,540.0
7800,1,0,True,passed,7800,7800,7800,7800,0,256,256,7544,38.06236400036141,204.92684059050922,540.0
7850,1,0,True,passed,7850,7850,7850,7850,0,256,256,7594,38.20432279119268,205.474130320396,540.0
7900,1,0,True,passed,7900,7900,7900,7900,0,256,256,7644,38.345233833417296,206.02299712970503,540.0
7950,1,0,True,passed,7950,7950,7950,7950,0,256,256,7694,38.489527041092515,206.54969315451328,540.0
8000,1,0,True,passed,8000,8000,8000,8000,0,256,256,7744,38.61741033336148,207.16044734591696,540.0
8050,1,0,True,passed,8050,8050,8050,8050,0,256,256,7794,38.762361000292,207.67568827758862,540.0
8100,1,0,True,passed,8100,8100,8100,8100,0,256,256,7844,38.94955008337274,207.96132388337463,540.0
8150,1,0,True,passed,8150,8150,8150,8150,0,256,256,7894,39.17247512517497,208.05425171518561,540.0
8200,1,0,True,passed,8200,8200,8200,8200,0,256,256,7944,39.33749537542462,208.4525189451385,540.0
8250,1,0,True,passed,8250,8250,8250,8250,0,256,256,7994,39.49257725011557,208.9000155079992,540.0
8300,1,0,True,passed,8300,8300,8300,8300,0,256,256,8044,39.82837504101917,208.39414089708268,540.0
8350,1,0,True,passed,8350,8350,8350,8350,0,256,256,8094,40.01472416613251,208.67318653335207,540.0
8400,1,0,True,passed,8400,8400,8400,8400,0,256,256,8144,40.158855208195746,209.16930914618555,540.0
8450,1,0,True,passed,8450,8450,8450,8450,0,256,256,8194,40.32034850027412,209.57160129562251,540.0
8500,1,0,True,passed,8500,8500,8500,8500,0,256,256,8244,40.48902237508446,209.9334461883823,540.0
8550,1,0,True,passed,8550,8550,8550,8550,0,256,256,8294,40.66296795802191,210.26502563281963,540.0
8600,1,0,True,passed,8600,8600,8600,8600,0,256,256,8344,40.81055762525648,210.7297841644219,540.0
8650,1,0,True,passed,8650,8650,8650,8650,0,256,256,8394,41.086300833150744,210.53246032362915,540.0
8700,1,0,True,passed,8700,8700,8700,8700,0,256,256,8444,41.336290874984115,210.46881120301637,540.0
8750,1,0,True,passed,8750,8750,8750,8750,0,256,256,8494,41.53804675024003,210.65025162622598,540.0
8800,1,0,True,passed,8800,8800,8800,8800,0,256,256,8544,41.7071744161658,210.99487374021433,540.0
8850,1,0,True,passed,8850,8850,8850,8850,0,256,256,8594,41.855017540976405,211.44418327708925,540.0
8900,1,0,True,passed,8900,8900,8900,8900,0,256,256,8644,42.00273420801386,211.89096776233046,540.0
8950,1,0,True,passed,8950,8950,8950,8950,0,256,256,8694,42.244466833304614,211.86206551775,540.0
9000,1,0,True,passed,9000,9000,9000,9000,0,256,256,8744,42.415510250255466,212.18653145745887,540.0
9050,1,0,True,passed,9050,9050,9050,9050,0,256,256,8794,42.56580116599798,212.6119972394467,540.0
9100,1,0,True,passed,9100,9100,9100,9100,0,256,256,8844,42.72847987525165,212.97270641426968,540.0
9150,1,0,True,passed,9150,9150,9150,9150,0,256,256,8894,42.879898958373815,213.38669685025317,540.0
9200,1,0,True,passed,9200,9200,9200,9200,0,256,256,8944,43.042543624993414,213.74201488078083,540.0
9250,1,0,True,passed,9250,9250,9250,9250,0,256,256,8994,43.20620999997482,214.0895949912152,540.0
9300,1,0,True,passed,9300,9300,9300,9300,0,256,256,9044,43.40644987532869,214.25387302373983,540.0
9350,1,0,True,passed,9350,9350,9350,9350,0,256,256,9094,43.59699766617268,214.46430948282367,540.0
9400,1,0,True,passed,9400,9400,9400,9400,0,256,256,9144,43.75205850042403,214.84703399518673,540.0
9450,1,0,True,passed,9450,9450,9450,9450,0,256,256,9194,43.92150029120967,215.15658475562816,540.0
9500,1,0,True,passed,9500,9500,9500,9500,0,256,256,9244,44.084397749975324,215.49574191484373,540.0
9550,1,0,True,passed,9550,9550,9550,9550,0,256,256,9294,44.3056661253795,215.54805141569688,540.0
9600,1,0,True,passed,9600,9600,9600,9600,0,256,256,9344,44.433787666261196,216.05180436349184,540.0
9650,1,0,True,passed,9650,9650,9650,9650,0,256,256,9394,44.57185591617599,216.5043344425294,540.0
9700,1,0,True,passed,9700,9700,9700,9700,0,256,256,9444,44.71228808304295,216.94259935846824,540.0
9750,1,0,True,passed,9750,9750,9750,9750,0,256,256,9494,44.836971750017256,217.4544715990158,540.0
9800,1,0,True,passed,9800,9800,9800,9800,0,256,256,9544,44.96598458336666,217.94252012498157,540.0
9850,1,0,True,passed,9850,9850,9850,9850,0,256,256,9594,45.13366362499073,218.24064808570085,540.0
9900,1,0,True,passed,9900,9900,9900,9900,0,256,256,9644,45.325727625284344,218.41899774549717,540.0
9950,1,0,True,passed,9950,9950,9950,9950,0,256,256,9694,45.54373812535778,218.47130713365956,540.0
10000,1,0,True,passed,10000,10000,10000,10000,0,256,256,9744,45.71735875029117,218.73529603099198,540.0
10050,1,0,True,passed,10050,10050,10050,10050,0,256,256,9794,45.86066904105246,219.14202758367264,540.0
10100,1,0,True,passed,10100,10100,10100,10100,0,256,256,9844,46.002456916030496,219.55349077193415,540.0
10150,1,0,True,passed,10150,10150,10150,10150,0,256,256,9894,46.17184079112485,219.83095813565728,540.0
10200,1,0,True,passed,10200,10200,10200,10200,0,256,256,9944,46.39859095821157,219.83426197546663,540.0
10250,1,0,True,passed,10250,10250,10250,10250,0,256,256,9994,46.567981583066285,220.1083158761438,540.0
10300,1,0,True,passed,10300,10300,10300,10300,0,256,256,10044,46.7354656662792,220.38937353376383,540.0
10350,1,0,True,passed,10350,10350,10350,10350,0,256,256,10094,46.9126209160313,220.6229325478408,540.0
10400,1,0,True,passed,10400,10400,10400,10400,0,256,256,10144,47.06642900034785,220.96428857866266,540.0
10450,1,0,True,passed,10450,10450,10450,10450,0,256,256,10194,47.48576400009915,220.06595492447337,540.0
10500,1,0,True,passed,10500,10500,10500,10500,0,256,256,10244,47.6124016251415,220.5307785704203,540.0
10550,1,0,True,passed,10550,10550,10550,10550,0,256,256,10294,47.7512227082625,220.93675096982406,540.0
10600,1,0,True,passed,10600,10600,10600,10600,0,256,256,10344,47.88265879126266,221.3745073390583,540.0
10650,1,0,True,passed,10650,10650,10650,10650,0,256,256,10394,48.025349125266075,221.75788815654957,540.0
10700,1,0,True,passed,10700,10700,10700,10700,0,256,256,10444,48.15384016605094,222.2045004739546,540.0
10750,1,0,True,passed,10750,10750,10750,10750,0,256,256,10494,48.29073533322662,222.6099877299533,540.0
10800,1,0,True,passed,10800,10800,10800,10800,0,256,256,10544,48.47177929105237,222.81005892419594,540.0
10850,1,0,True,passed,10850,10850,10850,10850,0,256,256,10594,48.609573166351765,223.20706176269252,540.0
10900,1,0,True,passed,10900,10900,10900,10900,0,256,256,10644,48.75844600005075,223.55101308988915,540.0
10950,1,0,True,passed,10950,10950,10950,10950,0,256,256,10694,49.04642420820892,223.25786592546933,540.0
11000,1,0,True,passed,11000,11000,11000,11000,0,256,256,10744,49.23594033299014,223.4140330337012,540.0
11050,1,0,True,passed,11050,11050,11050,11050,0,256,256,10794,49.48294391622767,223.30926831489933,540.0
11100,1,0,True,passed,11100,11100,11100,11100,0,256,256,10844,50.100396333262324,221.5551335395437,540.0
11150,1,0,True,passed,11150,11150,11150,11150,0,256,256,10894,50.37172800023109,221.3543279664507,540.0
11200,1,0,True,passed,11200,11200,11200,11200,0,256,256,10944,50.62041037529707,221.25462668049877,540.0
11250,1,0,True,passed,11250,11250,11250,11250,0,256,256,10994,50.81257995823398,221.40186562554143,540.0
11300,1,0,True,passed,11300,11300,11300,11300,0,256,256,11044,51.215162000153214,220.63778691095803,540.0
11350,1,0,True,passed,11350,11350,11350,11350,0,256,256,11094,51.412157375365496,220.76490424497212,540.0
11400,1,0,True,passed,11400,11400,11400,11400,0,256,256,11144,51.69698333321139,220.51576832871726,540.0
11450,1,0,True,passed,11450,11450,11450,11450,0,256,256,11194,51.91947666602209,220.53380995446892,540.0
11500,1,0,True,passed,11500,11500,11500,11500,0,256,256,11244,52.098229583352804,220.73686748992043,540.0
11550,1,0,True,passed,11550,11550,11550,11550,0,256,256,11294,52.35233225021511,220.62054360438816,540.0
11600,1,0,True,passed,11600,11600,11600,11600,0,256,256,11344,52.64948312519118,220.32504996140696,540.0
11650,1,0,True,passed,11650,11650,11650,11650,0,256,256,11394,52.826276833191514,220.53418674170382,540.0
11700,1,0,True,passed,11700,11700,11700,11700,0,256,256,11444,52.9686645003967,220.88531229463743,540.0
11750,1,0,True,passed,11750,11750,11750,11750,0,256,256,11494,53.187942791264504,220.91472960540597,540.0
11800,1,0,True,passed,11800,11800,11800,11800,0,256,256,11544,53.36211225017905,221.13067684947958,540.0
11850,1,0,True,passed,11850,11850,11850,11850,0,256,256,11594,53.53135595843196,221.36558635282344,540.0
11900,1,0,True,passed,11900,11900,11900,11900,0,256,256,11644,53.74719120841473,221.40691880726447,540.0
11950,1,0,True,passed,11950,11950,11950,11950,0,256,256,11694,53.90286200027913,221.69509292360243,540.0
12000,1,0,True,passed,12000,12000,12000,12000,0,256,256,11744,54.06108941603452,221.97110952856232,540.0
12050,1,0,True,passed,12050,12050,12050,12050,0,256,256,11794,54.27075191633776,222.0348820406236,540.0
12100,1,0,True,passed,12100,12100,12100,12100,0,256,256,11844,54.44091825000942,222.25929299048713,540.0
12150,1,0,True,passed,12150,12150,12150,12150,0,256,256,11894,54.624256750103086,222.42865574508838,540.0
12200,1,0,True,passed,12200,12200,12200,12200,0,256,256,11944,54.76289779134095,222.77856892242565,540.0
12250,1,0,True,passed,12250,12250,12250,12250,0,256,256,11994,54.92616158304736,223.0266897765689,540.0
12300,1,0,True,passed,12300,12300,12300,12300,0,256,256,12044,55.06364316632971,223.37788225972665,540.0
12350,1,0,True,passed,12350,12350,12350,12350,0,256,256,12094,55.276469958014786,223.4223713884124,540.0
12400,1,0,True,passed,12400,12400,12400,12400,0,256,256,12144,55.45957870827988,223.5862638846323,540.0
12450,1,0,True,passed,12450,12450,12450,12450,0,256,256,12194,55.69680691603571,223.53166526707136,540.0
12500,1,0,True,passed,12500,12500,12500,12500,0,256,256,12244,55.83808720810339,223.86153654249753,540.0
12550,1,0,True,passed,12550,12550,12550,12550,0,256,256,12294,56.00944441603497,224.06935349651593,540.0
12600,1,0,True,passed,12600,12600,12600,12600,0,256,256,12344,56.142275041434914,224.42980785336488,540.0
12650,1,0,True,passed,12650,12650,12650,12650,0,256,256,12394,56.301341833081096,224.6838101568516,540.0
12700,1,0,True,passed,12700,12700,12700,12700,0,256,256,12444,56.48023125017062,224.8574362903593,540.0
12750,1,0,True,passed,12750,12750,12750,12750,0,256,256,12494,56.62903087539598,225.1495355457263,540.0
12800,1,0,True,passed,12800,12800,12800,12800,0,256,256,12544,56.8099300833419,225.31272228679055,540.0
12850,1,0,True,passed,12850,12850,12850,12850,0,256,256,12594,56.95584354130551,225.6133734667791,540.0
12900,1,0,True,passed,12900,12900,12900,12900,0,256,256,12644,57.117556791286916,225.84999647547687,540.0
12950,1,0,True,passed,12950,12950,12950,12950,0,256,256,12694,57.27499804133549,226.1021465361545,540.0
13000,1,0,True,passed,13000,13000,13000,13000,0,256,256,12744,57.45065304124728,226.28115281242353,540.0
13050,1,0,True,passed,13050,13050,13050,13050,0,256,256,12794,57.66407833341509,226.31073585438384,540.0
13100,1,0,True,passed,13100,13100,13100,13100,0,256,256,12844,58.00611541606486,225.8382569843996,540.0
13150,1,0,True,passed,13150,13150,13150,13150,0,256,256,12894,58.17266591638327,226.051183882507,540.0
13200,1,0,True,passed,13200,13200,13200,13200,0,256,256,12944,58.31929708318785,226.34017658291128,540.0
13250,1,0,True,passed,13250,13250,13250,13250,0,256,256,12994,58.50088204117492,226.49231152915263,540.0
13300,1,0,True,passed,13300,13300,13300,13300,0,256,256,13044,58.73952879104763,226.42333491151575,540.0
13350,1,0,True,passed,13350,13350,13350,13350,0,256,256,13094,58.90972950030118,226.61791376807707,540.0
13400,1,0,True,passed,13400,13400,13400,13400,0,256,256,13144,59.056543208193034,226.90119116455483,540.0
13450,1,0,True,passed,13450,13450,13450,13450,0,256,256,13194,59.233764708042145,227.06643864852808,540.0
13500,1,0,True,passed,13500,13500,13500,13500,0,256,256,13244,59.368396000005305,227.39371297817772,540.0
13550,1,0,True,passed,13550,13550,13550,13550,0,256,256,13294,59.50600520800799,227.70811034339968,540.0
13600,1,0,True,passed,13600,13600,13600,13600,0,256,256,13344,59.67190012522042,227.91297028351104,540.0
13650,1,0,True,passed,13650,13650,13650,13650,0,256,256,13394,59.80265029100701,228.25075366354886,540.0
13700,1,0,True,passed,13700,13700,13700,13700,0,256,256,13444,59.98564570816234,228.3879724601484,540.0
13750,1,0,True,passed,13750,13750,13750,13750,0,256,256,13494,60.12467116629705,228.69147944226225,540.0
13800,1,0,True,passed,13800,13800,13800,13800,0,256,256,13544,60.286199250258505,228.90811117008386,540.0
13850,1,0,True,passed,13850,13850,13850,13850,0,256,256,13594,60.415816583205014,229.244604861472,540.0
13900,1,0,True,passed,13900,13900,13900,13900,0,256,256,13644,60.66267504123971,229.13595535558727,540.0
13950,1,0,True,passed,13950,13950,13950,13950,0,256,256,13694,60.80415954114869,229.42509369872067,540.0
14000,1,0,True,passed,14000,14000,14000,14000,0,256,256,13744,61.05905204126611,229.28623245801865,540.0
14050,1,0,True,passed,14050,14050,14050,14050,0,256,256,13794,61.20069241616875,229.57256601704884,540.0
14100,1,0,True,passed,14100,14100,14100,14100,0,256,256,13844,61.37318450026214,229.74203008709407,540.0
14150,1,0,True,passed,14150,14150,14150,14150,0,256,256,13894,61.51790012512356,230.0143530780437,540.0
14200,1,0,True,passed,14200,14200,14200,14200,0,256,256,13944,61.710908791050315,230.10518364071424,540.0
14250,1,0,True,passed,14250,14250,14250,14250,0,256,256,13994,61.84064112510532,230.43098746618517,540.0
14300,1,0,True,passed,14300,14300,14300,14300,0,256,256,14044,62.05590770812705,230.4373673375053,540.0
14350,1,0,True,passed,14350,14350,14350,14350,0,256,256,14094,62.23215966625139,230.58817301148605,540.0
14400,1,0,True,passed,14400,14400,14400,14400,0,256,256,14144,62.416695916093886,230.70750203371497,540.0
14450,1,0,True,passed,14450,14450,14450,14450,0,256,256,14194,62.562064125202596,230.97064014834734,540.0
14500,1,0,True,passed,14500,14500,14500,14500,0,256,256,14244,62.743361083325,231.10014748402753,540.0
14550,1,0,True,passed,14550,14550,14550,14550,0,256,256,14294,62.88373325020075,231.37939253874612,540.0
14600,1,0,True,passed,14600,14600,14600,14600,0,256,256,14344,63.054164458066225,231.54695848375943,540.0
14650,1,0,True,passed,14650,14650,14650,14650,0,256,256,14394,63.18554525030777,231.85682646188198,540.0
14700,1,0,True,passed,14700,14700,14700,14700,0,256,256,14444,63.340634915977716,232.07850725683073,540.0
14750,1,0,True,passed,14750,14750,14750,14750,0,256,256,14494,63.46893704123795,232.39714870939807,540.0
14800,1,0,True,passed,14800,14800,14800,14800,0,256,256,14544,63.66757629113272,232.45741179661124,540.0
14850,1,0,True,passed,14850,14850,14850,14850,0,256,256,14594,63.796885958407074,232.76998205965074,540.0
14900,1,0,True,passed,14900,14900,14900,14900,0,256,256,14644,63.968291874974966,232.9279016723132,540.0
14950,1,0,True,passed,14950,14950,14950,14950,0,256,256,14694,64.12313970830292,233.14516519321677,540.0
15000,1,0,True,passed,15000,15000,15000,15000,0,256,256,14744,64.3026930410415,233.2717230120701,540.0
15050,1,0,True,passed,15050,15050,15050,15050,0,256,256,14794,64.48670112527907,233.3814528791322,540.0
15100,1,0,True,passed,15100,15100,15100,15100,0,256,256,14844,64.64528491627425,233.5823876336358,540.0
15150,1,0,True,passed,15150,15150,15150,15150,0,256,256,14894,64.77413370832801,233.88965830433276,540.0
15200,1,0,True,passed,15200,15200,15200,15200,0,256,256,14944,64.93708929140121,234.0727027629916,540.0
15250,1,0,True,passed,15250,15250,15250,15250,0,256,256,14994,65.07363837538287,234.349890074212,540.0
15300,1,0,True,passed,15300,15300,15300,15300,0,256,256,15044,65.27208504127339,234.4034205483918,540.0
15350,1,0,True,passed,15350,15350,15350,15350,0,256,256,15094,65.41641029110178,234.65060115180262,540.0
15400,1,0,True,passed,15400,15400,15400,15400,0,256,256,15144,65.55681479116902,234.91074191228847,540.0
15450,1,0,True,passed,15450,15450,15450,15450,0,256,256,15194,65.72874812502414,235.05696427706496,540.0
15500,1,0,True,passed,15500,15500,15500,15500,0,256,256,15244,65.90117908315733,235.2006476309224,540.0
15550,1,0,True,passed,15550,15550,15550,15550,0,256,256,15294,66.08255804143846,235.31171402670347,540.0
15600,1,0,True,passed,15600,15600,15600,15600,0,256,256,15344,66.2237757500261,235.56494360703755,540.0
15650,1,0,True,passed,15650,15650,15650,15650,0,256,256,15394,66.40743583301082,235.66637988182129,540.0
15700,1,0,True,passed,15700,15700,15700,15700,0,256,256,15444,66.54143629129976,235.94320884914177,540.0
15750,1,0,True,passed,15750,15750,15750,15750,0,256,256,15494,66.7094055833295,236.09864099787276,540.0
15800,1,0,True,passed,15800,15800,15800,15800,0,256,256,15544,66.83956112526357,236.38695009366273,540.0
15850,1,0,True,passed,15850,15850,15850,15850,0,256,256,15594,67.00219262531027,236.5594225943677,540.0
15900,1,0,True,passed,15900,15900,15900,15900,0,256,256,15644,67.13340391637757,236.84185625095503,540.0
15950,1,0,True,passed,15950,15950,15950,15950,0,256,256,15694,67.26528395805508,237.12083056017445,540.0
16000,1,0,True,passed,16000,16000,16000,16000,0,256,256,15744,67.43120466638356,237.27886931814626,540.0
16050,1,0,True,passed,16050,16050,16050,16050,0,256,256,15794,67.60590479103848,237.40529839233085,540.0
16100,1,0,True,passed,16100,16100,16100,16100,0,256,256,15844,67.76798833301291,237.57529765948428,540.0
16150,1,0,True,passed,16150,16150,16150,16150,0,256,256,15894,67.9353978750296,237.72584698346355,540.0
16200,1,0,True,passed,16200,16200,16200,16200,0,256,256,15944,68.11306145833805,237.83984529764342,540.0
16250,1,0,True,passed,16250,16250,16250,16250,0,256,256,15994,68.2527951253578,238.08548749035296,540.0
16300,1,0,True,passed,16300,16300,16300,16300,0,256,256,16044,68.43278620811179,238.1899218662509,540.0
16350,1,0,True,passed,16350,16350,16350,16350,0,256,256,16094,68.56803295807913,238.4493078574385,540.0
16400,1,0,True,passed,16400,16400,16400,16400,0,256,256,16144,68.7292897910811,238.61733548901307,540.0
16450,1,0,True,passed,16450,16450,16450,16450,0,256,256,16194,69.08972683316097,238.09617947576686,540.0
16500,1,0,True,passed,16500,16500,16500,16500,0,256,256,16244,69.22528250003234,238.3522234090167,540.0
16550,1,0,True,passed,16550,16550,16550,16550,0,256,256,16294,69.38398508308455,238.52766571683705,540.0
16600,1,0,True,passed,16600,16600,16600,16600,0,256,256,16344,69.51402187533677,238.80074195346765,540.0
16650,1,0,True,passed,16650,16650,16650,16650,0,256,256,16394,69.68815475003794,238.92152202510334,540.0
16700,1,0,True,passed,16700,16700,16700,16700,0,256,256,16444,69.82246366608888,239.1780398907751,540.0
16750,1,0,True,passed,16750,16750,16750,16750,0,256,256,16494,69.98349979100749,239.34213135983072,540.0
16800,1,0,True,passed,16800,16800,16800,16800,0,256,256,16544,70.11344800004736,239.61166479772402,540.0
16850,1,0,True,passed,16850,16850,16850,16850,0,256,256,16594,70.27917375043035,239.7580833809507,540.0
16900,1,0,True,passed,16900,16900,16900,16900,0,256,256,16644,70.40799258323386,240.02956738216065,540.0
16950,1,0,True,passed,16950,16950,16950,16950,0,256,256,16694,70.57424904126674,240.17258745592687,540.0
17000,1,0,True,passed,17000,17000,17000,17000,0,256,256,16744,70.74911520816386,240.2856904991844,540.0
17050,1,0,True,passed,17050,17050,17050,17050,0,256,256,16794,70.91251083323732,240.43712173858768,540.0
17100,1,0,True,passed,17100,17100,17100,17100,0,256,256,16844,71.05117833334953,240.67158914342335,540.0
17150,1,0,True,passed,17150,17150,17150,17150,0,256,256,16894,71.21600141609088,240.816665622637,540.0
17200,1,0,True,passed,17200,17200,17200,17200,0,256,256,16944,71.34432800021023,241.0843367947809,540.0
17250,1,0,True,passed,17250,17250,17250,17250,0,256,256,16994,71.50886279111728,241.22883970884192,540.0
17300,1,0,True,passed,17300,17300,17300,17300,0,256,256,17044,71.64737854106352,241.460334659485,540.0
17350,1,0,True,passed,17350,17350,17350,17350,0,256,256,17094,71.83253466617316,241.5340079621377,540.0
17400,1,0,True,passed,17400,17400,17400,17400,0,256,256,17144,71.97832079138607,241.73945444532137,540.0
17450,1,0,True,passed,17450,17450,17450,17450,0,256,256,17194,72.14496375015005,241.87412527411112,540.0
17500,1,0,True,passed,17500,17500,17500,17500,0,256,256,17244,72.28602658305317,242.09381573758714,540.0
17550,1,0,True,passed,17550,17550,17550,17550,0,256,256,17294,72.5834286250174,241.79072733898138,540.0
17600,1,0,True,passed,17600,17600,17600,17600,0,256,256,17344,72.80831079138443,241.73064597568782,540.0
17650,1,0,True,passed,17650,17650,17650,17650,0,256,256,17394,72.99944279110059,241.78266744457565,540.0
17700,1,0,True,passed,17700,17700,17700,17700,0,256,256,17444,73.1357513749972,242.01569912428727,540.0
17750,1,0,True,passed,17750,17750,17750,17750,0,256,256,17494,73.31746004102752,242.09785759172954,540.0
17800,1,0,True,passed,17800,17800,17800,17800,0,256,256,17544,73.45338841620833,242.3305498058171,540.0
17850,1,0,True,passed,17850,17850,17850,17850,0,256,256,17594,73.61402941634879,242.48095290428066,540.0
17900,1,0,True,passed,17900,17900,17900,17900,0,256,256,17644,73.75420008320361,242.69804268511686,540.0
17950,1,0,True,passed,17950,17950,17950,17950,0,256,256,17694,73.92977750021964,242.7979713579778,540.0
18000,1,0,True,passed,18000,18000,18000,18000,0,256,256,17744,74.15976804122329,242.71920578276777,540.0
18050,1,0,True,passed,18050,18050,18050,18050,0,256,256,17794,74.31656087515876,242.87991515540432,540.0
18100,1,0,True,passed,18100,18100,18100,18100,0,256,256,17844,74.52143370825797,242.88314246420995,540.0
18150,1,0,True,passed,18150,18150,18150,18150,0,256,256,17894,74.72747870814055,242.882542188899,540.0
18200,1,0,True,passed,18200,18200,18200,18200,0,256,256,17944,74.87233441602439,243.0804400844858,540.0
18250,1,0,True,passed,18250,18250,18250,18250,0,256,256,17994,75.01026708306745,243.3000269121784,540.0
18300,1,0,True,passed,18300,18300,18300,18300,0,256,256,18044,75.18844229122624,243.38847091842774,540.0
18350,1,0,True,passed,18350,18350,18350,18350,0,256,256,18094,75.32382983341813,243.61480345040619,540.0
18400,1,0,True,passed,18400,18400,18400,18400,0,256,256,18144,75.51523233298212,243.65945030620787,540.0
18450,1,0,True,passed,18450,18450,18450,18450,0,256,256,18194,75.67495404137298,243.8058963327949,540.0
18500,1,0,True,passed,18500,18500,18500,18500,0,256,256,18244,75.90506112528965,243.72551349986685,540.0
18550,1,0,True,passed,18550,18550,18550,18550,0,256,256,18294,76.11461858311668,243.7113966450941,540.0
18600,1,0,True,passed,18600,18600,18600,18600,0,256,256,18344,76.34801954124123,243.62125058074048,540.0
18650,1,0,True,passed,18650,18650,18650,18650,0,256,256,18394,76.55626016622409,243.6116910557787,540.0
18700,1,0,True,passed,18700,18700,18700,18700,0,256,256,18444,76.70991508336738,243.7755273184317,540.0
18750,1,0,True,passed,18750,18750,18750,18750,0,256,256,18494,76.90173316607252,243.8176518012746,540.0
18800,1,0,True,passed,18800,18800,18800,18800,0,256,256,18544,77.0450603752397,244.01304779873774,540.0
18850,1,0,True,passed,18850,18850,18850,18850,0,256,256,18594,77.22803000034764,244.0823623225291,540.0
18900,1,0,True,passed,18900,18900,18900,18900,0,256,256,18644,77.3727017082274,244.27219914423998,540.0
18950,1,0,True,passed,18950,18950,18950,18950,0,256,256,18694,77.55833316640928,244.33222358377466,540.0
19000,1,0,True,passed,19000,19000,19000,19000,0,256,256,18744,77.6973596252501,244.53855435552506,540.0
19050,1,0,True,passed,19050,19050,19050,19050,0,256,256,18794,77.93258441612124,244.4420410631126,540.0
19100,1,0,True,passed,19100,19100,19100,19100,0,256,256,18844,78.06806320836768,244.658304754162,540.0
19150,1,0,True,passed,19150,19150,19150,19150,0,256,256,18894,78.24742279108614,244.7364950425121,540.0
19200,1,0,True,passed,19200,19200,19200,19200,0,256,256,18944,78.38765962515026,244.9365128620294,540.0
19250,1,0,True,passed,19250,19250,19250,19250,0,256,256,18994,78.67222000006586,244.6861166493571,540.0
19300,1,0,True,passed,19300,19300,19300,19300,0,256,256,19044,78.83165391627699,244.82551159585626,540.0
19350,1,0,True,passed,19350,19350,19350,19350,0,256,256,19094,79.00257441634312,244.9287272339457,540.0
19400,1,0,True,passed,19400,19400,19400,19400,0,256,256,19144,79.137144791428,245.14404773043285,540.0
19450,1,0,True,passed,19450,19450,19450,19450,0,256,256,19194,79.30938604101539,245.24209517825923,540.0
19500,1,0,True,passed,19500,19500,19500,19500,0,256,256,19244,79.44418354099616,245.4553515543057,540.0
19550,1,0,True,passed,19550,19550,19550,19550,0,256,256,19294,79.58541529113427,245.64802393106126,540.0
19600,1,0,True,passed,19600,19600,19600,19600,0,256,256,19344,79.75758733320981,245.74464518485837,540.0
19650,1,0,True,passed,19650,19650,19650,19650,0,256,256,19394,79.89895866625011,245.93562078926442,540.0
19700,1,0,True,passed,19700,19700,19700,19700,0,256,256,19444,80.1281482083723,245.85617464627268,540.0
19750,1,0,True,passed,19750,19750,19750,19750,0,256,256,19494,80.27768520824611,246.02104493629923,540.0
19800,1,0,True,passed,19800,19800,19800,19800,0,256,256,19544,80.46977762505412,246.0551101838177,540.0
19850,1,0,True,passed,19850,19850,19850,19850,0,256,256,19594,80.66097316611558,246.09174946501483,540.0
19900,1,0,True,passed,19900,19900,19900,19900,0,256,256,19644,80.84030412510037,246.16433863490604,540.0
19950,1,0,True,passed,19950,19950,19950,19950,0,256,256,19694,80.98181645805016,246.3515993165504,540.0
20000,1,0,True,passed,20000,20000,20000,20000,0,256,256,19744,81.19807808334008,246.31124864153065,540.0
20050,1,0,True,passed,20050,20050,20050,20050,0,256,256,19794,81.3951769163832,246.32909171752584,540.0
20100,1,0,True,passed,20100,20100,20100,20100,0,256,256,19844,81.55374895827845,246.46322525630094,540.0
20150,1,0,True,passed,20150,20150,20150,20150,0,256,256,19894,81.72412887541577,246.5612087553437,540.0
20200,1,0,True,passed,20200,20200,20200,20200,0,256,256,19944,81.87088075000793,246.72997059455776,540.0
20250,1,0,True,passed,20250,20250,20250,20250,0,256,256,19994,82.0348215000704,246.84639558803238,540.0
20300,1,0,True,passed,20300,20300,20300,20300,0,256,256,20044,82.16890016617253,247.05210802319036,540.0
20350,1,0,True,passed,20350,20350,20350,20350,0,256,256,20094,82.35935033299029,247.08791312367237,540.0
20400,1,0,True,passed,20400,20400,20400,20400,0,256,256,20144,82.49881737539545,247.27627193943417,540.0
20450,1,0,True,passed,20450,20450,20450,20450,0,256,256,20194,82.67522954102606,247.35341061075695,540.0
20500,1,0,True,passed,20500,20500,20500,20500,0,256,256,20244,82.8204603753984,247.52337655550477,540.0
20550,1,0,True,passed,20550,20550,20550,20550,0,256,256,20294,83.0452369581908,247.45549236431123,540.0
20600,1,0,True,passed,20600,20600,20600,20600,0,256,256,20344,83.19477204140276,247.611712785849,540.0
20650,1,0,True,passed,20650,20650,20650,20650,0,256,256,20394,83.7085379161872,246.6892925626741,540.0
20700,1,0,True,passed,20700,20700,20700,20700,0,256,256,20444,83.86273770825937,246.83191326296665,540.0
20750,1,0,True,passed,20750,20750,20750,20750,0,256,256,20494,84.09673229139298,246.7396703132506,540.0
20800,1,0,True,passed,20800,20800,20800,20800,0,256,256,20544,84.2345306663774,246.9296123033118,540.0
20850,1,0,True,passed,20850,20850,20850,20850,0,256,256,20594,84.39717512531206,247.04618334727596,540.0
20900,1,0,True,passed,20900,20900,20900,20900,0,256,256,20644,84.53983062505722,247.2207460728616,540.0
20950,1,0,True,passed,20950,20950,20950,20950,0,256,256,20694,84.69016670808196,247.37228434338112,540.0
21000,1,0,True,passed,21000,21000,21000,21000,0,256,256,20744,84.87927950033918,247.41020569002455,540.0
21050,1,0,True,passed,21050,21050,21050,21050,0,256,256,20794,85.01085025025532,247.61545071050244,540.0
21100,1,0,True,passed,21100,21100,21100,21100,0,256,256,20844,85.15211116615683,247.7918598967874,540.0
21150,1,0,True,passed,21150,21150,21150,21150,0,256,256,20894,85.30418262537569,247.93625997077953,540.0
21200,1,0,True,passed,21200,21200,21200,21200,0,256,256,20944,85.45698691625148,248.0780187204139,540.0
21250,1,0,True,passed,21250,21250,21250,21250,0,256,256,20994,85.61907720798627,248.19235026767925,540.0
21300,1,0,True,passed,21300,21300,21300,21300,0,256,256,21044,85.74861458316445,248.40051473183752,540.0
21350,1,0,True,passed,21350,21350,21350,21350,0,256,256,21094,85.9170754160732,248.4954230181569,540.0
21400,1,0,True,passed,21400,21400,21400,21400,0,256,256,21144,86.11102566635236,248.51637562554302,540.0
21450,1,0,True,passed,21450,21450,21450,21450,0,256,256,21194,86.27367837540805,248.62739602527753,540.0
21500,1,0,True,passed,21500,21500,21500,21500,0,256,256,21244,86.41154962498695,248.8093327027087,540.0
21550,1,0,True,passed,21550,21550,21550,21550,0,256,256,21294,86.61805904097855,248.79338371926352,540.0
21600,1,0,True,passed,21600,21600,21600,21600,0,256,256,21344,86.74832737538964,248.99615535558885,540.0
21650,1,0,True,passed,21650,21650,21650,21650,0,256,256,21394,86.90610729111359,249.11943101395568,540.0
21700,1,0,True,passed,21700,21700,21700,21700,0,256,256,21444,87.04566083336249,249.29444836477037,540.0
21750,1,0,True,passed,21750,21750,21750,21750,0,256,256,21494,87.20257362537086,249.41924413194175,540.0
21800,1,0,True,passed,21800,21800,21800,21800,0,256,256,21544,87.33221391635016,249.62152019735584,540.0
21850,1,0,True,passed,21850,21850,21850,21850,0,256,256,21594,87.56191687518731,249.53770748469879,540.0
21900,1,0,True,passed,21900,21900,21900,21900,0,256,256,21644,87.703690583352,249.7044292473261,540.0
21950,1,0,True,passed,21950,21950,21950,21950,0,256,256,21694,87.87593370815739,249.78397467613382,540.0
22000,1,0,True,passed,22000,22000,22000,22000,0,256,256,21744,88.00763070816174,249.9783237314187,540.0
22050,1,0,True,passed,22050,22050,22050,22050,0,256,256,21794,88.16855458309874,250.0891627889613,540.0
22100,1,0,True,passed,22100,22100,22100,22100,0,256,256,21844,88.30581587506458,250.2666419080162,540.0
22150,1,0,True,passed,22150,22150,22150,22150,0,256,256,21894,88.4785635410808,250.34312395584612,540.0
22200,1,0,True,passed,22200,22200,22200,22200,0,256,256,21944,88.61227391613647,250.5296277692896,540.0
22250,1,0,True,passed,22250,22250,22250,22250,0,256,256,21994,88.77080479124561,250.64546899539033,540.0
22300,1,0,True,passed,22300,22300,22300,22300,0,256,256,22044,88.90236154105514,250.83698130675472,540.0
22350,1,0,True,passed,22350,22350,22350,22350,0,256,256,22094,89.13195854099467,250.7518107517015,540.0
22400,1,0,True,passed,22400,22400,22400,22400,0,256,256,22144,89.2929518329911,250.85966518271005,540.0
22450,1,0,True,passed,22450,22450,22450,22450,0,256,256,22194,89.4702734160237,250.9213299886855,540.0
22500,1,0,True,passed,22500,22500,22500,22500,0,256,256,22244,89.63110870821401,251.02891534284953,540.0
22550,1,0,True,passed,22550,22550,22550,22550,0,256,256,22294,89.8197228750214,251.0584454972872,540.0
22600,1,0,True,passed,22600,22600,22600,22600,0,256,256,22344,89.95678645838052,251.2317401473221,540.0
22650,1,0,True,passed,22650,22650,22650,22650,0,256,256,22394,90.20131595805287,251.10498399527933,540.0
22700,1,0,True,passed,22700,22700,22700,22700,0,256,256,22444,90.36604945827276,251.20053533469897,540.0
22750,1,0,True,passed,22750,22750,22750,22750,0,256,256,22494,90.60301412502304,251.09539919507856,540.0
22800,1,0,True,passed,22800,22800,22800,22800,0,256,256,22544,90.7449210411869,251.25373121049537,540.0
22850,1,0,True,passed,22850,22850,22850,22850,0,256,256,22594,90.91708200005814,251.3279077740901,540.0
22900,1,0,True,passed,22900,22900,22900,22900,0,256,256,22644,91.0680877910927,251.4602047265105,540.0
22950,1,0,True,passed,22950,22950,22950,22950,0,256,256,22694,91.25148812541738,251.5027477519839,540.0
23000,1,0,True,passed,23000,23000,23000,23000,0,256,256,22744,91.39159337524325,251.66428498039943,540.0
23050,1,0,True,passed,23050,23050,23050,23050,0,256,256,22794,91.56208766624331,251.74174800404828,540.0
23100,1,0,True,passed,23100,23100,23100,23100,0,256,256,22844,91.69067791616544,251.93400817824443,540.0
23150,1,0,True,passed,23150,23150,23150,23150,0,256,256,22894,91.8535004160367,252.03176683681664,540.0
23200,1,0,True,passed,23200,23200,23200,23200,0,256,256,22944,91.98641350027174,252.21115942227127,540.0
23250,1,0,True,passed,23250,23250,23250,23250,0,256,256,22994,92.15379850007594,252.29562295232836,540.0
23300,1,0,True,passed,23300,23300,23300,23300,0,256,256,23044,92.29319854127243,252.4563062962924,540.0
23350,1,0,True,passed,23350,23350,23350,23350,0,256,256,23094,92.45549650024623,252.55394091077986,540.0
23400,1,0,True,passed,23400,23400,23400,23400,0,256,256,23144,92.59316758299246,252.71843064474788,540.0
23450,1,0,True,passed,23450,23450,23450,23450,0,256,256,23194,92.74786716606468,252.836002773119,540.0
23500,1,0,True,passed,23500,23500,23500,23500,0,256,256,23244,92.8814475000836,253.01069947234456,540.0
23550,1,0,True,passed,23550,23550,23550,23550,0,256,256,23294,93.07775125000626,253.01427767356398,540.0
23600,1,0,True,passed,23600,23600,23600,23600,0,256,256,23344,93.270907250233,253.02637977654115,540.0
23650,1,0,True,passed,23650,23650,23650,23650,0,256,256,23394,93.42941066622734,253.132282772163,540.0
23700,1,0,True,passed,23700,23700,23700,23700,0,256,256,23444,93.56302429130301,253.3051937933455,540.0
23750,1,0,True,passed,23750,23750,23750,23750,0,256,256,23494,93.7245592083782,253.40209866654618,540.0
23800,1,0,True,passed,23800,23800,23800,23800,0,256,256,23544,93.86737700039521,253.54921763606748,540.0
23850,1,0,True,passed,23850,23850,23850,23850,0,256,256,23594,94.05483720824122,253.57547477537102,540.0
23900,1,0,True,passed,23900,23900,23900,23900,0,256,256,23644,94.20969479111955,253.68938996130657,540.0
23950,1,0,True,passed,23950,23950,23950,23950,0,256,256,23694,94.4308040002361,253.62486588529015,540.0
24000,1,0,True,passed,24000,24000,24000,24000,0,256,256,23744,94.56120233330876,253.80387947485,540.0
24050,1,0,True,passed,24050,24050,24050,24050,0,256,256,23794,94.72619958315045,253.8896324969626,540.0
24100,1,0,True,passed,24100,24100,24100,24100,0,256,256,23844,94.8613962084055,254.05487335494797,540.0
24150,1,0,True,passed,24150,24150,24150,24150,0,256,256,23894,95.03018741635606,254.12977346021142,540.0
24200,1,0,True,passed,24200,24200,24200,24200,0,256,256,23944,95.16244204109535,254.30200697822963,540.0
24250,1,0,True,passed,24250,24250,24250,24250,0,256,256,23994,95.33605150040239,254.36337690047554,540.0
24300,1,0,True,passed,24300,24300,24300,24300,0,256,256,24044,95.48268712498248,254.49639857948708,540.0
24350,1,0,True,passed,24350,24350,24350,24350,0,256,256,24094,95.64357895823196,254.59105844035562,540.0
24400,1,0,True,passed,24400,24400,24400,24400,0,256,256,24144,95.77507675020024,254.76356509366082,540.0
24450,1,0,True,passed,24450,24450,24450,24450,0,256,256,24194,95.9362227502279,254.85681319407502,540.0
24500,1,0,True,passed,24500,24500,24500,24500,0,256,256,24244,96.1595392501913,254.78491464330992,540.0
24550,1,0,True,passed,24550,24550,24550,24550,0,256,256,24294,96.31979895802215,254.88010009966195,540.0
24600,1,0,True,passed,24600,24600,24600,24600,0,256,256,24344,96.48751283343881,254.9552711806931,540.0
24650,1,0,True,passed,24650,24650,24650,24650,0,256,256,24394,96.65591320814565,255.0283700379195,540.0
24700,1,0,True,passed,24700,24700,24700,24700,0,256,256,24444,96.78595300018787,255.20232259274292,540.0
24750,1,0,True,passed,24750,24750,24750,24750,0,256,256,24494,97.0273291664198,255.08277113914139,540.0
24800,1,0,True,passed,24800,24800,24800,24800,0,256,256,24544,97.16565891634673,255.23420801737348,540.0
24850,1,0,True,passed,24850,24850,24850,24850,0,256,256,24594,97.33096995810047,255.314418531918,540.0
24900,1,0,True,passed,24900,24900,24900,24900,0,256,256,24644,97.46823304099962,255.4678506331998,540.0
24950,1,0,True,passed,24950,24950,24950,24950,0,256,256,24694,97.62701541604474,255.56450633744902,540.0
25000,1,0,True,passed,25000,25000,25000,25000,0,256,256,24744,97.75979295838624,255.72885583587353,540.0
25050,1,0,True,passed,25050,25050,25050,25050,0,256,256,24794,97.97230975003913,255.6844894635139,540.0
25100,1,0,True,passed,25100,25100,25100,25100,0,256,256,24844,98.11578716617078,255.82019698308244,540.0
25150,1,0,True,passed,25150,25150,25150,25150,0,256,256,24894,98.27311462536454,255.91943529902858,540.0
25200,1,0,True,passed,25200,25200,25200,25200,0,256,256,24944,98.4062316659838,256.0813433597917,540.0
25250,1,0,True,passed,25250,25250,25250,25250,0,256,256,24994,98.63153925025836,256.00330474345566,540.0
25300,1,0,True,passed,25300,25300,25300,25300,0,256,256,25044,98.79653041623533,256.08186738349696,540.0
25350,1,0,True,passed,25350,25350,25350,25350,0,256,256,25094,98.98403191613033,256.10191370542657,540.0
25400,1,0,True,passed,25400,25400,25400,25400,0,256,256,25144,99.11787295807153,256.26054355246924,540.0
25450,1,0,True,passed,25450,25450,25450,25450,0,256,256,25194,99.27965133311227,256.34658923818944,540.0
25500,1,0,True,passed,25500,25500,25500,25500,0,256,256,25244,99.40992141608149,256.5136320073067,540.0
25550,1,0,True,passed,25550,25550,25550,25550,0,256,256,25294,99.57257766602561,256.59675182555526,540.0
25600,1,0,True,passed,25600,25600,25600,25600,0,256,256,25344,99.78120612539351,256.5613404976171,540.0
25650,1,0,True,passed,25650,25650,25650,25650,0,256,256,25394,99.94752354128286,256.63467278811953,540.0
25700,1,0,True,passed,25700,25700,25700,25700,0,256,256,25444,100.07601950038224,256.8047782905858,540.0
25750,1,0,True,passed,25750,25750,25750,25750,0,256,256,25494,100.23921841615811,256.88548261714317,540.0
25800,1,0,True,passed,25800,25800,25800,25800,0,256,256,25544,100.3841854580678,257.01259498466624,540.0
25850,1,0,True,passed,25850,25850,25850,25850,0,256,256,25594,101.01069862535223,255.91348591575846,540.0
25900,1,0,True,passed,25900,25900,25900,25900,0,256,256,25644,101.18110275035724,255.97665271451643,540.0
25950,1,0,True,passed,25950,25950,25950,25950,0,256,256,25694,101.32405229099095,256.1089831412842,540.0
26000,1,0,True,passed,26000,26000,26000,26000,0,256,256,25744,101.51448725024238,256.12107891465433,540.0
26050,1,0,True,passed,26050,26050,26050,26050,0,256,256,25794,101.69142000004649,256.1671377977423,540.0
26100,1,0,True,passed,26100,26100,26100,26100,0,256,256,25844,101.86425575008616,256.22334162077186,540.0
26150,1,0,True,passed,26150,26150,26150,26150,0,256,256,25894,102.020331250038,256.32145749370187,540.0
26200,1,0,True,passed,26200,26200,26200,26200,0,256,256,25944,102.18008595798165,256.4100407076769,540.0
26250,1,0,True,passed,26250,26250,26250,26250,0,256,256,25994,102.30873050028458,256.57634369656245,540.0
26300,1,0,True,passed,26300,26300,26300,26300,0,256,256,26044,102.47136741643772,256.6570610219177,540.0
26350,1,0,True,passed,26350,26350,26350,26350,0,256,256,26094,102.60181879112497,256.81805946971446,540.0
26400,1,0,True,passed,26400,26400,26400,26400,0,256,256,26144,102.87039491627365,256.63360213098235,540.0
26450,1,0,True,passed,26450,26450,26450,26450,0,256,256,26194,103.06207337509841,256.6414504755227,540.0
26500,1,0,True,passed,26500,26500,26500,26500,0,256,256,26244,103.2598502910696,256.6341121481545,540.0
26550,1,0,True,passed,26550,26550,26550,26550,0,256,256,26294,103.41827141633257,256.7244611265764,540.0
26600,1,0,True,passed,26600,26600,26600,26600,0,256,256,26344,103.61568762501702,256.7178832636313,540.0
26650,1,0,True,passed,26650,26650,26650,26650,0,256,256,26394,103.77511770837009,256.8052977293854,540.0
26700,1,0,True,passed,26700,26700,26700,26700,0,256,256,26444,103.98061525030062,256.77863066811204,540.0
26750,1,0,True,passed,26750,26750,26750,26750,0,256,256,26494,104.11797504127026,256.92009462724224,540.0
26800,1,0,True,passed,26800,26800,26800,26800,0,256,256,26544,104.29617616627365,256.96052324367326,540.0
26850,1,0,True,passed,26850,26850,26850,26850,0,256,256,26594,104.43767795804888,257.09112386417917,540.0
26900,1,0,True,passed,26900,26900,26900,26900,0,256,256,26644,104.61588816624135,257.1311152781514,540.0
26950,1,0,True,passed,26950,26950,26950,26950,0,256,256,26694,104.8402307080105,257.0578089918381,540.0
27000,1,0,True,passed,27000,27000,27000,27000,0,256,256,26744,104.97882983321324,257.19471290446535,540.0
27050,1,0,True,passed,27050,27050,27050,27050,0,256,256,26794,105.16166275041178,257.2230154272079,540.0
27100,1,0,True,passed,27100,27100,27100,27100,0,256,256,26844,105.30128354113549,257.35678700833216,540.0
27150,1,0,True,passed,27150,27150,27150,27150,0,256,256,26894,105.47123812511563,257.4161494889556,540.0
27200,1,0,True,passed,27200,27200,27200,27200,0,256,256,26944,105.6153436251916,257.5383373890022,540.0
27250,1,0,True,passed,27250,27250,27250,27250,0,256,256,26994,105.76461195806041,257.64761478825864,540.0
27300,1,0,True,passed,27300,27300,27300,27300,0,256,256,27044,105.91834533307701,257.7457183092393,540.0
27350,1,0,True,passed,27350,27350,27350,27350,0,256,256,27094,106.08070795843378,257.82256289915324,540.0
27400,1,0,True,passed,27400,27400,27400,27400,0,256,256,27144,106.23680125037208,257.91439197633065,540.0
27450,1,0,True,passed,27450,27450,27450,27450,0,256,256,27194,106.4808573750779,257.7928153161616,540.0
27500,1,0,True,passed,27500,27500,27500,27500,0,256,256,27244,107.10886891605332,256.74811318895684,540.0
27550,1,0,True,passed,27550,27550,27550,27550,0,256,256,27294,107.30865479120985,256.73604849118607,540.0
27600,1,0,True,passed,27600,27600,27600,27600,0,256,256,27344,107.5159079162404,256.7061985050771,540.0
27650,1,0,True,passed,27650,27650,27650,27650,0,256,256,27394,107.68852604134008,256.7590161776897,540.0
27700,1,0,True,passed,27700,27700,27700,27700,0,256,256,27444,107.85737333307043,256.8206432624744,540.0
27750,1,0,True,passed,27750,27750,27750,27750,0,256,256,27494,107.99440900003538,256.9577467662322,540.0
27800,1,0,True,passed,27800,27800,27800,27800,0,256,256,27544,108.29156937543303,256.7143514526136,540.0
27850,1,0,True,passed,27850,27850,27850,27850,0,256,256,27594,108.51039395807311,256.6574406757831,540.0
27900,1,0,True,passed,27900,27900,27900,27900,0,256,256,27644,108.66041854117066,256.7632296522849,540.0
27950,1,0,True,passed,27950,27950,27950,27950,0,256,256,27694,108.82869933312759,256.82563672330855,540.0
28000,1,0,True,passed,28000,28000,28000,28000,0,256,256,27744,108.9702815413475,256.9507906554846,540.0
28050,1,0,True,passed,28050,28050,28050,28050,0,256,256,27794,109.1075570830144,257.08576701665294,540.0
28100,1,0,True,passed,28100,28100,28100,28100,0,256,256,27844,109.32131454115734,257.0404510587997,540.0
28150,1,0,True,passed,28150,28150,28150,28150,0,256,256,27894,109.49309425009415,257.0938395046389,540.0
28200,1,0,True,passed,28200,28200,28200,28200,0,256,256,27944,109.86582316597924,256.67672791562296,540.0
28250,1,0,True,passed,28250,28250,28250,28250,0,256,256,27994,110.04483400005847,256.7135500425671,540.0
28300,1,0,True,passed,28300,28300,28300,28300,0,256,256,28044,110.22901841625571,256.7382020325288,540.0
28350,1,0,True,passed,28350,28350,28350,28350,0,256,256,28094,110.3621267080307,256.881602825592,540.0
28400,1,0,True,passed,28400,28400,28400,28400,0,256,256,28144,110.52672308310866,256.95143407667223,540.0
28450,1,0,True,passed,28450,28450,28450,28450,0,256,256,28194,110.65755425021052,257.0994831104888,540.0
28500,1,0,True,passed,28500,28500,28500,28500,0,256,256,28244,110.86998066632077,257.05786028568787,540.0
28550,1,0,True,passed,28550,28550,28550,28550,0,256,256,28294,111.02270375005901,257.1546092434704,540.0
28600,1,0,True,passed,28600,28600,28600,28600,0,256,256,28344,111.31392850028351,256.9310093114462,540.0
28650,1,0,True,passed,28650,28650,28650,28650,0,256,256,28394,111.45435508340597,257.0559039937022,540.0
28700,1,0,True,passed,28700,28700,28700,28700,0,256,256,28444,111.62185604125261,257.11810408700967,540.0
28750,1,0,True,passed,28750,28750,28750,28750,0,256,256,28494,111.75305754132569,257.2636546375333,540.0
28800,1,0,True,passed,28800,28800,28800,28800,0,256,256,28544,111.91442308342084,257.33948499678655,540.0
28850,1,0,True,passed,28850,28850,28850,28850,0,256,256,28594,112.04318616632372,257.4899999467465,540.0
28900,1,0,True,passed,28900,28900,28900,28900,0,256,256,28644,112.20931337540969,257.5543787823707,540.0
28950,1,0,True,passed,28950,28950,28950,28950,0,256,256,28694,112.34141225041822,257.69660021246733,540.0
29000,1,0,True,passed,29000,29000,29000,29000,0,256,256,28744,112.50837816623971,257.75858182890425,540.0
29050,1,0,True,passed,29050,29050,29050,29050,0,256,256,28794,112.64141116617247,257.89804743429966,540.0
29100,1,0,True,passed,29100,29100,29100,29100,0,256,256,28844,112.81506933318451,257.94426375839,540.0
29150,1,0,True,passed,29150,29150,29150,29150,0,256,256,28894,112.95478125009686,258.0678717393825,540.0
29200,1,0,True,passed,29200,29200,29200,29200,0,256,256,28944,113.13699158327654,258.09418821700604,540.0
29250,1,0,True,passed,29250,29250,29250,29250,0,256,256,28994,113.30000391602516,258.16415700814355,540.0
29300,1,0,True,passed,29300,29300,29300,29300,0,256,256,29044,113.48192545818165,258.19089587792655,540.0
29350,1,0,True,passed,29350,29350,29350,29350,0,256,256,29094,113.62476508319378,258.3063646249171,540.0
29400,1,0,True,passed,29400,29400,29400,29400,0,256,256,29144,113.75721641629934,258.4451424374649,540.0
29450,1,0,True,passed,29450,29450,29450,29450,0,256,256,29194,113.93858400033787,258.47258203518373,540.0
29500,1,0,True,passed,29500,29500,29500,29500,0,256,256,29244,114.13621408306062,258.46310250427524,540.0
29550,1,0,True,passed,29550,29550,29550,29550,0,256,256,29294,114.30476883333176,258.5193977609716,540.0
29600,1,0,True,passed,29600,29600,29600,29600,0,256,256,29344,114.4412840004079,258.64791939851443,540.0
29650,1,0,True,passed,29650,29650,29650,29650,0,256,256,29394,114.61395070841536,258.6945115907517,540.0
29700,1,0,True,passed,29700,29700,29700,29700,0,256,256,29444,114.7461643749848,258.83218111711227,540.0
29750,1,0,True,passed,29750,29750,29750,29750,0,256,256,29494,114.92013900028542,258.87542652490276,540.0
29800,1,0,True,passed,29800,29800,29800,29800,0,256,256,29544,115.05861850036308,258.998416532404,540.0
29850,1,0,True,passed,29850,29850,29850,29850,0,256,256,29594,115.27516470802948,258.9456287102646,540.0
29900,1,0,True,passed,29900,29900,29900,29900,0,256,256,29644,115.43480695830658,259.02066099352044,540.0
29950,1,0,True,passed,29950,29950,29950,29950,0,256,256,29694,115.6123466254212,259.0553766462042,540.0
30000,1,0,True,passed,30000,30000,30000,30000,0,256,256,29744,115.7450225003995,259.19041140534966,540.0
30050,1,0,True,passed,30050,30050,30050,30050,0,256,256,29794,115.90431016637012,259.26559553191726,540.0
30100,1,0,True,passed,30100,30100,30100,30100,0,256,256,29844,116.0351746249944,259.4040996385621,540.0
30150,1,0,True,passed,30150,30150,30150,30150,0,256,256,29894,116.21147083304822,259.440826141114,540.0
30200,1,0,True,passed,30200,30200,30200,30200,0,256,256,29944,116.35371308308095,259.55338424340664,540.0
30250,1,0,True,passed,30250,30250,30250,30250,0,256,256,29994,116.52278920821846,259.60586942306423,540.0
30300,1,0,True,passed,30300,30300,30300,30300,0,256,256,30044,116.68964379141107,259.66314589290255,540.0
30350,1,0,True,passed,30350,30350,30350,30350,0,256,256,30094,116.85344033315778,259.72705564739823,540.0
30400,1,0,True,passed,30400,30400,30400,30400,0,256,256,30144,116.98595629120246,259.8602512965578,540.0
30450,1,0,True,passed,30450,30450,30450,30450,0,256,256,30194,117.14919000025839,259.9249725920669,540.0
30500,1,0,True,passed,30500,30500,30500,30500,0,256,256,30244,117.33480233326554,259.9399273999796,540.0
30550,1,0,True,passed,30550,30550,30550,30550,0,256,256,30294,117.49894037516788,260.0023447229011,540.0
30600,1,0,True,passed,30600,30600,30600,30600,0,256,256,30344,117.62773237517104,260.1427348986205,540.0
30650,1,0,True,passed,30650,30650,30650,30650,0,256,256,30394,117.7959404583089,260.19572389973695,540.0
30700,1,0,True,passed,30700,30700,30700,30700,0,256,256,30444,117.92600470827892,260.33274065329823,540.0
30750,1,0,True,passed,30750,30750,30750,30750,0,256,256,30494,118.08519941614941,260.40520024556616,540.0
30800,1,0,True,passed,30800,30800,30800,30800,0,256,256,30544,118.2318462911062,260.50510895486946,540.0
30850,1,0,True,passed,30850,30850,30850,30850,0,256,256,30594,118.42253625020385,260.50784738151475,540.0
30900,1,0,True,passed,30900,30900,30900,30900,0,256,256,30644,118.55244766641408,260.6441335310698,540.0
30950,1,0,True,passed,30950,30950,30950,30950,0,256,256,30694,118.71126595837995,260.71661986025015,540.0
31000,1,0,True,passed,31000,31000,31000,31000,0,256,256,30744,118.8430654159747,260.8482025559821,540.0
31050,1,0,True,passed,31050,31050,31050,31050,0,256,256,30794,118.99710737541318,260.9307123915472,540.0
31100,1,0,True,passed,31100,31100,31100,31100,0,256,256,30844,119.13514445815235,261.04807394533566,540.0
31150,1,0,True,passed,31150,31150,31150,31150,0,256,256,30894,119.33194300020114,261.0365608473122,540.0
31200,1,0,True,passed,31200,31200,31200,31200,0,256,256,30944,119.47516833338886,261.1421304964235,540.0
31250,1,0,True,passed,31250,31250,31250,31250,0,256,256,30994,119.64784983312711,261.18313069214685,540.0
31300,1,0,True,passed,31300,31300,31300,31300,0,256,256,31044,119.7765161250718,261.3200067308373,540.0
31350,1,0,True,passed,31350,31350,31350,31350,0,256,256,31094,119.94190883310512,261.3765305638282,540.0
31400,1,0,True,passed,31400,31400,31400,31400,0,256,256,31144,120.08740262500942,261.4762191006089,540.0
31450,1,0,True,passed,31450,31450,31450,31450,0,256,256,31194,120.26502487529069,261.50578717804456,540.0
31500,1,0,True,passed,31500,31500,31500,31500,0,256,256,31244,120.42866562539712,261.5656317075142,540.0
31550,1,0,True,passed,31550,31550,31550,31550,0,256,256,31294,120.64601941639557,261.50883512458773,540.0
31600,1,0,True,passed,31600,31600,31600,31600,0,256,256,31344,120.77430020831525,261.6450680773587,540.0
31650,1,0,True,passed,31650,31650,31650,31650,0,256,256,31394,120.93415720807388,261.7126602663996,540.0
31700,1,0,True,passed,31700,31700,31700,31700,0,256,256,31444,121.0677530001849,261.83685758132134,540.0
31750,1,0,True,passed,31750,31750,31750,31750,0,256,256,31494,121.22340062540025,261.9131276321194,540.0
31800,1,0,True,passed,31800,31800,31800,31800,0,256,256,31544,121.35407833335921,262.04310919527165,540.0
31850,1,0,True,passed,31850,31850,31850,31850,0,256,256,31594,121.51430816622451,262.1090510298676,540.0
31900,1,0,True,passed,31900,31900,31900,31900,0,256,256,31644,121.64696320798248,262.2342486713776,540.0
31950,1,0,True,passed,31950,31950,31950,31950,0,256,256,31694,121.80713904136792,262.2998967995562,540.0
32000,1,0,True,passed,32000,32000,32000,32000,0,256,256,31744,121.93827320821583,262.42785926087674,540.0
32050,1,0,True,passed,32050,32050,32050,32050,0,256,256,31794,122.11279100039974,262.4622673630896,540.0
32100,1,0,True,passed,32100,32100,32100,32100,0,256,256,31844,122.29740241635591,262.47491251463396,540.0
32150,1,0,True,passed,32150,32150,32150,32150,0,256,256,31894,122.47986945835873,262.49211517106085,540.0
32200,1,0,True,passed,32200,32200,32200,32200,0,256,256,31944,122.61844408325851,262.6032342910504,540.0
32250,1,0,True,passed,32250,32250,32250,32250,0,256,256,31994,122.78811308322474,262.64757385872707,540.0
32300,1,0,True,passed,32300,32300,32300,32300,0,256,256,32044,123.51213945820928,261.5127560876622,540.0
32350,1,0,True,passed,32350,32350,32350,32350,0,256,256,32094,123.65769595839083,261.6092734809271,540.0
32400,1,0,True,passed,32400,32400,32400,32400,0,256,256,32144,123.8746427083388,261.5547402730789,540.0
32450,1,0,True,passed,32450,32450,32450,32450,0,256,256,32194,124.00634820805863,261.6801516125222,540.0
32500,1,0,True,passed,32500,32500,32500,32500,0,256,256,32244,124.16592337517068,261.74653332058244,540.0
32550,1,0,True,passed,32550,32550,32550,32550,0,256,256,32294,124.30100883310661,261.86432681092253,540.0
32600,1,0,True,passed,32600,32600,32600,32600,0,256,256,32344,124.53251100005582,261.7790305375388,540.0
32650,1,0,True,passed,32650,32650,32650,32650,0,256,256,32394,124.66690466599539,261.8978957364435,540.0
32700,1,0,True,passed,32700,32700,32700,32700,0,256,256,32444,124.83924729097635,261.9368564741709,540.0
32750,1,0,True,passed,32750,32750,32750,32750,0,256,256,32494,124.98956137523055,262.02188118479256,540.0
32800,1,0,True,passed,32800,32800,32800,32800,0,256,256,32544,125.15592629136518,262.0730873234163,540.0
32850,1,0,True,passed,32850,32850,32850,32850,0,256,256,32594,125.28553566616029,262.20105796995693,540.0
32900,1,0,True,passed,32900,32900,32900,32900,0,256,256,32644,125.44921487523243,262.2575201663975,540.0
32950,1,0,True,passed,32950,32950,32950,32950,0,256,256,32694,125.58244300028309,262.37744076953277,540.0
33000,1,0,True,passed,33000,33000,33000,33000,0,256,256,32744,125.76175279123709,262.40092291636216,540.0
33050,1,0,True,passed,33050,33050,33050,33050,0,256,256,32794,125.9051418332383,262.49920788600366,540.0
33100,1,0,True,passed,33100,33100,33100,33100,0,256,256,32844,126.07417666632682,262.54385216096904,540.0
33150,1,0,True,passed,33150,33150,33150,33150,0,256,256,32894,126.21058958303183,262.65624865171213,540.0
33200,1,0,True,passed,33200,33200,33200,33200,0,256,256,32944,126.3775828750804,262.70481872419555,540.0
33250,1,0,True,passed,33250,33250,33250,33250,0,256,256,32994,126.5241902503185,262.79559611657976,540.0
33300,1,0,True,passed,33300,33300,33300,33300,0,256,256,33044,126.68495008302853,262.8567953665798,540.0
33350,1,0,True,passed,33350,33350,33350,33350,0,256,256,33094,126.81477833306417,262.9819681773218,540.0
33400,1,0,True,passed,33400,33400,33400,33400,0,256,256,33144,127.02914441609755,262.93178745339515,540.0
33450,1,0,True,passed,33450,33450,33450,33450,0,256,256,33194,127.15799308335409,263.05857137956707,540.0
33500,1,0,True,passed,33500,33500,33500,33500,0,256,256,33244,127.32072458323091,263.1150593091441,540.0
33550,1,0,True,passed,33550,33550,33550,33550,0,256,256,33294,127.45332175027579,263.23362576407237,540.0
33600,1,0,True,passed,33600,33600,33600,33600,0,256,256,33344,127.64219662500545,263.2358333562059,540.0
33650,1,0,True,passed,33650,33650,33650,33650,0,256,256,33394,127.78714462509379,263.3285225890562,540.0
33700,1,0,True,passed,33700,33700,33700,33700,0,256,256,33444,127.96439812518656,263.35449932747355,540.0
33750,1,0,True,passed,33750,33750,33750,33750,0,256,256,33494,128.11697962507606,263.43112442056184,540.0
33800,1,0,True,passed,33800,33800,33800,33800,0,256,256,33544,128.2925820001401,263.4602833074409,540.0
33850,1,0,True,passed,33850,33850,33850,33850,0,256,256,33594,128.42421908304095,263.57956654665037,540.0
33900,1,0,True,passed,33900,33900,33900,33900,0,256,256,33644,128.59831195836887,263.6115473348861,540.0
33950,1,0,True,passed,33950,33950,33950,33950,0,256,256,33694,128.7257319581695,263.7390324650268,540.0
34000,1,0,True,passed,34000,34000,34000,34000,0,256,256,33744,128.88509104121476,263.8008766206132,540.0
34050,1,0,True,passed,34050,34050,34050,34050,0,256,256,33794,129.01622083317488,263.92030226980944,540.0
34100,1,0,True,passed,34100,34100,34100,34100,0,256,256,33844,129.17810420831665,263.9766252104867,540.0
34150,1,0,True,passed,34150,34150,34150,34150,0,256,256,33894,129.30747129116207,264.09920214976853,540.0
34200,1,0,True,passed,34200,34200,34200,34200,0,256,256,33944,129.468997457996,264.1559035096074,540.0
34250,1,0,True,passed,34250,34250,34250,34250,0,256,256,33994,129.5998525833711,264.2749919639538,540.0
34300,1,0,True,passed,34300,34300,34300,34300,0,256,256,34044,129.7868995834142,264.27936956730633,540.0
34350,1,0,True,passed,34350,34350,34350,34350,0,256,256,34094,129.95726587530226,264.31765679773395,540.0
34400,1,0,True,passed,34400,34400,34400,34400,0,256,256,34144,130.11625504121184,264.37895856366646,540.0
34450,1,0,True,passed,34450,34450,34450,34450,0,256,256,34194,130.2587124160491,264.4736721330852,540.0
34500,1,0,True,passed,34500,34500,34500,34500,0,256,256,34244,130.43739962531254,264.49469323294426,540.0
34550,1,0,True,passed,34550,34550,34550,34550,0,256,256,34294,130.57367879105732,264.6015668692812,540.0
34600,1,0,True,passed,34600,34600,34600,34600,0,256,256,34344,130.74520908342674,264.6368478245517,540.0
34650,1,0,True,passed,34650,34650,34650,34650,0,256,256,34394,130.90137450024486,264.703102868757,540.0
34700,1,0,True,passed,34700,34700,34700,34700,0,256,256,34444,131.06515270797536,264.75382115728837,540.0
34750,1,0,True,passed,34750,34750,34750,34750,0,256,256,34494,131.19757516635582,264.86770015328193,540.0
34800,1,0,True,passed,34800,34800,34800,34800,0,256,256,34544,131.36144312517717,264.91791786147115,540.0
34850,1,0,True,passed,34850,34850,34850,34850,0,256,256,34594,131.49295037519187,265.0332196559716,540.0
34900,1,0,True,passed,34900,34900,34900,34900,0,256,256,34644,131.66180654102936,265.073075608485,540.0
34950,1,0,True,passed,34950,34950,34950,34950,0,256,256,34694,131.80972758308053,265.1549368992572,540.0
35000,1,0,True,passed,35000,35000,35000,35000,0,256,256,34744,131.9840160002932,265.18362647733227,540.0
35050,1,0,True,passed,35050,35050,35050,35050,0,256,256,34794,132.11705854116008,265.2950374994947,540.0
35100,1,0,True,passed,35100,35100,35100,35100,0,256,256,34844,132.28985762502998,265.3264628909759,540.0
35150,1,0,True,passed,35150,35150,35150,35150,0,256,256,34894,132.45880483323708,265.36552284503193,540.0
35200,1,0,True,passed,35200,35200,35200,35200,0,256,256,34944,132.59491625009105,265.47020802523286,540.0
35250,1,0,True,passed,35250,35250,35250,35250,0,256,256,34994,132.78026620810851,265.47619617475493,540.0
35300,1,0,True,passed,35300,35300,35300,35300,0,256,256,35044,132.91672404110432,265.57982266462966,540.0
35350,1,0,True,passed,35350,35350,35350,35350,0,256,256,35094,133.1602026661858,265.4697071062407,540.0
35400,1,0,True,passed,35400,35400,35400,35400,0,256,256,35144,133.33514016633853,265.4964021925332,540.0
35450,1,0,True,passed,35450,35450,35450,35450,0,256,256,35194,133.50933670811355,265.52450093811046,540.0
35500,1,0,True,passed,35500,35500,35500,35500,0,256,256,35244,133.63761437498033,265.6437722719953,540.0
35550,1,0,True,passed,35550,35550,35550,35550,0,256,256,35294,133.80342937540263,265.68825751289177,540.0
35600,1,0,True,passed,35600,35600,35600,35600,0,256,256,35344,133.9476757911034,265.77542155729213,540.0
35650,1,0,True,passed,35650,35650,35650,35650,0,256,256,35394,134.1211002911441,265.80455963015936,540.0
35700,1,0,True,passed,35700,35700,35700,35700,0,256,256,35444,134.27055937517434,265.88107002852536,540.0
35750,1,0,True,passed,35750,35750,35750,35750,0,256,256,35494,134.47510762512684,265.84845798866695,540.0
35800,1,0,True,passed,35800,35800,35800,35800,0,256,256,35544,134.61587612517178,265.94188613170394,540.0
35850,1,0,True,passed,35850,35850,35850,35850,0,256,256,35594,134.77541708340868,265.9980638591788,540.0
35900,1,0,True,passed,35900,35900,35900,35900,0,256,256,35644,134.906333333347,266.11056066057955,540.0
35950,1,0,True,passed,35950,35950,35950,35950,0,256,256,35694,135.07309750001878,266.1521847457078,540.0
36000,1,0,True,passed,36000,36000,36000,36000,0,256,256,35744,135.20409783301875,266.26411903921075,540.0
36050,1,0,True,passed,36050,36050,36050,36050,0,256,256,35794,135.36535270838067,266.31630087547575,540.0
36100,1,0,True,passed,36100,36100,36100,36100,0,256,256,35844,135.50966400001198,266.40166416468134,540.0
36150,1,0,True,passed,36150,36150,36150,36150,0,256,256,35894,135.67341179121286,266.44866907033384,540.0
36200,1,0,True,passed,36200,36200,36200,36200,0,256,256,35944,135.80317870806903,266.56224356734515,540.0
36250,1,0,True,passed,36250,36250,36250,36250,0,256,256,35994,135.96832370804623,266.6062139431585,540.0
36300,1,0,True,passed,36300,36300,36300,36300,0,256,256,36044,136.097595250234,266.7203629370342,540.0
36350,1,0,True,passed,36350,36350,36350,36350,0,256,256,36094,136.3011025004089,266.68896533607244,540.0
36400,1,0,True,passed,36400,36400,36400,36400,0,256,256,36144,136.43244729097933,266.798703114715,540.0
36450,1,0,True,passed,36450,36450,36450,36450,0,256,256,36194,136.59587950026616,266.84553101712686,540.0
36500,1,0,True,passed,36500,36500,36500,36500,0,256,256,36244,136.72921066638082,266.9510035354477,540.0
36550,1,0,True,passed,36550,36550,36550,36550,0,256,256,36294,136.9095867080614,266.9645046693278,540.0
36600,1,0,True,passed,36600,36600,36600,36600,0,256,256,36344,137.04255912499502,267.07031913069824,540.0
36650,1,0,True,passed,36650,36650,36650,36650,0,256,256,36394,137.20003054104745,267.1282204200025,540.0
36700,1,0,True,passed,36700,36700,36700,36700,0,256,256,36444,137.3297373750247,267.2400071644963,540.0
36750,1,0,True,passed,36750,36750,36750,36750,0,256,256,36494,137.4926085830666,267.2870954935542,540.0
36800,1,0,True,passed,36800,36800,36800,36800,0,256,256,36544,137.6324445414357,267.3788155300909,540.0
36850,1,0,True,passed,36850,36850,36850,36850,0,256,256,36594,137.80194012541324,267.41278073779586,540.0
36900,1,0,True,passed,36900,36900,36900,36900,0,256,256,36644,137.93247091630474,267.52221398535187,540.0
36950,1,0,True,passed,36950,36950,36950,36950,0,256,256,36694,138.08906329143792,267.5809301567697,540.0
37000,1,0,True,passed,37000,37000,37000,37000,0,256,256,36744,138.22019862523302,267.688806469747,540.0
37050,1,0,True,passed,37050,37050,37050,37050,0,256,256,36794,138.3774199159816,267.7459951377587,540.0
37100,1,0,True,passed,37100,37100,37100,37100,0,256,256,36844,138.53809858299792,267.7963706696426,540.0
37150,1,0,True,passed,37150,37150,37150,37150,0,256,256,36894,138.70203241612762,267.84034345325404,540.0
37200,1,0,True,passed,37200,37200,37200,37200,0,256,256,36944,138.83249908313155,267.94878897717604,540.0
37250,1,0,True,passed,37250,37250,37250,37250,0,256,256,36994,138.9892381252721,268.0063615171865,540.0
37300,1,0,True,passed,37300,37300,37300,37300,0,256,256,37044,139.1206088331528,268.11268519341985,540.0
37350,1,0,True,passed,37350,37350,37350,37350,0,256,256,37094,139.3193594161421,268.0890879524994,540.0
37400,1,0,True,passed,37400,37400,37400,37400,0,256,256,37144,139.4749645004049,268.1484819441659,540.0
37450,1,0,True,passed,37450,37450,37450,37450,0,256,256,37194,139.63902637502179,268.19150041495095,540.0
37500,1,0,True,passed,37500,37500,37500,37500,0,256,256,37244,139.79920675000176,268.2418653995655,540.0
37550,1,0,True,passed,37550,37550,37550,37550,0,256,256,37294,139.96139787510037,268.2882606924882,540.0
37600,1,0,True,passed,37600,37600,37600,37600,0,256,256,37344,140.0925357909873,268.39402818789546,540.0
37650,1,0,True,passed,37650,37650,37650,37650,0,256,256,37394,140.25215570814908,268.4450717345546,540.0
37700,1,0,True,passed,37700,37700,37700,37700,0,256,256,37444,140.3835727502592,268.5499397217072,540.0
37750,1,0,True,passed,37750,37750,37750,37750,0,256,256,37494,140.58505595801398,268.520716819817,540.0
37800,1,0,True,passed,37800,37800,37800,37800,0,256,256,37544,140.7182786250487,268.62181920744,540.0
37850,1,0,True,passed,37850,37850,37850,37850,0,256,256,37594,140.8805360412225,268.66734797860835,540.0
37900,1,0,True,passed,37900,37900,37900,37900,0,256,256,37644,141.01018366636708,268.77491408473134,540.0
37950,1,0,True,passed,37950,37950,37950,37950,0,256,256,37694,141.16826800024137,268.82811936132214,540.0
38000,1,0,True,passed,38000,38000,38000,38000,0,256,256,37744,141.297801125329,268.9355368403404,540.0
38050,1,0,True,passed,38050,38050,38050,38050,0,256,256,37794,141.4661445003003,268.96894754857215,540.0
38100,1,0,True,passed,38100,38100,38100,38100,0,256,256,37844,141.5998080833815,269.06816128991284,540.0
38150,1,0,True,passed,38150,38150,38150,38150,0,256,256,37894,141.75875191623345,269.11918653560934,540.0
38200,1,0,True,passed,38200,38200,38200,38200,0,256,256,37944,141.89360362524167,269.2157998953277,540.0
38250,1,0,True,passed,38250,38250,38250,38250,0,256,256,37994,142.04842570843175,269.27436759145684,540.0
38300,1,0,True,passed,38300,38300,38300,38300,0,256,256,38044,142.22598241642118,269.2897552843899,540.0
38350,1,0,True,passed,38350,38350,38350,38350,0,256,256,38094,142.40176925016567,269.30845172736775,540.0
38400,1,0,True,passed,38400,38400,38400,38400,0,256,256,38144,142.54833620833233,269.3823093373672,540.0
38450,1,0,True,passed,38450,38450,38450,38450,0,256,256,38194,142.70638495823368,269.43433548017686,540.0
38500,1,0,True,passed,38500,38500,38500,38500,0,256,256,38244,142.8413852499798,269.52973000522934,540.0
38550,1,0,True,passed,38550,38550,38550,38550,0,256,256,38294,142.9934670003131,269.59273600881073,540.0
38600,1,0,True,passed,38600,38600,38600,38600,0,256,256,38344,143.1247005830519,269.6948873447692,540.0
38650,1,0,True,passed,38650,38650,38650,38650,0,256,256,38394,143.2852489161305,269.7416537456908,540.0
38700,1,0,True,passed,38700,38700,38700,38700,0,256,256,38444,143.48699308326468,269.71085788621,540.0
38750,1,0,True,passed,38750,38750,38750,38750,0,256,256,38494,143.66041420819238,269.7333166800116,540.0
38800,1,0,True,passed,38800,38800,38800,38800,0,256,256,38544,143.7879478749819,269.84180922962406,540.0
38850,1,0,True,passed,38850,38850,38850,38850,0,256,256,38594,143.95223129121587,269.8811935843239,540.0
38900,1,0,True,passed,38900,38900,38900,38900,0,256,256,38644,144.08417595829815,269.98107003269195,540.0
38950,1,0,True,passed,38950,38950,38950,38950,0,256,256,38694,144.24665225017816,270.02359772236514,540.0
39000,1,0,True,passed,39000,39000,39000,39000,0,256,256,38744,144.3750355001539,270.1298037080547,540.0
39050,1,0,True,passed,39050,39050,39050,39050,0,256,256,38794,144.54331516614184,270.16123128983804,540.0
39100,1,0,True,passed,39100,39100,39100,39100,0,256,256,38844,144.67231254139915,270.26595008503244,540.0
39150,1,0,True,passed,39150,39150,39150,39150,0,256,256,38894,144.85194183327258,270.2759763142314,540.0
39200,1,0,True,passed,39200,39200,39200,39200,0,256,256,38944,144.98759929137304,270.3679500287612,540.0
39250,1,0,True,passed,39250,39250,39250,39250,0,256,256,38994,145.14563654130325,270.4180500033899,540.0
39300,1,0,True,passed,39300,39300,39300,39300,0,256,256,39044,145.2935314583592,270.4869212382197,540.0
39350,1,0,True,passed,39350,39350,39350,39350,0,256,256,39094,145.47119070822373,270.500294996042,540.0
39400,1,0,True,passed,39400,39400,39400,39400,0,256,256,39144,145.60068254126236,270.60312707554976,540.0
39450,1,0,True,passed,39450,39450,39450,39450,0,256,256,39194,145.75933337537572,270.6516220021668,540.0
39500,1,0,True,passed,39500,39500,39500,39500,0,256,256,39244,145.89279416622594,270.7467508984362,540.0
39550,1,0,True,passed,39550,39550,39550,39550,0,256,256,39294,146.1213154164143,270.66550754276346,540.0
39600,1,0,True,passed,39600,39600,39600,39600,0,256,256,39344,146.25309241609648,270.7635055492451,540.0
39650,1,0,True,passed,39650,39650,39650,39650,0,256,256,39394,146.41141958301887,270.81220927249785,540.0
39700,1,0,True,passed,39700,39700,39700,39700,0,256,256,39444,146.54356850031763,270.90919380685034,540.0
39750,1,0,True,passed,39750,39750,39750,39750,0,256,256,39494,146.6976312501356,270.9655204467608,540.0
39800,1,0,True,passed,39800,39800,39800,39800,0,256,256,39544,146.82889841636643,271.0638057580336,540.0
39850,1,0,True,passed,39850,39850,39850,39850,0,256,256,39594,146.99419870832935,271.0991341846875,540.0
39900,1,0,True,passed,39900,39900,39900,39900,0,256,256,39644,147.1235503749922,271.200633061817,540.0
39950,1,0,True,passed,39950,39950,39950,39950,0,256,256,39694,147.28378329100087,271.2450692624282,540.0
40000,1,0,True,passed,40000,40000,40000,40000,0,256,256,39744,147.4120360002853,271.3482635835963,540.0
40050,1,0,True,passed,40050,40050,40050,40050,0,256,256,39794,147.62782958336174,271.29031235526475,540.0
40100,1,0,True,passed,40100,40100,40100,40100,0,256,256,39844,147.75807041628286,271.38957545280044,540.0
40150,1,0,True,passed,40150,40150,40150,40150,0,256,256,39894,147.9523822502233,271.3710951412504,540.0
40200,1,0,True,passed,40200,40200,40200,40200,0,256,256,39944,148.10126075008884,271.4359067329944,540.0
40250,1,0,True,passed,40250,40250,40250,40250,0,256,256,39994,148.94883945817128,270.2270131571133,540.0
40300,1,0,True,passed,40300,40300,40300,40300,0,256,256,40044,149.0856051663868,270.31449451490124,540.0
40350,1,0,True,passed,40350,40350,40350,40350,0,256,256,40094,149.2458328329958,270.35930741966604,540.0
40400,1,0,True,passed,40400,40400,40400,40400,0,256,256,40144,149.37806466640905,270.4547022363775,540.0
40450,1,0,True,passed,40450,40450,40450,40450,0,256,256,40194,149.54160737525672,270.4932808331769,540.0
40500,1,0,True,passed,40500,40500,40500,40500,0,256,256,40244,149.67374645825475,270.58853645582917,540.0
40550,1,0,True,passed,40550,40550,40550,40550,0,256,256,40294,149.83283091615885,270.63494530574775,540.0
40600,1,0,True,passed,40600,40600,40600,40600,0,256,256,40344,149.96146450005472,270.7362197038639,540.0
40650,1,0,True,passed,40650,40650,40650,40650,0,256,256,40394,150.12335625011474,270.7773195016677,540.0
40700,1,0,True,passed,40700,40700,40700,40700,0,256,256,40444,150.25232087541372,270.87767937872746,540.0
40750,1,0,True,passed,40750,40750,40750,40750,0,256,256,40494,150.42628025030717,270.89681358996967,540.0
40800,1,0,True,passed,40800,40800,40800,40800,0,256,256,40544,150.55928254127502,270.9896016462147,540.0
40850,1,0,True,passed,40850,40850,40850,40850,0,256,256,40594,150.72348291613162,271.02611490692874,540.0
40900,1,0,True,passed,40900,40900,40900,40900,0,256,256,40644,150.85509520815685,271.1211042859658,540.0
40950,1,0,True,passed,40950,40950,40950,40950,0,256,256,40694,151.01571620814502,271.163830018583,540.0
41000,1,0,True,passed,41000,41000,41000,41000,0,256,256,40744,151.14705116627738,271.25901354764613,540.0
41050,1,0,True,passed,41050,41050,41050,41050,0,256,256,40794,151.3031186661683,271.3096753185357,540.0
41100,1,0,True,passed,41100,41100,41100,41100,0,256,256,40844,151.48028245801106,271.3224410008117,540.0
41150,1,0,True,passed,41150,41150,41150,41150,0,256,256,40894,151.63997766608372,271.366434058792,540.0
41200,1,0,True,passed,41200,41200,41200,41200,0,256,256,40944,151.77088533341885,271.46181502130344,540.0
41250,1,0,True,passed,41250,41250,41250,41250,0,256,256,40994,151.9344783332199,271.49861211575205,540.0
41300,1,0,True,passed,41300,41300,41300,41300,0,256,256,41044,152.06406066613272,271.59606168006417,540.0
41350,1,0,True,passed,41350,41350,41350,41350,0,256,256,41094,152.22983933333308,271.62874362270827,540.0
41400,1,0,True,passed,41400,41400,41400,41400,0,256,256,41144,152.37838379107416,271.6920797425145,540.0
41450,1,0,True,passed,41450,41450,41450,41450,0,256,256,41194,152.54435466602445,271.7242476180076,540.0
41500,1,0,True,passed,41500,41500,41500,41500,0,256,256,41244,152.67440179130062,271.8202888833239,540.0
41550,1,0,True,passed,41550,41550,41550,41550,0,256,256,41294,152.83845325000584,271.85566927999787,540.0
41600,1,0,True,passed,41600,41600,41600,41600,0,256,256,41344,153.07023891620338,271.77066093673153,540.0
41650,1,0,True,passed,41650,41650,41650,41650,0,256,256,41394,153.24237504135817,271.79166329652094,540.0
41700,1,0,True,passed,41700,41700,41700,41700,0,256,256,41444,153.3747869161889,271.883018313739,540.0
41750,1,0,True,passed,41750,41750,41750,41750,0,256,256,41494,153.54886925034225,271.90040671632585,540.0
41800,1,0,True,passed,41800,41800,41800,41800,0,256,256,41544,153.68502212502062,271.98486503126037,540.0
41850,1,0,True,passed,41850,41850,41850,41850,0,256,256,41594,153.8608604162,271.99899887985816,540.0
41900,1,0,True,passed,41900,41900,41900,41900,0,256,256,41644,154.00305687543005,272.0725214817785,540.0
41950,1,0,True,passed,41950,41950,41950,41950,0,256,256,41694,154.16410816600546,272.11262400213036,540.0
42000,1,0,True,passed,42000,42000,42000,42000,0,256,256,41744,154.3317307503894,272.1410548290247,540.0
42050,1,0,True,passed,42050,42050,42050,42050,0,256,256,41794,154.51909008342773,272.1346597193682,540.0
42100,1,0,True,passed,42100,42100,42100,42100,0,256,256,41844,154.72559004137293,272.0946159503586,540.0
42150,1,0,True,passed,42150,42150,42150,42150,0,256,256,41894,154.91703408304602,272.08111909375145,540.0
42200,1,0,True,passed,42200,42200,42200,42200,0,256,256,41944,155.05750037543476,272.15710235121014,540.0
42250,1,0,True,passed,42250,42250,42250,42250,0,256,256,41994,155.22239637514576,272.19010263112443,540.0
42300,1,0,True,passed,42300,42300,42300,42300,0,256,256,42044,155.35364820808172,272.2819868597041,540.0
42350,1,0,True,passed,42350,42350,42350,42350,0,256,256,42094,155.5081427502446,272.33300617586724,540.0
42400,1,0,True,passed,42400,42400,42400,42400,0,256,256,42144,155.64201616635546,272.4200125670529,540.0
42450,1,0,True,passed,42450,42450,42450,42450,0,256,256,42194,155.8081103330478,272.450515632729,540.0
42500,1,0,True,passed,42500,42500,42500,42500,0,256,256,42244,155.94630133314058,272.5297082180185,540.0
42550,1,0,True,passed,42550,42550,42550,42550,0,256,256,42294,156.1022183331661,272.5778048149599,540.0
42600,1,0,True,passed,42600,42600,42600,42600,0,256,256,42344,156.24301137542352,272.65219496851574,540.0
42650,1,0,True,passed,42650,42650,42650,42650,0,256,256,42394,156.40692795813084,272.6861307027086,540.0
42700,1,0,True,passed,42700,42700,42700,42700,0,256,256,42444,156.54213470825925,272.7700122371407,540.0
42750,1,0,True,passed,42750,42750,42750,42750,0,256,256,42494,156.7044795411639,272.806496184241,540.0
42800,1,0,True,passed,42800,42800,42800,42800,0,256,256,42544,156.85423954110593,272.86479552746573,540.0
42850,1,0,True,passed,42850,42850,42850,42850,0,256,256,42594,157.0972528331913,272.76097593825466,540.0
42900,1,0,True,passed,42900,42900,42900,42900,0,256,256,42644,157.24309120839462,272.82597709265673,540.0
42950,1,0,True,passed,42950,42950,42950,42950,0,256,256,42694,157.405357000418,272.8623778661227,540.0
43000,1,0,True,passed,43000,43000,43000,43000,0,256,256,42744,157.53580870805308,272.95381508903813,540.0
43050,1,0,True,passed,43050,43050,43050,43050,0,256,256,42794,157.69110958324745,273.00207420554216,540.0
43100,1,0,True,passed,43100,43100,43100,43100,0,256,256,42844,157.88863954134285,272.9772080195443,540.0
43150,1,0,True,passed,43150,43150,43150,43150,0,256,256,42894,158.04144587507471,273.02964586965567,540.0
43200,1,0,True,passed,43200,43200,43200,43200,0,256,256,42944,158.18538466608152,273.0972908223616,540.0
43250,1,0,True,passed,43250,43250,43250,43250,0,256,256,42994,158.3151259161532,273.1893099267473,540.0
43300,1,0,True,passed,43300,43300,43300,43300,0,256,256,43044,158.47029116610065,273.23733477977333,540.0
43350,1,0,True,passed,43350,43350,43350,43350,0,256,256,43094,158.63582333317026,273.2674063723641,540.0
43400,1,0,True,passed,43400,43400,43400,43400,0,256,256,43144,158.7940363753587,273.3100120801181,540.0
43450,1,0,True,passed,43450,43450,43450,43450,0,256,256,43194,158.92778275022283,273.394615139681,540.0
43500,1,0,True,passed,43500,43500,43500,43500,0,256,256,43244,159.09014445822686,273.4298856043972,540.0
43550,1,0,True,passed,43550,43550,43550,43550,0,256,256,43294,159.22810091637075,273.5069987606847,540.0
43600,1,0,True,passed,43600,43600,43600,43600,0,256,256,43344,159.40230379113927,273.52176827461636,540.0
43650,1,0,True,passed,43650,43650,43650,43650,0,256,256,43394,159.53834316600114,273.6019387802076,540.0
43700,1,0,True,passed,43700,43700,43700,43700,0,256,256,43444,159.71109070815146,273.61906932221336,540.0
43750,1,0,True,passed,43750,43750,43750,43750,0,256,256,43494,159.8411757913418,273.70919779213625,540.0
43800,1,0,True,passed,43800,43800,43800,43800,0,256,256,43544,160.08365404140204,273.6069479565485,540.0
43850,1,0,True,passed,43850,43850,43850,43850,0,256,256,43594,160.21770375035703,273.6901039870401,540.0
43900,1,0,True,passed,43900,43900,43900,43900,0,256,256,43644,160.38802220812067,273.7112123188042,540.0
43950,1,0,True,passed,43950,43950,43950,43950,0,256,256,43694,160.537031208165,273.76861070148334,540.0
44000,1,0,True,passed,44000,44000,44000,44000,0,256,256,43744,160.70154916634783,273.79947628540936,540.0
44050,1,0,True,passed,44050,44050,44050,44050,0,256,256,43794,160.87537012528628,273.8144438498871,540.0
44100,1,0,True,passed,44100,44100,44100,44100,0,256,256,43844,161.04063462512568,273.8439282896336,540.0
44150,1,0,True,passed,44150,44150,44150,44150,0,256,256,43894,161.17031166609377,273.9338253031874,540.0
44200,1,0,True,passed,44200,44200,44200,44200,0,256,256,43944,161.33072533318773,273.9713709754673,540.0
44250,1,0,True,passed,44250,44250,44250,44250,0,256,256,43994,161.46179054118693,274.05864787999093,540.0
44300,1,0,True,passed,44300,44300,44300,44300,0,256,256,44044,161.62578954128549,274.0899216995569,540.0
44350,1,0,True,passed,44350,44350,44350,44350,0,256,256,44094,161.75494162505493,274.1801861163692,540.0
44400,1,0,True,passed,44400,44400,44400,44400,0,256,256,44144,161.9121125410311,274.2228441293936,540.0
44450,1,0,True,passed,44450,44450,44450,44450,0,256,256,44194,162.04120616614819,274.3129420699535,540.0
44500,1,0,True,passed,44500,44500,44500,44500,0,256,256,44244,162.20386604126543,274.34611200129467,540.0
44550,1,0,True,passed,44550,44550,44550,44550,0,256,256,44294,162.33501787530258,274.43247047424495,540.0
44600,1,0,True,passed,44600,44600,44600,44600,0,256,256,44344,162.49974662531167,274.4619664105551,540.0
44650,1,0,True,passed,44650,44650,44650,44650,0,256,256,44394,162.63373608328402,274.5432840400034,540.0
44700,1,0,True,passed,44700,44700,44700,44700,0,256,256,44444,162.78943075006828,274.5878512753584,540.0
44750,1,0,True,passed,44750,44750,44750,44750,0,256,256,44494,162.92128775035962,274.67251589963706,540.0
44800,1,0,True,passed,44800,44800,44800,44800,0,256,256,44544,163.10230291634798,274.6742332815316,540.0
44850,1,0,True,passed,44850,44850,44850,44850,0,256,256,44594,163.23724270798266,274.75347693928387,540.0
44900,1,0,True,passed,44900,44900,44900,44900,0,256,256,44644,163.40750550013036,274.7731804764879,540.0
44950,1,0,True,passed,44950,44950,44950,44950,0,256,256,44694,163.5366660831496,274.86190758679976,540.0
45000,1,0,True,passed,45000,45000,45000,45000,0,256,256,44744,163.73552675032988,274.83345180559195,540.0
45050,1,0,True,passed,45050,45050,45050,45050,0,256,256,44794,163.86717108311132,274.9177867795815,540.0
45100,1,0,True,passed,45100,45100,45100,45100,0,256,256,44844,164.05565570807084,274.90670654020784,540.0
45150,1,0,True,passed,45150,45150,45150,45150,0,256,256,44894,164.1936899581924,274.9801165409965,540.0
45200,1,0,True,passed,45200,45200,45200,45200,0,256,256,44944,164.357807750348,275.0097523122037,540.0
45250,1,0,True,passed,45250,45250,45250,45250,0,256,256,44994,164.48594045825303,275.09950013925095,540.0
45300,1,0,True,passed,45300,45300,45300,45300,0,256,256,45044,164.64313566638157,275.14053238023814,540.0
45350,1,0,True,passed,45350,45350,45350,45350,0,256,256,45094,164.77139937505126,275.22980427431287,540.0
45400,1,0,True,passed,45400,45400,45400,45400,0,256,256,45144,164.93042637500912,275.26758402219946,540.0
45450,1,0,True,passed,45450,45450,45450,45450,0,256,256,45194,165.0599806252867,275.35444889684663,540.0
45500,1,0,True,passed,45500,45500,45500,45500,0,256,256,45244,165.22204858297482,275.38697401606066,540.0
45550,1,0,True,passed,45550,45550,45550,45550,0,256,256,45294,165.35194004140794,275.4730303653724,540.0
45600,1,0,True,passed,45600,45600,45600,45600,0,256,256,45344,165.51122516626492,275.5100142252729,540.0
45650,1,0,True,passed,45650,45650,45650,45650,0,256,256,45394,165.64901416609064,275.58268444766173,540.0
45700,1,0,True,passed,45700,45700,45700,45700,0,256,256,45444,165.80975370807573,275.617079080036,540.0
45750,1,0,True,passed,45750,45750,45750,45750,0,256,256,45494,165.94287054101005,275.69729178990934,540.0
45800,1,0,True,passed,45800,45800,45800,45800,0,256,256,45544,166.1055047083646,275.72836963117,540.0
45850,1,0,True,passed,45850,45850,45850,45850,0,256,256,45594,166.24225291609764,275.8023257970431,540.0
45900,1,0,True,passed,45900,45900,45900,45900,0,256,256,45644,166.4019013750367,275.8381942797069,540.0
45950,1,0,True,passed,45950,45950,45950,45950,0,256,256,45694,166.5379894580692,275.9130223051555,540.0
46000,1,0,True,passed,46000,46000,46000,46000,0,256,256,45744,166.76583987521008,275.8358668323293,540.0
46050,1,0,True,passed,46050,46050,46050,46050,0,256,256,45794,166.8958364580758,275.92060399641997,540.0
46100,1,0,True,passed,46100,46100,46100,46100,0,256,256,45844,167.05440891627222,275.9579965537177,540.0
46150,1,0,True,passed,46150,46150,46150,46150,0,256,256,45894,167.18372891610488,276.0436096215961,540.0
46200,1,0,True,passed,46200,46200,46200,46200,0,256,256,45944,167.34157041599974,276.08202722820124,540.0
46250,1,0,True,passed,46250,46250,46250,46250,0,256,256,45994,167.47474083304405,276.1610483464293,540.0
46300,1,0,True,passed,46300,46300,46300,46300,0,256,256,46044,167.63204266643152,276.2001778629619,540.0
46350,1,0,True,passed,46350,46350,46350,46350,0,256,256,46094,167.76450691604987,276.28013131045503,540.0
46400,1,0,True,passed,46400,46400,46400,46400,0,256,256,46144,167.93755637528375,276.2931711136231,540.0
46450,1,0,True,passed,46450,46450,46450,46450,0,256,256,46194,168.1001502913423,276.3233698452697,540.0
46500,1,0,True,passed,46500,46500,46500,46500,0,256,256,46244,168.23217400023714,276.40372762426796,540.0
46550,1,0,True,passed,46550,46550,46550,46550,0,256,256,46294,168.3882758752443,276.4444243997606,540.0
46600,1,0,True,passed,46600,46600,46600,46600,0,256,256,46344,168.52038025017828,276.52441758569256,540.0
46650,1,0,True,passed,46650,46650,46650,46650,0,256,256,46394,168.6878702910617,276.5462621557079,540.0
46700,1,0,True,passed,46700,46700,46700,46700,0,256,256,46444,168.8198337503709,276.6262645955094,540.0
46750,1,0,True,passed,46750,46750,46750,46750,0,256,256,46494,168.97483745822683,276.66841231054485,540.0
46800,1,0,True,passed,46800,46800,46800,46800,0,256,256,46544,169.13306683301926,276.7052054120466,540.0
46850,1,0,True,passed,46850,46850,46850,46850,0,256,256,46594,169.28762512514368,276.74793101602523,540.0
46900,1,0,True,passed,46900,46900,46900,46900,0,256,256,46644,169.42624654108658,276.816614647876,540.0
46950,1,0,True,passed,46950,46950,46950,46950,0,256,256,46694,169.76310291606933,276.5618629344447,540.0
47000,1,0,True,passed,47000,47000,47000,47000,0,256,256,46744,169.95132037531585,276.5497784671898,540.0
47050,1,0,True,passed,47050,47050,47050,47050,0,256,256,46794,170.11276187514886,276.58124811665505,540.0
47100,1,0,True,passed,47100,47100,47100,47100,0,256,256,46844,170.27900529140607,276.6048575359932,540.0
47150,1,0,True,passed,47150,47150,47150,47150,0,256,256,46894,170.40784983336926,276.68913166913916,540.0
47200,1,0,True,passed,47200,47200,47200,47200,0,256,256,46944,170.59743883321062,276.6747280781068,540.0
47250,1,0,True,passed,47250,47250,47250,47250,0,256,256,46994,170.72940708324313,276.7537286471226,540.0
47300,1,0,True,passed,47300,47300,47300,47300,0,256,256,47044,170.89144758321345,276.7838921662119,540.0
47350,1,0,True,passed,47350,47350,47350,47350,0,256,256,47094,171.02174466615543,276.86537809814774,540.0
47400,1,0,True,passed,47400,47400,47400,47400,0,256,256,47144,171.1826772079803,276.8971765899586,540.0
47450,1,0,True,passed,47450,47450,47450,47450,0,256,256,47194,171.31310783326626,276.97822192439367,540.0
47500,1,0,True,passed,47500,47500,47500,47500,0,256,256,47244,171.47391750011593,277.01005897860756,540.0
47550,1,0,True,passed,47550,47550,47550,47550,0,256,256,47294,171.603668208234,277.0919788398697,540.0
47600,1,0,True,passed,47600,47600,47600,47600,0,256,256,47344,171.76269920822233,277.1265252550326,540.0
47650,1,0,True,passed,47650,47650,47650,47650,0,256,256,47394,171.89071458298713,277.21101814952925,540.0
47700,1,0,True,passed,47700,47700,47700,47700,0,256,256,47444,172.05562720820308,277.2359194173791,540.0
47750,1,0,True,passed,47750,47750,47750,47750,0,256,256,47494,172.18577408324927,277.31675426864,540.0
47800,1,0,True,passed,47800,47800,47800,47800,0,256,256,47544,172.34299733303487,277.35388579572793,540.0
47850,1,0,True,passed,47850,47850,47850,47850,0,256,256,47594,172.47475483315066,277.43190617252554,540.0
47900,1,0,True,passed,47900,47900,47900,47900,0,256,256,47644,172.67521791625768,277.3993893161326,540.0
47950,1,0,True,passed,47950,47950,47950,47950,0,256,256,47694,172.8692256663926,277.3773053888442,540.0
48000,1,0,True,passed,48000,48000,48000,48000,0,256,256,47744,173.0311843752861,277.406643047031,540.0
48050,1,0,True,passed,48050,48050,48050,48050,0,256,256,47794,173.17527175042778,277.46455665591475,540.0
48100,1,0,True,passed,48100,48100,48100,48100,0,256,256,47844,173.3202100833878,277.52101140921843,540.0
48150,1,0,True,passed,48150,48150,48150,48150,0,256,256,47894,173.46349383331835,277.58001949544206,540.0
48200,1,0,True,passed,48200,48200,48200,48200,0,256,256,47944,173.63286962499842,277.59720900829086,540.0
48250,1,0,True,passed,48250,48250,48250,48250,0,256,256,47994,173.7627492910251,277.6774665275863,540.0
48300,1,0,True,passed,48300,48300,48300,48300,0,256,256,48044,173.92036816617474,277.71330356115084,540.0
48350,1,0,True,passed,48350,48350,48350,48350,0,256,256,48094,174.0572154163383,277.78222169272686,540.0
48400,1,0,True,passed,48400,48400,48400,48400,0,256,256,48144,174.25799808325246,277.74908774561214,540.0
48450,1,0,True,passed,48450,48450,48450,48450,0,256,256,48194,174.5234886663966,277.6130615438972,540.0
48500,1,0,True,passed,48500,48500,48500,48500,0,256,256,48244,174.72359675029293,277.58128210532436,540.0
48550,1,0,True,passed,48550,48550,48550,48550,0,256,256,48294,174.85746187530458,277.6547221909367,540.0
48600,1,0,True,passed,48600,48600,48600,48600,0,256,256,48344,175.0246836664155,277.67511977126674,540.0
48650,1,0,True,passed,48650,48650,48650,48650,0,256,256,48394,175.17062295833603,277.72921725334794,540.0
48700,1,0,True,passed,48700,48700,48700,48700,0,256,256,48444,175.3563199164346,277.7202442615573,540.0
48750,1,0,True,passed,48750,48750,48750,48750,0,256,256,48494,175.49430491635576,277.7867921311479,540.0
48800,1,0,True,passed,48800,48800,48800,48800,0,256,256,48544,175.65986179141328,277.80962311098364,540.0
48850,1,0,True,passed,48850,48850,48850,48850,0,256,256,48594,175.78929725009948,277.88950046543493,540.0
48900,1,0,True,passed,48900,48900,48900,48900,0,256,256,48644,175.94128558319062,277.93362903943614,540.0
48950,1,0,True,passed,48950,48950,48950,48950,0,256,256,48694,176.11455025011674,277.94409905644665,540.0
49000,1,0,True,passed,49000,49000,49000,49000,0,256,256,48744,176.28253970807418,277.96286620980464,540.0
49050,1,0,True,passed,49050,49050,49050,49050,0,256,256,48794,176.41150579135865,278.0430889695556,540.0
49100,1,0,True,passed,49100,49100,49100,49100,0,256,256,48844,176.5761415832676,278.0670115438332,540.0
49150,1,0,True,passed,49150,49150,49150,49150,0,256,256,48894,176.70569462515414,278.1461010878111,540.0
49200,1,0,True,passed,49200,49200,49200,49200,0,256,256,48944,176.86527825007215,278.1778339241661,540.0
49250,1,0,True,passed,49250,49250,49250,49250,0,256,256,48994,176.99666141625494,278.2538360097961,540.0
49300,1,0,True,passed,49300,49300,49300,49300,0,256,256,49044,177.15785595821217,278.28288919701555,540.0
49350,1,0,True,passed,49350,49350,49350,49350,0,256,256,49094,177.28657291643322,278.36287423335716,540.0
49400,1,0,True,passed,49400,49400,49400,49400,0,256,256,49144,177.44642879115418,278.39388110842964,540.0
49450,1,0,True,passed,49450,49450,49450,49450,0,256,256,49194,177.57848354103044,278.46842147728063,540.0
49500,1,0,True,passed,49500,49500,49500,49500,0,256,256,49244,177.744560000021,278.48953576972565,540.0
49550,1,0,True,passed,49550,49550,49550,49550,0,256,256,49294,177.88564029103145,278.54974644908526,540.0
49600,1,0,True,passed,49600,49600,49600,49600,0,256,256,49344,178.04656933341175,278.5788020836198,540.0
49650,1,0,True,passed,49650,49650,49650,49650,0,256,256,49394,178.1760873333551,278.6569216053571,540.0
49700,1,0,True,passed,49700,49700,49700,49700,0,256,256,49444,178.33955345815048,278.6818685831391,540.0
49750,1,0,True,passed,49750,49750,49750,49750,0,256,256,49494,178.47239037510008,278.75460117634515,540.0
49800,1,0,True,passed,49800,49800,49800,49800,0,256,256,49544,178.63706520805135,278.7775310907619,540.0
49850,1,0,True,passed,49850,49850,49850,49850,0,256,256,49594,178.77330937515944,278.84475693957626,540.0
49900,1,0,True,passed,49900,49900,49900,49900,0,256,256,49644,178.9945123749785,278.77949629798525,540.0
49950,1,0,True,passed,49950,49950,49950,49950,0,256,256,49694,179.13204312510788,278.844583741583,540.0
50000,1,0,True,passed,50000,50000,50000,50000,0,256,256,49744,179.31114337500185,278.8449120277631,540.0
50050,1,0,True,passed,50050,50050,50050,50050,0,256,256,49794,179.44904016610235,278.9092655701725,540.0
50100,1,0,True,passed,50100,50100,50100,50100,0,256,256,49844,179.6145530412905,278.9306275671483,540.0
50150,1,0,True,passed,50150,50150,50150,50150,0,256,256,49894,180.55705150030553,277.75154491773,540.0
50200,1,0,True,passed,50200,50200,50200,50200,0,256,256,49944,180.69059420842677,277.8229836473627,540.0
50250,1,0,True,passed,50250,50250,50250,50250,0,256,256,49994,180.84634137526155,277.8601967718537,540.0
50300,1,0,True,passed,50300,50300,50300,50300,0,256,256,50044,180.975845833309,277.93764282958347,540.0
50350,1,0,True,passed,50350,50350,50350,50350,0,256,256,50094,181.1320940409787,277.9739298360289,540.0
50400,1,0,True,passed,50400,50400,50400,50400,0,256,256,50144,181.26218912517652,278.0502665406663,540.0
50450,1,0,True,passed,50450,50450,50450,50450,0,256,256,50194,181.42009783303365,278.08385400844975,540.0
50500,1,0,True,passed,50500,50500,50500,50500,0,256,256,50244,181.5612767082639,278.14300998303924,540.0
50550,1,0,True,passed,50550,50550,50550,50550,0,256,256,50294,181.72710145823658,278.1643441972638,540.0
50600,1,0,True,passed,50600,50600,50600,50600,0,256,256,50344,181.85730037512258,278.2401360606687,540.0
50650,1,0,True,passed,50650,50650,50650,50650,0,256,256,50394,182.06705512525514,278.1942068824848,540.0
50700,1,0,True,passed,50700,50700,50700,50700,0,256,256,50444,182.19548141630366,278.2725433467481,540.0
50750,1,0,True,passed,50750,50750,50750,50750,0,256,256,50494,182.35737137543038,278.29969042226344,540.0
50800,1,0,True,passed,50800,50800,50800,50800,0,256,256,50544,182.48835029127076,278.37393411096,540.0
50850,1,0,True,passed,50850,50850,50850,50850,0,256,256,50594,182.6475967504084,278.40497715109575,540.0
50900,1,0,True,passed,50900,50900,50900,50900,0,256,256,50644,182.779051666148,278.4783022781546,540.0
50950,1,0,True,passed,50950,50950,50950,50950,0,256,256,50694,182.9346982082352,278.51468583616344,540.0
51000,1,0,True,passed,51000,51000,51000,51000,0,256,256,50744,183.0620044581592,278.5941307206466,540.0
51050,1,0,True,passed,51050,51050,51050,51050,0,256,256,50794,183.22386133298278,278.6209155761871,540.0
51100,1,0,True,passed,51100,51100,51100,51100,0,256,256,50844,183.35861475020647,278.68884191568895,540.0
51150,1,0,True,passed,51150,51150,51150,51150,0,256,256,50894,183.5195300830528,278.7169298921579,540.0
51200,1,0,True,passed,51200,51200,51200,51200,0,256,256,50944,183.6466262913309,278.7963004492009,540.0
51250,1,0,True,passed,51250,51250,51250,51250,0,256,256,50994,183.81391504127532,278.8145826092211,540.0
51300,1,0,True,passed,51300,51300,51300,51300,0,256,256,51044,184.08168816613033,278.6806254933011,540.0
51350,1,0,True,passed,51350,51350,51350,51350,0,256,256,51094,184.2682617083192,278.6698019720978,540.0
51400,1,0,True,passed,51400,51400,51400,51400,0,256,256,51144,184.40462166629732,278.734879503262,540.0
51450,1,0,True,passed,51450,51450,51450,51450,0,256,256,51194,184.57297650026157,278.7515321882837,540.0
51500,1,0,True,passed,51500,51500,51500,51500,0,256,256,51244,184.7128909160383,278.8110767180264,540.0
51550,1,0,True,passed,51550,51550,51550,51550,0,256,256,51294,184.87191179115325,278.841709919867,540.0
51600,1,0,True,passed,51600,51600,51600,51600,0,256,256,51344,185.07981262542307,278.7986397221589,540.0
51650,1,0,True,passed,51650,51650,51650,51650,0,256,256,51394,185.2839206252247,278.7613724154341,540.0
51700,1,0,True,passed,51700,51700,51700,51700,0,256,256,51444,185.4128254582174,278.8372372419865,540.0
51750,1,0,True,passed,51750,51750,51750,51750,0,256,256,51494,185.58948208298534,278.8412329145908,540.0
51800,1,0,True,passed,51800,51800,51800,51800,0,256,256,51544,185.72133779106662,278.9124858570324,540.0
51850,1,0,True,passed,51850,51850,51850,51850,0,256,256,51594,185.87869554106146,278.94536191505654,540.0
51900,1,0,True,passed,51900,51900,51900,51900,0,256,256,51644,186.0178284579888,279.00551484892407,540.0
51950,1,0,True,passed,51950,51950,51950,51950,0,256,256,51694,186.18109816638753,279.0293993946313,540.0
52000,1,0,True,passed,52000,52000,52000,52000,0,256,256,51744,186.31243979139253,279.10106302199983,540.0
52050,1,0,True,passed,52050,52050,52050,52050,0,256,256,51794,186.5201655002311,279.05829839045214,540.0
52100,1,0,True,passed,52100,52100,52100,52100,0,256,256,51844,186.6774825830944,279.0909716537939,540.0
52150,1,0,True,passed,52150,52150,52150,52150,0,256,256,51894,186.83755112532526,279.119479386771,540.0
52200,1,0,True,passed,52200,52200,52200,52200,0,256,256,51944,186.96574304113165,279.1955314964637,540.0
52250,1,0,True,passed,52250,52250,52250,52250,0,256,256,51994,187.12633366603404,279.22312683820877,540.0
52300,1,0,True,passed,52300,52300,52300,52300,0,256,256,52044,187.2561130002141,279.2966230156673,540.0
52350,1,0,True,passed,52350,52350,52350,52350,0,256,256,52094,187.4132705833763,279.32920564827646,540.0
52400,1,0,True,passed,52400,52400,52400,52400,0,256,256,52144,187.54593958333135,279.3982110005499,540.0
52450,1,0,True,passed,52450,52450,52450,52450,0,256,256,52194,187.70791808329523,279.4234816281184,540.0
52500,1,0,True,passed,52500,52500,52500,52500,0,256,256,52244,187.83891016617417,279.49480729820664,540.0
52550,1,0,True,passed,52550,52550,52550,52550,0,256,256,52294,187.99702125042677,279.52570551636177,540.0
52600,1,0,True,passed,52600,52600,52600,52600,0,256,256,52344,188.12809641612694,279.5967269219174,540.0
52650,1,0,True,passed,52650,52650,52650,52650,0,256,256,52394,188.33833595830947,279.5500965435661,540.0
52700,1,0,True,passed,52700,52700,52700,52700,0,256,256,52444,188.4708291660063,279.61886851774557,540.0
52750,1,0,True,passed,52750,52750,52750,52750,0,256,256,52494,188.62841900018975,279.65033201040046,540.0
52800,1,0,True,passed,52800,52800,52800,52800,0,256,256,52544,188.7566058752127,279.725309507346,540.0
52850,1,0,True,passed,52850,52850,52850,52850,0,256,256,52594,188.91689054109156,279.75264598431727,540.0
52900,1,0,True,passed,52900,52900,52900,52900,0,256,256,52644,189.04804162541404,279.8230520939105,540.0
52950,1,0,True,passed,52950,52950,52950,52950,0,256,256,52694,189.23666233336553,279.8083592635001,540.0
53000,1,0,True,passed,53000,53000,53000,53000,0,256,256,52744,189.36761720804498,279.87889788871666,540.0
53050,1,0,True,passed,53050,53050,53050,53050,0,256,256,52794,189.53458929108456,279.8961403215249,540.0
53100,1,0,True,passed,53100,53100,53100,53100,0,256,256,52844,189.6613240414299,279.9727370267686,540.0
53150,1,0,True,passed,53150,53150,53150,53150,0,256,256,52894,189.81768587511033,280.0055208499897,540.0
53200,1,0,True,passed,53200,53200,53200,53200,0,256,256,52944,189.94607041636482,280.07949774051525,540.0
53250,1,0,True,passed,53250,53250,53250,53250,0,256,256,52994,190.10661395825446,280.10598311794234,540.0
53300,1,0,True,passed,53300,53300,53300,53300,0,256,256,53044,190.23555229138583,280.17896422620214,540.0
53350,1,0,True,passed,53350,53350,53350,53350,0,256,256,53094,190.39404041599482,280.2083504474971,540.0
53400,1,0,True,passed,53400,53400,53400,53400,0,256,256,53144,190.5314376251772,280.26870875267895,540.0
53450,1,0,True,passed,53450,53450,53450,53450,0,256,256,53194,190.7194706662558,280.2545530001671,540.0
53500,1,0,True,passed,53500,53500,53500,53500,0,256,256,53244,190.85663887532428,280.31511146409997,540.0
53550,1,0,True,passed,53550,53550,53550,53550,0,256,256,53294,191.02603908302262,280.3282749150571,540.0
53600,1,0,True,passed,53600,53600,53600,53600,0,256,256,53344,191.19654929125682,280.339787504999,540.0
53650,1,0,True,passed,53650,53650,53650,53650,0,256,256,53394,191.35473112529144,280.36934171683544,540.0
53700,1,0,True,passed,53700,53700,53700,53700,0,256,256,53444,191.4824119163677,280.4435115610207,540.0
53750,1,0,True,passed,53750,53750,53750,53750,0,256,256,53494,191.64354650024325,280.46861468372884,540.0
53800,1,0,True,passed,53800,53800,53800,53800,0,256,256,53544,191.77470387518406,280.53752091837697,540.0
53850,1,0,True,passed,53850,53850,53850,53850,0,256,256,53594,191.94066420802847,280.5554530208173,540.0
53900,1,0,True,passed,53900,53900,53900,53900,0,256,256,53644,192.0701697501354,280.6266067766726,540.0
53950,1,0,True,passed,53950,53950,53950,53950,0,256,256,53694,192.23102104105055,280.6518932679397,540.0
54000,1,0,True,passed,54000,54000,54000,54000,0,256,256,53744,192.35975270811468,280.7240040588907,540.0
54050,1,0,True,passed,54050,54050,54050,54050,0,256,256,53794,192.5210333331488,280.74854505101763,540.0
54100,1,0,True,passed,54100,54100,54100,54100,0,256,256,53844,192.66802000021562,280.7938753921873,540.0
54150,1,0,True,passed,54150,54150,54150,54150,0,256,256,53894,192.8227190002799,280.82790389404994,540.0
54200,1,0,True,passed,54200,54200,54200,54200,0,256,256,53944,192.9511739583686,280.90007895828745,540.0
54250,1,0,True,passed,54250,54250,54250,54250,0,256,256,53994,193.1080884160474,280.9307494314764,540.0
54300,1,0,True,passed,54300,54300,54300,54300,0,256,256,54044,193.23734404100105,281.00158522401676,540.0
54350,1,0,True,passed,54350,54350,54350,54350,0,256,256,54094,193.39864849997684,281.0257487399479,540.0
54400,1,0,True,passed,54400,54400,54400,54400,0,256,256,54144,193.53251100005582,281.089723472788,540.0
54450,1,0,True,passed,54450,54450,54450,54450,0,256,256,54194,193.69795670825988,281.1077665729351,540.0
54500,1,0,True,passed,54500,54500,54500,54500,0,256,256,54244,193.8277153330855,281.1775390652665,540.0
54550,1,0,True,passed,54550,54550,54550,54550,0,256,256,54294,193.98577916622162,281.2061803420005,540.0
54600,1,0,True,passed,54600,54600,54600,54600,0,256,256,54344,194.15294604143128,281.2215890267698,540.0
54650,1,0,True,passed,54650,54650,54650,54650,0,256,256,54394,194.31174887530506,281.24907688968585,540.0
54700,1,0,True,passed,54700,54700,54700,54700,0,256,256,54444,194.47622975008562,281.26830754736966,540.0
54750,1,0,True,passed,54750,54750,54750,54750,0,256,256,54494,194.63194908341393,281.3001681267429,540.0
54800,1,0,True,passed,54800,54800,54800,54800,0,256,256,54544,194.77654116600752,281.3480497802562,540.0
54850,1,0,True,passed,54850,54850,54850,54850,0,256,256,54594,194.94197416631505,281.3657768398541,540.0
54900,1,0,True,passed,54900,54900,54900,54900,0,256,256,54644,195.0712065002881,281.4356920477596,540.0
54950,1,0,True,passed,54950,54950,54950,54950,0,256,256,54694,195.22605991642922,281.46857045377317,540.0
55000,1,0,True,passed,55000,55000,55000,55000,0,256,256,54744,195.35640466632321,281.53671282977524,540.0
55050,1,0,True,passed,55050,55050,55050,55050,0,256,256,54794,195.5184155004099,281.55915574041967,540.0
55100,1,0,True,passed,55100,55100,55100,55100,0,256,256,54844,195.6473460001871,281.62917170339387,540.0
55150,1,0,True,passed,55150,55150,55150,55150,0,256,256,54894,195.8037692080252,281.65954221957657,540.0
55200,1,0,True,passed,55200,55200,55200,55200,0,256,256,54944,195.93890104116872,281.72047361030127,540.0
55250,1,0,True,passed,55250,55250,55250,55250,0,256,256,54994,196.10152816632763,281.7418126040229,540.0
55300,1,0,True,passed,55300,55300,55300,55300,0,256,256,55044,196.242136166431,281.79473114326794,540.0
55350,1,0,True,passed,55350,55350,55350,55350,0,256,256,55094,196.4335938752629,281.7746135375793,540.0
55400,1,0,True,passed,55400,55400,55400,55400,0,256,256,55144,196.5787410410121,281.82091159309,540.0
55450,1,0,True,passed,55450,55450,55450,55450,0,256,256,55194,196.74005758343264,281.8439756554662,540.0
55500,1,0,True,passed,55500,55500,55500,55500,0,256,256,55244,196.8707834579982,281.9107996887754,540.0
55550,1,0,True,passed,55550,55550,55550,55550,0,256,256,55294,197.1045465413481,281.8301301251154,540.0
55600,1,0,True,passed,55600,55600,55600,55600,0,256,256,55344,197.24259229097515,281.8863783638478,540.0
55650,1,0,True,passed,55650,55650,55650,55650,0,256,256,55394,197.40627420833334,281.90593345209277,540.0
55700,1,0,True,passed,55700,55700,55700,55700,0,256,256,55444,197.5423611663282,281.9648386864289,540.0
55750,1,0,True,passed,55750,55750,55750,55750,0,256,256,55494,197.7037762082182,281.9875324044649,540.0
55800,1,0,True,passed,55800,55800,55800,55800,0,256,256,55544,197.86759087536484,282.0067690375225,540.0
55850,1,0,True,passed,55850,55850,55850,55850,0,256,256,55594,198.03613337501884,282.0192408737726,540.0
55900,1,0,True,passed,55900,55900,55900,55900,0,256,256,55644,198.1653084163554,282.08771982708123,540.0
55950,1,0,True,passed,55950,55950,55950,55950,0,256,256,55694,198.35879175039008,282.0646340213956,540.0
56000,1,0,True,passed,56000,56000,56000,56000,0,256,256,55744,198.5074475412257,282.1052846814224,540.0
56050,1,0,True,passed,56050,56050,56050,56050,0,256,256,55794,198.6769808754325,282.11622581049045,540.0
56100,1,0,True,passed,56100,56100,56100,56100,0,256,256,55844,198.80498237535357,282.186086735394,540.0
56150,1,0,True,passed,56150,56150,56150,56150,0,256,256,55894,198.96325375000015,282.21291591136315,540.0
56200,1,0,True,passed,56200,56200,56200,56200,0,256,256,55944,199.09620737517253,282.27559299559107,540.0
56250,1,0,True,passed,56250,56250,56250,56250,0,256,256,55994,199.2543930001557,282.3024333519013,540.0
56300,1,0,True,passed,56300,56300,56300,56300,0,256,256,56044,199.38688629120588,282.3656111353957,540.0
56350,1,0,True,passed,56350,56350,56350,56350,0,256,256,56094,199.54473858326674,282.3928127600622,540.0
56400,1,0,True,passed,56400,56400,56400,56400,0,256,256,56144,199.7696802080609,282.32512532061514,540.0
56450,1,0,True,passed,56450,56450,56450,56450,0,256,256,56194,199.9819666664116,282.27545183693394,540.0
56500,1,0,True,passed,56500,56500,56500,56500,0,256,256,56244,200.12294008303434,282.326453811628,540.0
56550,1,0,True,passed,56550,56550,56550,56550,0,256,256,56294,200.31803962541744,282.30108534281317,540.0
56600,1,0,True,passed,56600,56600,56600,56600,0,256,256,56344,200.4644557912834,282.344317732466,540.0
56650,1,0,True,passed,56650,56650,56650,56650,0,256,256,56394,200.6899769580923,282.27617970094013,540.0
56700,1,0,True,passed,56700,56700,56700,56700,0,256,256,56444,200.82254204107448,282.3388222443827,540.0
56750,1,0,True,passed,56750,56750,56750,56750,0,256,256,56494,200.98275662539527,282.3625317557682,540.0
56800,1,0,True,passed,56800,56800,56800,56800,0,256,256,56544,201.1151762502268,282.42523045267177,540.0
56850,1,0,True,passed,56850,56850,56850,56850,0,256,256,56594,201.2786170002073,282.4443095211721,540.0
56900,1,0,True,passed,56900,56900,56900,56900,0,256,256,56644,201.4143943330273,282.50215278019834,540.0
56950,1,0,True,passed,56950,56950,56950,56950,0,256,256,56694,201.5901437913999,282.50389095872833,540.0
57000,1,0,True,passed,57000,57000,57000,57000,0,256,256,56744,201.74196970835328,282.53912699673555,540.0
57050,1,0,True,passed,57050,57050,57050,57050,0,256,256,56794,201.92207891633734,282.53472976393834,540.0
57100,1,0,True,passed,57100,57100,57100,57100,0,256,256,56844,202.05929075041786,282.5903218205863,540.0
57150,1,0,True,passed,57150,57150,57150,57150,0,256,256,56894,202.2190818330273,282.6142789392589,540.0
57200,1,0,True,passed,57200,57200,57200,57200,0,256,256,56944,202.3522695833817,282.6753567813582,540.0
57250,1,0,True,passed,57250,57250,57250,57250,0,256,256,56994,202.51650391612202,282.6930096705191,540.0
57300,1,0,True,passed,57300,57300,57300,57300,0,256,256,57044,202.6560889580287,282.7450203673238,540.0
57350,1,0,True,passed,57350,57350,57350,57350,0,256,256,57094,202.81766762537882,282.76629285536524,540.0
57400,1,0,True,passed,57400,57400,57400,57400,0,256,256,57144,202.94826158322394,282.8307054823513,540.0
57450,1,0,True,passed,57450,57450,57450,57450,0,256,256,57194,203.10584750026464,282.8574396408018,540.0
57500,1,0,True,passed,57500,57500,57500,57500,0,256,256,57244,203.23622537543997,282.92200317034906,540.0
57550,1,0,True,passed,57550,57550,57550,57550,0,256,256,57294,203.44982487522066,282.87072763663684,540.0
57600,1,0,True,passed,57600,57600,57600,57600,0,256,256,57344,203.58217050042003,282.93243882023137,540.0
57650,1,0,True,passed,57650,57650,57650,57650,0,256,256,57394,203.74420191626996,282.952837223273,540.0
57700,1,0,True,passed,57700,57700,57700,57700,0,256,256,57444,203.87412416609004,283.01777008735826,540.0
57750,1,0,True,passed,57750,57750,57750,57750,0,256,256,57494,204.03968120831996,283.0331808891553,540.0
57800,1,0,True,passed,57800,57800,57800,57800,0,256,256,57544,204.17844383325428,283.08571127715777,540.0
57850,1,0,True,passed,57850,57850,57850,57850,0,256,256,57594,204.34196208324283,283.1038686827996,540.0
57900,1,0,True,passed,57900,57900,57900,57900,0,256,256,57644,204.4788782503456,283.1588303663933,540.0
57950,1,0,True,passed,57950,57950,57950,57950,0,256,256,57694,204.6405750834383,283.17942312452936,540.0
58000,1,0,True,passed,58000,58000,58000,58000,0,256,256,57744,204.77276779105887,283.24078746242594,540.0
58050,1,0,True,passed,58050,58050,58050,58050,0,256,256,57794,204.93354787537828,283.262553163334,540.0
58100,1,0,True,passed,58100,58100,58100,58100,0,256,256,57844,205.06426691636443,283.3258123108114,540.0
58150,1,0,True,passed,58150,58150,58150,58150,0,256,256,57894,205.25462433323264,283.30664991787455,540.0
58200,1,0,True,passed,58200,58200,58200,58200,0,256,256,57944,205.38371825031936,283.3720243055805,540.0
58250,1,0,True,passed,58250,58250,58250,58250,0,256,256,57994,205.55198170803487,283.38330536135646,540.0
58300,1,0,True,passed,58300,58300,58300,58300,0,256,256,58044,205.67959395842627,283.4505790194437,540.0
58350,1,0,True,passed,58350,58350,58350,58350,0,256,256,58094,205.83380879135802,283.4811265584949,540.0
58400,1,0,True,passed,58400,58400,58400,58400,0,256,256,58144,205.9843385410495,283.5167004134238,540.0
58450,1,0,True,passed,58450,58450,58450,58450,0,256,256,58194,206.14801287511364,283.5341422156203,540.0
58500,1,0,True,passed,58500,58500,58500,58500,0,256,256,58244,206.31883962498978,283.5417265157707,540.0
58550,1,0,True,passed,58550,58550,58550,58550,0,256,256,58294,206.48797312518582,283.551623437668,540.0
58600,1,0,True,passed,58600,58600,58600,58600,0,256,256,58344,206.62044233316556,283.61182145525714,540.0
58650,1,0,True,passed,58650,58650,58650,58650,0,256,256,58394,206.77656345814466,283.6394948205618,540.0
58700,1,0,True,passed,58700,58700,58700,58700,0,256,256,58444,206.9086349583231,283.7000979288455,540.0
58750,1,0,True,passed,58750,58750,58750,58750,0,256,256,58494,207.0774279581383,283.71030381870787,540.0
58800,1,0,True,passed,58800,58800,58800,58800,0,256,256,58544,207.20544433314353,283.7763273510408,540.0
58850,1,0,True,passed,58850,58850,58850,58850,0,256,256,58594,207.36536129098386,283.7986037476104,540.0
58900,1,0,True,passed,58900,58900,58900,58900,0,256,256,58644,207.49580191634595,283.8611646887494,540.0
58950,1,0,True,passed,58950,58950,58950,58950,0,256,256,58694,207.68834187509492,283.83875314221007,540.0
59000,1,0,True,passed,59000,59000,59000,59000,0,256,256,58744,207.83214554097503,283.88293758131795,540.0
59050,1,0,True,passed,59050,59050,59050,59050,0,256,256,58794,207.99061175016686,283.90704514552505,540.0
59100,1,0,True,passed,59100,59100,59100,59100,0,256,256,58844,208.12580075021833,283.9628714314412,540.0
59150,1,0,True,passed,59150,59150,59150,59150,0,256,256,58894,208.28542275028303,283.9853083281587,540.0
59200,1,0,True,passed,59200,59200,59200,59200,0,256,256,58944,208.4138891249895,284.05016694687134,540.0
59250,1,0,True,passed,59250,59250,59250,59250,0,256,256,58994,208.57048891624436,284.07662228664105,540.0
59300,1,0,True,passed,59300,59300,59300,59300,0,256,256,59044,208.6973210000433,284.14356119112665,540.0
59350,1,0,True,passed,59350,59350,59350,59350,0,256,256,59094,208.858276208397,284.1639846762935,540.0
59400,1,0,True,passed,59400,59400,59400,59400,0,256,256,59144,208.98596091615036,284.2296187724904,540.0
59450,1,0,True,passed,59450,59450,59450,59450,0,256,256,59194,209.2127130003646,284.1605519445484,540.0
59500,1,0,True,passed,59500,59500,59500,59500,0,256,256,59244,209.3670096253045,284.1899500140194,540.0
59550,1,0,True,passed,59550,59550,59550,59550,0,256,256,59294,209.57790183322504,284.1425526217352,540.0
59600,1,0,True,passed,59600,59600,59600,59600,0,256,256,59344,209.71590408310294,284.1939921560868,540.0
59650,1,0,True,passed,59650,59650,59650,59650,0,256,256,59394,209.87274395814165,284.2198509202175,540.0
59700,1,0,True,passed,59700,59700,59700,59700,0,256,256,59444,210.00201866636053,284.2829815595631,540.0
59750,1,0,True,passed,59750,59750,59750,59750,0,256,256,59494,210.16649441607296,284.29840905901546,540.0
59800,1,0,True,passed,59800,59800,59800,59800,0,256,256,59544,210.32408654130995,284.3231176389996,540.0
59850,1,0,True,passed,59850,59850,59850,59850,0,256,256,59594,210.4703829162754,284.36304990145896,540.0
59900,1,0,True,passed,59900,59900,59900,59900,0,256,256,59644,210.62760679097846,284.3881716770549,540.0
59950,1,0,True,passed,59950,59950,59950,59950,0,256,256,59694,210.75795220816508,284.44952786781465,540.0
60000,1,0,True,passed,60000,60000,60000,60000,0,256,256,59744,210.91454920824617,284.4753964353549,540.0
60050,1,0,True,passed,60050,60050,60050,60050,0,256,256,59794,211.04572737542912,284.53549260050687,540.0
60100,1,0,True,passed,60100,60100,60100,60100,0,256,256,59844,211.20831425022334,284.55319201496087,540.0
60150,1,0,True,passed,60150,60150,60150,60150,0,256,256,59894,211.33606754103675,284.61776875033513,540.0
60200,1,0,True,passed,60200,60200,60200,60200,0,256,256,59944,211.50967000005767,284.6205565919685,540.0
60250,1,0,True,passed,60250,60250,60250,60250,0,256,256,59994,211.63913450017571,284.6826988888011,540.0
60300,1,0,True,passed,60300,60300,60300,60300,0,256,256,60044,211.7967110411264,284.706970677609,540.0
60350,1,0,True,passed,60350,60350,60350,60350,0,256,256,60094,211.9253406249918,284.770097912883,540.0
60400,1,0,True,passed,60400,60400,60400,60400,0,256,256,60144,212.0810260004364,284.7968115727416,540.0
60450,1,0,True,passed,60450,60450,60450,60450,0,256,256,60194,212.24470241600648,284.81276240061834,540.0
60500,1,0,True,passed,60500,60500,60500,60500,0,256,256,60244,212.40158083336428,284.8378047028951,540.0
60550,1,0,True,passed,60550,60550,60550,60550,0,256,256,60294,212.53158100042492,284.8988358105657,540.0
60600,1,0,True,passed,60600,60600,60600,60600,0,256,256,60344,212.69161779107526,284.9195498598668,540.0
60650,1,0,True,passed,60650,60650,60650,60650,0,256,256,60394,212.83088175021112,284.9680436468888,540.0
60700,1,0,True,passed,60700,60700,60700,60700,0,256,256,60444,212.98971333308145,284.9902892027232,540.0
60750,1,0,True,passed,60750,60750,60750,60750,0,256,256,60494,213.12255850015208,285.0472536906817,540.0
60800,1,0,True,passed,60800,60800,60800,60800,0,256,256,60544,213.31228995835409,285.02811540708814,540.0
60850,1,0,True,passed,60850,60850,60850,60850,0,256,256,60594,213.49547433340922,285.0177512661109,540.0
60900,1,0,True,passed,60900,60900,60900,60900,0,256,256,60644,213.66973479138687,285.01930823033393,540.0
60950,1,0,True,passed,60950,60950,60950,60950,0,256,256,60694,213.8515354162082,285.0108131390133,540.0
61000,1,0,True,passed,61000,61000,61000,61000,0,256,256,60744,214.12753129098564,284.8769592225154,540.0
61050,1,0,True,passed,61050,61050,61050,61050,0,256,256,60794,214.3027394581586,284.87736626399806,540.0
61100,1,0,True,passed,61100,61100,61100,61100,0,256,256,60844,214.4387567914091,284.9298369111222,540.0
61150,1,0,True,passed,61150,61150,61150,61150,0,256,256,60894,214.60919154109433,284.9365377171682,540.0
61200,1,0,True,passed,61200,61200,61200,61200,0,256,256,60944,214.85638329107314,284.84143250745456,540.0
61250,1,0,True,passed,61250,61250,61250,61250,0,256,256,60994,214.9844046663493,284.9043868789392,540.0
61300,1,0,True,passed,61300,61300,61300,61300,0,256,256,61044,215.14284937502816,284.9269691187568,540.0
61350,1,0,True,passed,61350,61350,61350,61350,0,256,256,61094,215.27518125018105,284.98408243680626,540.0
61400,1,0,True,passed,61400,61400,61400,61400,0,256,256,61144,215.51603408297524,284.89759595502096,540.0
61450,1,0,True,passed,61450,61450,61450,61450,0,256,256,61194,215.64704158343375,284.9563784821273,540.0
61500,1,0,True,passed,61500,61500,61500,61500,0,256,256,61244,215.7811843333766,285.01094842905314,540.0
61550,1,0,True,passed,61550,61550,61550,61550,0,256,256,61294,215.94775045802817,285.0226495504195,540.0
61600,1,0,True,passed,61600,61600,61600,61600,0,256,256,61344,216.0825293753296,285.0762631207562,540.0
61650,1,0,True,passed,61650,61650,61650,61650,0,256,256,61394,216.26114725042135,285.07201031636015,540.0
61700,1,0,True,passed,61700,61700,61700,61700,0,256,256,61444,216.4048347081989,285.113777994824,540.0
61750,1,0,True,passed,61750,61750,61750,61750,0,256,256,61494,216.57918150024489,285.11512312613564,540.0
61800,1,0,True,passed,61800,61800,61800,61800,0,256,256,61544,216.72252237517387,285.1572569509709,540.0
61850,1,0,True,passed,61850,61850,61850,61850,0,256,256,61594,216.96616050042212,285.067495582472,540.0
61900,1,0,True,passed,61900,61900,61900,61900,0,256,256,61644,217.15270487498492,285.0528619279042,540.0
61950,1,0,True,passed,61950,61950,61950,61950,0,256,256,61694,217.29161554109305,285.100738221003,540.0
62000,1,0,True,passed,62000,62000,62000,62000,0,256,256,61744,217.46027737529948,285.1095416060678,540.0
62050,1,0,True,passed,62050,62050,62050,62050,0,256,256,61794,217.608245333191,285.1454452242474,540.0
62100,1,0,True,passed,62100,62100,62100,62100,0,256,256,61844,217.79401366598904,285.1318039220176,540.0
62150,1,0,True,passed,62150,62150,62150,62150,0,256,256,61894,217.93443958321586,285.1775062209418,540.0
62200,1,0,True,passed,62200,62200,62200,62200,0,256,256,61944,218.11065675038844,285.17634546937023,540.0
62250,1,0,True,passed,62250,62250,62250,62250,0,256,256,61994,218.2448946661316,285.2300398377213,540.0
62300,1,0,True,passed,62300,62300,62300,62300,0,256,256,62044,218.43277841620147,285.21360416564255,540.0
62350,1,0,True,passed,62350,62350,62350,62350,0,256,256,62094,218.56755945831537,285.26648764585406,540.0
62400,1,0,True,passed,62400,62400,62400,62400,0,256,256,62144,218.760020875372,285.2440759070388,540.0
62450,1,0,True,passed,62450,62450,62450,62450,0,256,256,62194,220.026234166231,283.8297907367659,540.0
62500,1,0,True,passed,62500,62500,62500,62500,0,256,256,62244,220.20042504137382,283.83233133295164,540.0
62550,1,0,True,passed,62550,62550,62550,62550,0,256,256,62294,220.344043541234,283.8742495360204,540.0
62600,1,0,True,passed,62600,62600,62600,62600,0,256,256,62344,220.5367887080647,283.8528681165602,540.0
62650,1,0,True,passed,62650,62650,62650,62650,0,256,256,62394,220.68599870800972,283.88751604895606,540.0
62700,1,0,True,passed,62700,62700,62700,62700,0,256,256,62444,220.85014025028795,283.9029213608039,540.0
62750,1,0,True,passed,62750,62750,62750,62750,0,256,256,62494,220.98687608307227,283.9535139471872,540.0
62800,1,0,True,passed,62800,62800,62800,62800,0,256,256,62544,221.14185533300042,283.9806146395685,540.0
62850,1,0,True,passed,62850,62850,62850,62850,0,256,256,62594,221.31258562533185,283.9874642574601,540.0
62900,1,0,True,passed,62900,62900,62900,62900,0,256,256,62644,221.53813133342192,283.92403430239966,540.0
62950,1,0,True,passed,62950,62950,62950,62950,0,256,256,62694,221.69902054127306,283.94351876841415,540.0
63000,1,0,True,passed,63000,63000,63000,63000,0,256,256,62744,221.84990804130211,283.97577693956583,540.0
63050,1,0,True,passed,63050,63050,63050,63050,0,256,256,62794,222.02432100009173,283.97789807889535,540.0
63100,1,0,True,passed,63100,63100,63100,63100,0,256,256,62844,222.2410913752392,283.92589151508383,540.0
63150,1,0,True,passed,63150,63150,63150,63150,0,256,256,62894,222.45042341621593,283.88347853059906,540.0
63200,1,0,True,passed,63200,63200,63200,63200,0,256,256,62944,222.6158827911131,283.8970841056403,540.0
63250,1,0,True,passed,63250,63250,63250,63250,0,256,256,62994,222.80415279138833,283.8816027779384,540.0
63300,1,0,True,passed,63300,63300,63300,63300,0,256,256,63044,222.95355325005949,283.9156365855457,540.0
63350,1,0,True,passed,63350,63350,63350,63350,0,256,256,63094,223.13654308300465,283.9068810725207,540.0
63400,1,0,True,passed,63400,63400,63400,63400,0,256,256,63144,223.30572262499481,283.9156975232106,540.0
63450,1,0,True,passed,63450,63450,63450,63450,0,256,256,63194,223.43439162522554,283.9759785343473,540.0
63500,1,0,True,passed,63500,63500,63500,63500,0,256,256,63244,223.59615379106253,283.99415161379306,540.0
63550,1,0,True,passed,63550,63550,63550,63550,0,256,256,63294,223.77422287501395,283.99160181865534,540.0
63600,1,0,True,passed,63600,63600,63600,63600,0,256,256,63344,223.94987858319655,283.99211646088406,540.0
63650,1,0,True,passed,63650,63650,63650,63650,0,256,256,63394,224.09020679118112,284.0374013279053,540.0
63700,1,0,True,passed,63700,63700,63700,63700,0,256,256,63444,224.2432027501054,284.0665813669576,540.0
63750,1,0,True,passed,63750,63750,63750,63750,0,256,256,63494,224.39717641612515,284.0944837994804,540.0
63800,1,0,True,passed,63800,63800,63800,63800,0,256,256,63544,224.5337083330378,284.14441855371297,540.0
63850,1,0,True,passed,63850,63850,63850,63850,0,256,256,63594,224.71314066601917,284.14003654061923,540.0
63900,1,0,True,passed,63900,63900,63900,63900,0,256,256,63644,224.86761220823973,284.1672011922513,540.0
63950,1,0,True,passed,63950,63950,63950,63950,0,256,256,63694,225.04486583312973,284.16555855763795,540.0
64000,1,0,True,passed,64000,64000,64000,64000,0,256,256,63744,225.18566504120827,284.20992068162155,540.0
64050,1,0,True,passed,64050,64050,64050,64050,0,256,256,63794,225.3215239159763,284.2604598390903,540.0
64100,1,0,True,passed,64100,64100,64100,64100,0,256,256,63844,225.52666504122317,284.2235971887555,540.0
64150,1,0,True,passed,64150,64150,64150,64150,0,256,256,63894,225.71287320833653,284.21063933198235,540.0
64200,1,0,True,passed,64200,64200,64200,64200,0,256,256,63944,225.89029158325866,284.20876147453714,540.0
64250,1,0,True,passed,64250,64250,64250,64250,0,256,256,63994,226.02374933334067,284.2621635536355,540.0
64300,1,0,True,passed,64300,64300,64300,64300,0,256,256,64044,226.19934562500566,284.2625376405679,540.0
64350,1,0,True,passed,64350,64350,64350,64350,0,256,256,64094,226.32740950025618,284.32261095590883,540.0
64400,1,0,True,passed,64400,64400,64400,64400,0,256,256,64144,226.5463859164156,284.2684942401174,540.0
64450,1,0,True,passed,64450,64450,64450,64450,0,256,256,64194,226.67337662540376,284.32981834699046,540.0
64500,1,0,True,passed,64500,64500,64500,64500,0,256,256,64244,226.86695070797578,284.307607603122,540.0
64550,1,0,True,passed,64550,64550,64550,64550,0,256,256,64294,226.99858858343214,284.3630015623423,540.0
64600,1,0,True,passed,64600,64600,64600,64600,0,256,256,64344,227.20931745832786,284.3193259970432,540.0
64650,1,0,True,passed,64650,64650,64650,64650,0,256,256,64394,227.35160616599023,284.36130753700854,540.0
64700,1,0,True,passed,64700,64700,64700,64700,0,256,256,64444,227.48181758308783,284.41833588026566,540.0
64750,1,0,True,passed,64750,64750,64750,64750,0,256,256,64494,227.6407115412876,284.4394553223674,540.0
64800,1,0,True,passed,64800,64800,64800,64800,0,256,256,64544,227.77119337534532,284.4960288424873,540.0
64850,1,0,True,passed,64850,64850,64850,64850,0,256,256,64594,227.93077083304524,284.5162141249517,540.0
64900,1,0,True,passed,64900,64900,64900,64900,0,256,256,64644,228.08664795802906,284.5409873003283,540.0
64950,1,0,True,passed,64950,64950,64950,64950,0,256,256,64694,228.22315304121003,284.5898811514187,540.0
65000,1,0,True,passed,65000,65000,65000,65000,0,256,256,64744,228.38294391613454,284.6096949510771,540.0
65050,1,0,True,passed,65050,65050,65050,65050,0,256,256,64794,228.51760287536308,284.66078403368886,540.0
65100,1,0,True,passed,65100,65100,65100,65100,0,256,256,64844,228.86086975038052,284.45229658964786,540.0
65150,1,0,True,passed,65150,65150,65150,65150,0,256,256,64894,229.02486058324575,284.4669344370994,540.0
65200,1,0,True,passed,65200,65200,65200,65200,0,256,256,64944,229.1626473753713,284.5140809235005,540.0
65250,1,0,True,passed,65250,65250,65250,65250,0,256,256,64994,229.32714083325118,284.5280317145048,540.0
65300,1,0,True,passed,65300,65300,65300,65300,0,256,256,65044,229.4645801661536,284.57551031499827,540.0
65350,1,0,True,passed,65350,65350,65350,65350,0,256,256,65094,229.8122288333252,284.36258736864727,540.0
65400,1,0,True,passed,65400,65400,65400,65400,0,256,256,65144,229.98269925033674,284.36921652446534,540.0
65450,1,0,True,passed,65450,65450,65450,65450,0,256,256,65194,230.16029583336785,284.3670310859554,540.0
65500,1,0,True,passed,65500,65500,65500,65500,0,256,256,65244,230.29159075021744,284.4220224742972,540.0
65550,1,0,True,passed,65550,65550,65550,65550,0,256,256,65294,230.48734179139137,284.3973967964269,540.0
65600,1,0,True,passed,65600,65600,65600,65600,0,256,256,65344,230.62791745830327,284.44084620354016,540.0
65650,1,0,True,passed,65650,65650,65650,65650,0,256,256,65394,230.8261231253855,284.4132159354369,540.0
65700,1,0,True,passed,65700,65700,65700,65700,0,256,256,65444,230.9512922912836,284.47556776230084,540.0
65750,1,0,True,passed,65750,65750,65750,65750,0,256,256,65494,231.08385745808482,284.528745206385,540.0
65800,1,0,True,passed,65800,65800,65800,65800,0,256,256,65544,231.24448712542653,284.54732399441036,540.0
65850,1,0,True,passed,65850,65850,65850,65850,0,256,256,65594,231.37567879119888,284.60208239702337,540.0
65900,1,0,True,passed,65900,65900,65900,65900,0,256,256,65644,231.53874945826828,284.6175862752406,540.0
65950,1,0,True,passed,65950,65950,65950,65950,0,256,256,65694,231.6676130411215,284.67509607522794,540.0
66000,1,0,True,passed,66000,66000,66000,66000,0,256,256,65744,231.8250823332928,284.69740778572185,540.0
66050,1,0,True,passed,66050,66050,66050,66050,0,256,256,65794,231.9558720001951,284.7524377392975,540.0
66100,1,0,True,passed,66100,66100,66100,66100,0,256,256,65844,232.11895583337173,284.76778108312,540.0
66150,1,0,True,passed,66150,66150,66150,66150,0,256,256,65894,232.29907650034875,284.7622168652947,540.0
66200,1,0,True,passed,66200,66200,66200,66200,0,256,256,65944,232.42876587528735,284.818446420356,540.0
66250,1,0,True,passed,66250,66250,66250,66250,0,256,256,65994,232.60452708322555,284.81818832483793,540.0
66300,1,0,True,passed,66300,66300,66300,66300,0,256,256,66044,232.7384691662155,284.86910753310116,540.0
66350,1,0,True,passed,66350,66350,66350,66350,0,256,256,66094,232.93117191642523,284.8480924820406,540.0
66400,1,0,True,passed,66400,66400,66400,66400,0,256,256,66144,233.0787808331661,284.8822177748047,540.0
66450,1,0,True,passed,66450,66450,66450,66450,0,256,256,66194,233.24775029113516,284.8902075885338,540.0
66500,1,0,True,passed,66500,66500,66500,66500,0,256,256,66244,233.38095129141584,284.9418499325741,540.0
66550,1,0,True,passed,66550,66550,66550,66550,0,256,256,66294,233.5440229163505,284.956982280966,540.0
66600,1,0,True,passed,66600,66600,66600,66600,0,256,256,66344,233.6773769161664,285.0083344777243,540.0
66650,1,0,True,passed,66650,66650,66650,66650,0,256,256,66394,233.85554320830852,285.00500388237975,540.0
66700,1,0,True,passed,66700,66700,66700,66700,0,256,256,66444,233.9920157082379,285.0524612906772,540.0
66750,1,0,True,passed,66750,66750,66750,66750,0,256,256,66494,234.15463187498972,285.0680316058682,540.0
66800,1,0,True,passed,66800,66800,66800,66800,0,256,256,66544,234.28669541608542,285.12075720460956,540.0
66850,1,0,True,passed,66850,66850,66850,66850,0,256,256,66594,234.44635483343154,285.13985661024805,540.0
66900,1,0,True,passed,66900,66900,66900,66900,0,256,256,66644,234.5775248752907,285.1935624931088,540.0
66950,1,0,True,passed,66950,66950,66950,66950,0,256,256,66694,234.7383077503182,285.2112236883468,540.0
67000,1,0,True,passed,67000,67000,67000,67000,0,256,256,66744,234.8678801250644,285.2667634430186,540.0
67050,1,0,True,passed,67050,67050,67050,67050,0,256,256,66794,235.04636629112065,285.26286561245576,540.0
67100,1,0,True,passed,67100,67100,67100,67100,0,256,256,66844,235.22445070836693,285.2594609018392,540.0
67150,1,0,True,passed,67150,67150,67150,67150,0,256,256,66894,235.43825187534094,285.21278706891843,540.0
67200,1,0,True,passed,67200,67200,67200,67200,0,256,256,66944,235.57104287529364,285.2642632973114,540.0
67250,1,0,True,passed,67250,67250,67250,67250,0,256,256,66994,235.76521420804784,285.2414009670491,540.0
67300,1,0,True,passed,67300,67300,67300,67300,0,256,256,67044,235.90809829114005,285.2805837845524,540.0
67350,1,0,True,passed,67350,67350,67350,67350,0,256,256,67094,236.07570666633546,285.2898375316148,540.0
67400,1,0,True,passed,67400,67400,67400,67400,0,256,256,67144,236.20435929112136,285.34613079231804,540.0
67450,1,0,True,passed,67450,67450,67450,67450,0,256,256,67194,236.36703379126266,285.3612829087053,540.0
67500,1,0,True,passed,67500,67500,67500,67500,0,256,256,67244,236.52402366604656,285.38327292835476,540.0
67550,1,0,True,passed,67550,67550,67550,67550,0,256,256,67294,236.7111235000193,285.36892986355366,540.0
67600,1,0,True,passed,67600,67600,67600,67600,0,256,256,67344,236.84824987500906,285.4148174439721,540.0
67650,1,0,True,passed,67650,67650,67650,67650,0,256,256,67394,236.97648445842788,285.47136292701504,540.0
67700,1,0,True,passed,67700,67700,67700,67700,0,256,256,67444,237.14834087528288,285.4753263300444,540.0
67750,1,0,True,passed,67750,67750,67750,67750,0,256,256,67494,237.28462862502784,285.52207697812077,540.0
67800,1,0,True,passed,67800,67800,67800,67800,0,256,256,67544,237.4477420412004,285.53651181166333,540.0
67850,1,0,True,passed,67850,67850,67850,67850,0,256,256,67594,237.58203254127875,285.58556922107056,540.0
67900,1,0,True,passed,67900,67900,67900,67900,0,256,256,67644,237.74611575016752,285.59877744270636,540.0
67950,1,0,True,passed,67950,67950,67950,67950,0,256,256,67694,237.88434641622007,285.6430068799468,540.0
68000,1,0,True,passed,68000,68000,68000,68000,0,256,256,67744,238.0451636253856,285.6600779632405,540.0
68050,1,0,True,passed,68050,68050,68050,68050,0,256,256,67794,238.21818204130977,285.66249400811625,540.0
68100,1,0,True,passed,68100,68100,68100,68100,0,256,256,67844,238.3826395003125,285.6751655353272,540.0
68150,1,0,True,passed,68150,68150,68150,68150,0,256,256,67894,238.58947162516415,285.63708002617574,540.0
68200,1,0,True,passed,68200,68200,68200,68200,0,256,256,67944,238.76471608318388,285.63684416519743,540.0
68250,1,0,True,passed,68250,68250,68250,68250,0,256,256,67994,238.91434912523255,285.6672286528306,540.0
68300,1,0,True,passed,68300,68300,68300,68300,0,256,256,68044,239.07036700006574,285.68994500259925,540.0
68350,1,0,True,passed,68350,68350,68350,68350,0,256,256,68094,239.3387445001863,285.5785014780455,540.0
68400,1,0,True,passed,68400,68400,68400,68400,0,256,256,68144,239.48580825002864,285.611913707174,540.0
68450,1,0,True,passed,68450,68450,68450,68450,0,256,256,68194,239.69852883322164,285.56704262305425,540.0
68500,1,0,True,passed,68500,68500,68500,68500,0,256,256,68244,239.840826833155,285.6060867720905,540.0
68550,1,0,True,passed,68550,68550,68550,68550,0,256,256,68294,240.0011950833723,285.6235777333813,540.0
68600,1,0,True,passed,68600,68600,68600,68600,0,256,256,68344,240.1302762911655,285.6782620647983,540.0
68650,1,0,True,passed,68650,68650,68650,68650,0,256,256,68394,240.2635125410743,285.72794626176926,540.0
68700,1,0,True,passed,68700,68700,68700,68700,0,256,256,68444,240.42764195799828,285.74085508854097,540.0
68750,1,0,True,passed,68750,68750,68750,68750,0,256,256,68494,240.5577037082985,285.79421461125435,540.0
68800,1,0,True,passed,68800,68800,68800,68800,0,256,256,68544,240.72455670824274,285.80382882742344,540.0
68850,1,0,True,passed,68850,68850,68850,68850,0,256,256,68594,240.89045995799825,285.8145565914263,540.0
68900,1,0,True,passed,68900,68900,68900,68900,0,256,256,68644,241.0466161663644,285.83682731495776,540.0
68950,1,0,True,passed,68950,68950,68950,68950,0,256,256,68694,241.18630654131994,285.87858485318907,540.0
69000,1,0,True,passed,69000,69000,69000,69000,0,256,256,68744,241.34699212526903,285.8954213284173,540.0
69050,1,0,True,passed,69050,69050,69050,69050,0,256,256,68794,241.48185295797884,285.94281166136176,540.0
69100,1,0,True,passed,69100,69100,69100,69100,0,256,256,68844,241.6389515832998,285.9638297022625,540.0
69150,1,0,True,passed,69150,69150,69150,69150,0,256,256,68894,241.8335214164108,285.94050814374606,540.0
69200,1,0,True,passed,69200,69200,69200,69200,0,256,256,68944,242.01630750019103,285.9311453627784,540.0
69250,1,0,True,passed,69250,69250,69250,69250,0,256,256,68994,242.14796795835719,285.98216447519025,540.0
69300,1,0,True,passed,69300,69300,69300,69300,0,256,256,69044,242.31461391597986,285.9918305382484,540.0
69350,1,0,True,passed,69350,69350,69350,69350,0,256,256,69094,242.44443358341232,286.04492573817055,540.0
69400,1,0,True,passed,69400,69400,69400,69400,0,256,256,69144,242.61111570801586,286.05449423646104,540.0
69450,1,0,True,passed,69450,69450,69450,69450,0,256,256,69194,242.78417291631922,286.0565380591651,540.0
69500,1,0,True,passed,69500,69500,69500,69500,0,256,256,69244,242.93598970817402,286.0835896875001,540.0
69550,1,0,True,passed,69550,69550,69550,69550,0,256,256,69294,243.07655691634864,286.12384872612233,540.0
69600,1,0,True,passed,69600,69600,69600,69600,0,256,256,69344,243.24622675031424,286.12982379966184,540.0
69650,1,0,True,passed,69650,69650,69650,69650,0,256,256,69394,243.38332666642964,286.17408165950167,540.0
69700,1,0,True,passed,69700,69700,69700,69700,0,256,256,69444,243.53457650030032,286.2016597463073,540.0
69750,1,0,True,passed,69750,69750,69750,69750,0,256,256,69494,243.68198125017807,286.2337200401806,540.0
69800,1,0,True,passed,69800,69800,69800,69800,0,256,256,69544,243.8701725830324,286.2178644509494,540.0
69850,1,0,True,passed,69850,69850,69850,69850,0,256,256,69594,244.0183416660875,286.2489742495755,540.0
69900,1,0,True,passed,69900,69900,69900,69900,0,256,256,69644,244.21653583319858,286.22140495737005,540.0
69950,1,0,True,passed,69950,69950,69950,69950,0,256,256,69694,244.34526520827785,286.27524229035174,540.0
70000,1,0,True,passed,70000,70000,70000,70000,0,256,256,69744,244.5104555003345,286.2863261072459,540.0
70050,1,0,True,passed,70050,70050,70050,70050,0,256,256,69794,244.6411117501557,286.3378092866904,540.0
70100,1,0,True,passed,70100,70100,70100,70100,0,256,256,69844,244.80435904115438,286.3511102276385,540.0
70150,1,0,True,passed,70150,70150,70150,70150,0,256,256,69894,244.98210125043988,286.3474500461043,540.0
70200,1,0,True,passed,70200,70200,70200,70200,0,256,256,69944,245.15113762533292,286.3539638444893,540.0
70250,1,0,True,passed,70250,70250,70250,70250,0,256,256,69994,245.28216308308765,286.404845411459,540.0
70300,1,0,True,passed,70300,70300,70300,70300,0,256,256,70044,245.4417735002935,286.42231107377467,540.0
70350,1,0,True,passed,70350,70350,70350,70350,0,256,256,70094,245.57207708340138,286.4739380614013,540.0
70400,1,0,True,passed,70400,70400,70400,70400,0,256,256,70144,245.72396241640672,286.50034497123784,540.0
70450,1,0,True,passed,70450,70450,70450,70450,0,256,256,70194,245.86448025004938,286.53996676685813,540.0
70500,1,0,True,passed,70500,70500,70500,70500,0,256,256,70244,246.02422033343464,286.55715239927156,540.0
70550,1,0,True,passed,70550,70550,70550,70550,0,256,256,70294,246.15849291626364,286.6039646415904,540.0
70600,1,0,True,passed,70600,70600,70600,70600,0,256,256,70344,246.31729995831847,286.62217396807637,540.0
70650,1,0,True,passed,70650,70650,70650,70650,0,256,256,70394,246.44674195814878,286.6745140903412,540.0
70700,1,0,True,passed,70700,70700,70700,70700,0,256,256,70444,246.5981815829873,286.70122198856296,540.0
70750,1,0,True,passed,70750,70750,70750,70750,0,256,256,70494,246.73444841615856,286.7455292690561,540.0
70800,1,0,True,passed,70800,70800,70800,70800,0,256,256,70544,246.89740675035864,286.7587834633956,540.0
70850,1,0,True,passed,70850,70850,70850,70850,0,256,256,70594,247.04013008298352,286.7955096048593,540.0
70900,1,0,True,passed,70900,70900,70900,70900,0,256,256,70644,247.1756245000288,286.84058204935064,540.0
70950,1,0,True,passed,70950,70950,70950,70950,0,256,256,70694,247.38906270824373,286.795217311908,540.0
71000,1,0,True,passed,71000,71000,71000,71000,0,256,256,70744,247.51774520799518,286.84812048662195,540.0
71050,1,0,True,passed,71050,71050,71050,71050,0,256,256,70794,247.6812369581312,286.8606474700807,540.0
71100,1,0,True,passed,71100,71100,71100,71100,0,256,256,70844,247.81800199998543,286.90409666043627,540.0
71150,1,0,True,passed,71150,71150,71150,71150,0,256,256,70894,248.0234993752092,286.8679789585764,540.0
71200,1,0,True,passed,71200,71200,71200,71200,0,256,256,70944,248.15755729097873,286.9144940708535,540.0
71250,1,0,True,passed,71250,71250,71250,71250,0,256,256,70994,248.33271770831198,286.91346294405406,540.0
71300,1,0,True,passed,71300,71300,71300,71300,0,256,256,71044,248.4626115001738,286.9647049489783,540.0
71350,1,0,True,passed,71350,71350,71350,71350,0,256,256,71094,248.6291170413606,286.9736290304671,540.0
71400,1,0,True,passed,71400,71400,71400,71400,0,256,256,71144,248.76036445843056,287.0232167228208,540.0
71450,1,0,True,passed,71450,71450,71450,71450,0,256,256,71194,248.92116745840758,287.03866661696674,540.0
71500,1,0,True,passed,71500,71500,71500,71500,0,256,256,71244,249.04634858341888,287.09515480429076,540.0
71550,1,0,True,passed,71550,71550,71550,71550,0,256,256,71294,249.1783538754098,287.14372210587476,540.0
71600,1,0,True,passed,71600,71600,71600,71600,0,256,256,71344,249.33595562539995,287.16275524887067,540.0
71650,1,0,True,passed,71650,71650,71650,71650,0,256,256,71394,249.46927941637114,287.2097124248079,540.0
71700,1,0,True,passed,71700,71700,71700,71700,0,256,256,71444,249.63829083321616,287.2155539948914,540.0
71750,1,0,True,passed,71750,71750,71750,71750,0,256,256,71494,249.76771133299917,287.2669153954026,540.0
71800,1,0,True,passed,71800,71800,71800,71800,0,256,256,71544,249.92982666613534,287.28063776042563,540.0
71850,1,0,True,passed,71850,71850,71850,71850,0,256,256,71594,250.09535570815206,287.29042087388905,540.0
71900,1,0,True,passed,71900,71900,71900,71900,0,256,256,71644,250.25920387543738,287.3021207075649,540.0
71950,1,0,True,passed,71950,71950,71950,71950,0,256,256,71694,250.38950970815495,287.3522939673565,540.0
72000,1,0,True,passed,72000,72000,72000,72000,0,256,256,71744,250.56681558303535,287.34850555715315,540.0
72050,1,0,True,passed,72050,72050,72050,72050,0,256,256,71794,250.6931277080439,287.4031715935552,540.0
72100,1,0,True,passed,72100,72100,72100,72100,0,256,256,71844,250.85523258335888,287.4167672625336,540.0
72150,1,0,True,passed,72150,72150,72150,72150,0,256,256,71894,251.02498750016093,287.42158586883204,540.0
72200,1,0,True,passed,72200,72200,72200,72200,0,256,256,71944,251.1652388330549,287.46016102964813,540.0
72250,1,0,True,passed,72250,72250,72250,72250,0,256,256,71994,251.32177108339965,287.4800686329091,540.0
72300,1,0,True,passed,72300,72300,72300,72300,0,256,256,72044,251.4555224161595,287.5259978595472,540.0
72350,1,0,True,passed,72350,72350,72350,72350,0,256,256,72094,251.6173686659895,287.5397687511839,540.0
72400,1,0,True,passed,72400,72400,72400,72400,0,256,256,72144,251.85423029121011,287.4678734452324,540.0
72450,1,0,True,passed,72450,72450,72450,72450,0,256,256,72194,251.997143083252,287.5032594161783,540.0
72500,1,0,True,passed,72500,72500,72500,72500,0,256,256,72244,252.1618222501129,287.5137852076953,540.0
72550,1,0,True,passed,72550,72550,72550,72550,0,256,256,72294,252.2928751250729,287.56261929328645,540.0
72600,1,0,True,passed,72600,72600,72600,72600,0,256,256,72344,252.4590339581482,287.57140856379647,540.0
72650,1,0,True,passed,72650,72650,72650,72650,0,256,256,72394,252.60786354122683,287.599914672265,540.0
72700,1,0,True,passed,72700,72700,72700,72700,0,256,256,72444,252.76734879100695,287.6162619409748,540.0
72750,1,0,True,passed,72750,72750,72750,72750,0,256,256,72494,252.89402437536046,287.6699051299848,540.0
72800,1,0,True,passed,72800,72800,72800,72800,0,256,256,72544,253.06280770804733,287.67561957973555,540.0
72850,1,0,True,passed,72850,72850,72850,72850,0,256,256,72594,253.2211454580538,287.6931935057044,540.0
72900,1,0,True,passed,72900,72900,72900,72900,0,256,256,72644,253.37704016640782,287.71351955221445,540.0
72950,1,0,True,passed,72950,72950,72950,72950,0,256,256,72694,253.5104996659793,287.75928451136167,540.0
73000,1,0,True,passed,73000,73000,73000,73000,0,256,256,72744,253.67608000012115,287.76855902206125,540.0
73050,1,0,True,passed,73050,73050,73050,73050,0,256,256,72794,253.81609208323061,287.80681083075564,540.0
73100,1,0,True,passed,73100,73100,73100,73100,0,256,256,72844,253.9836242911406,287.81383132089536,540.0
73150,1,0,True,passed,73150,73150,73150,73150,0,256,256,72894,254.16761383321136,287.80220617722813,540.0
73200,1,0,True,passed,73200,73200,73200,73200,0,256,256,72944,254.3219576664269,287.8241449211019,540.0
73250,1,0,True,passed,73250,73250,73250,73250,0,256,256,72994,254.45980191603303,287.86472145479047,540.0
73300,1,0,True,passed,73300,73300,73300,73300,0,256,256,73044,254.6294607501477,287.8692818342996,540.0
73350,1,0,True,passed,73350,73350,73350,73350,0,256,256,73094,254.7937909583561,287.87985658562786,540.0
73400,1,0,True,passed,73400,73400,73400,73400,0,256,256,73144,254.92749929102138,287.92499908457376,540.0
73450,1,0,True,passed,73450,73450,73450,73450,0,256,256,73194,255.09387704124674,287.93321443824266,540.0
73500,1,0,True,passed,73500,73500,73500,73500,0,256,256,73244,255.2304488751106,287.9750449992941,540.0
73550,1,0,True,passed,73550,73550,73550,73550,0,256,256,73294,255.35833233315498,288.02663037461605,540.0
73600,1,0,True,passed,73600,73600,73600,73600,0,256,256,73344,255.52039670804515,288.03962794443595,540.0
73650,1,0,True,passed,73650,73650,73650,73650,0,256,256,73394,255.67797208297998,288.05766644651334,540.0
73700,1,0,True,passed,73700,73700,73700,73700,0,256,256,73444,255.8151458753273,288.0986571292305,540.0
73750,1,0,True,passed,73750,73750,73750,73750,0,256,256,73494,255.94142562523484,288.15186842003953,540.0
73800,1,0,True,passed,73800,73800,73800,73800,0,256,256,73544,256.1174316252582,288.14907104012156,540.0
73850,1,0,True,passed,73850,73850,73850,73850,0,256,256,73594,256.2602164163254,288.18363237476484,540.0
73900,1,0,True,passed,73900,73900,73900,73900,0,256,256,73644,256.50623408332467,288.10215963793684,540.0
73950,1,0,True,passed,73950,73950,73950,73950,0,256,256,73694,256.64311516610906,288.14332288686876,540.0
74000,1,0,True,passed,74000,74000,74000,74000,0,256,256,73744,256.8117953753099,288.14875847838266,540.0
74050,1,0,True,passed,74050,74050,74050,74050,0,256,256,73794,256.9494433333166,288.1889878389105,540.0
74100,1,0,True,passed,74100,74100,74100,74100,0,256,256,73844,257.1324532912113,288.178326195485,540.0
74150,1,0,True,passed,74150,74150,74150,74150,0,256,256,73894,257.27689175028354,288.210882429235,540.0
74200,1,0,True,passed,74200,74200,74200,74200,0,256,256,73944,257.4551076660864,288.2055853257173,540.0
74250,1,0,True,passed,74250,74250,74250,74250,0,256,256,73994,257.62660279124975,288.20781392736626,540.0
74300,1,0,True,passed,74300,74300,74300,74300,0,256,256,74044,257.76636912534013,288.2455157052364,540.0
74350,1,0,True,passed,74350,74350,74350,74350,0,256,256,74094,257.9410272911191,288.24418038812655,540.0
74400,1,0,True,passed,74400,74400,74400,74400,0,256,256,74144,258.10093700001016,288.2593177102533,540.0
74450,1,0,True,passed,74450,74450,74450,74450,0,256,256,74194,258.26856395835057,288.2658224405743,540.0
74500,1,0,True,passed,74500,74500,74500,74500,0,256,256,74244,258.4041146254167,288.3081026321713,540.0
74550,1,0,True,passed,74550,74550,74550,74550,0,256,256,74294,258.5381567501463,288.3520209825191,540.0
74600,1,0,True,passed,74600,74600,74600,74600,0,256,256,74344,258.715220333077,288.3479367930419,540.0
74650,1,0,True,passed,74650,74650,74650,74650,0,256,256,74394,258.84735491639003,288.39390699631684,540.0
74700,1,0,True,passed,74700,74700,74700,74700,0,256,256,74444,259.01441445806995,288.40093767095215,540.0
74750,1,0,True,passed,74750,74750,74750,74750,0,256,256,74494,259.15853012539446,288.433492672736,540.0
74800,1,0,True,passed,74800,74800,74800,74800,0,256,256,74544,259.34585500042886,288.4179506160849,540.0
74850,1,0,True,passed,74850,74850,74850,74850,0,256,256,74594,259.4837998752482,288.4573142369025,540.0
74900,1,0,True,passed,74900,74900,74900,74900,0,256,256,74644,259.621206083335,288.497234605551,540.0
74950,1,0,True,passed,74950,74950,74950,74950,0,256,256,74694,259.84914204105735,288.43658828843684,540.0
75000,1,0,True,passed,75000,75000,75000,75000,0,256,256,74744,259.9823161661625,288.48115943418725,540.0
75050,1,0,True,passed,75050,75050,75050,75050,0,256,256,74794,260.14044808316976,288.4980038782961,540.0
75100,1,0,True,passed,75100,75100,75100,75100,0,256,256,74844,260.2734384164214,288.542697468209,540.0
75150,1,0,True,passed,75150,75150,75150,75150,0,256,256,74894,260.4432339160703,288.54656298814666,540.0
75200,1,0,True,passed,75200,75200,75200,75200,0,256,256,74944,260.63117512501776,288.5303339630364,540.0
75250,1,0,True,passed,75250,75250,75250,75250,0,256,256,74994,260.7999648330733,288.53531498044583,540.0
75300,1,0,True,passed,75300,75300,75300,75300,0,256,256,75044,260.95611066604033,288.55426994145193,540.0
75350,1,0,True,passed,75350,75350,75350,75350,0,256,256,75094,261.1303651253693,288.55319052544615,540.0
75400,1,0,True,passed,75400,75400,75400,75400,0,256,256,75144,261.26480720797554,288.596083053693,540.0
75450,1,0,True,passed,75450,75450,75450,75450,0,256,256,75194,261.44072425039485,288.5931417774752,540.0
75500,1,0,True,passed,75500,75500,75500,75500,0,256,256,75244,261.60763475019485,288.60013994657993,540.0
75550,1,0,True,passed,75550,75550,75550,75550,0,256,256,75294,261.73346070805565,288.6524321178424,540.0
75600,1,0,True,passed,75600,75600,75600,75600,0,256,256,75344,261.9215939580463,288.63599544262604,540.0
75650,1,0,True,passed,75650,75650,75650,75650,0,256,256,75394,262.0580782503821,288.6764663202658,540.0
75700,1,0,True,passed,75700,75700,75700,75700,0,256,256,75444,262.21958933304995,288.6893393149664,540.0
75750,1,0,True,passed,75750,75750,75750,75750,0,256,256,75494,262.35156066622585,288.7347031884906,540.0
75800,1,0,True,passed,75800,75800,75800,75800,0,256,256,75544,262.51204412523657,288.7486562857973,540.0
75850,1,0,True,passed,75850,75850,75850,75850,0,256,256,75594,262.6773466253653,288.7572947361102,540.0
75900,1,0,True,passed,75900,75900,75900,75900,0,256,256,75644,262.85053191613406,288.75726233727727,540.0
75950,1,0,True,passed,75950,75950,75950,75950,0,256,256,75694,263.0390180000104,288.7404331778527,540.0
76000,1,0,True,passed,76000,76000,76000,76000,0,256,256,75744,263.22434458322823,288.72709369011176,540.0
76050,1,0,True,passed,76050,76050,76050,76050,0,256,256,75794,263.37979287514463,288.7465251977457,540.0
76100,1,0,True,passed,76100,76100,76100,76100,0,256,256,75844,263.5722321663052,288.7254069767997,540.0
76150,1,0,True,passed,76150,76150,76150,76150,0,256,256,75894,263.7565325833857,288.71322827208246,540.0
76200,1,0,True,passed,76200,76200,76200,76200,0,256,256,75944,263.99889562511817,288.6375710760737,540.0
76250,1,0,True,passed,76250,76250,76250,76250,0,256,256,75994,264.14479029132053,288.66743847533485,540.0
76300,1,0,True,passed,76300,76300,76300,76300,0,256,256,76044,264.34621416637674,288.63662844809113,540.0
76350,1,0,True,passed,76350,76350,76350,76350,0,256,256,76094,264.54388975026086,288.6099545601949,540.0
76400,1,0,True,passed,76400,76400,76400,76400,0,256,256,76144,264.6875679581426,288.6421927156088,540.0
76450,1,0,True,passed,76450,76450,76450,76450,0,256,256,76194,264.8552331663668,288.6482516733151,540.0
76500,1,0,True,passed,76500,76500,76500,76500,0,256,256,76244,265.0726484162733,288.6001270107034,540.0
76550,1,0,True,passed,76550,76550,76550,76550,0,256,256,76294,265.2682910831645,288.5757648885397,540.0
76600,1,0,True,passed,76600,76600,76600,76600,0,256,256,76344,265.43465620838106,288.58326600677464,540.0
76650,1,0,True,passed,76650,76650,76650,76650,0,256,256,76394,265.56581262499094,288.6290190832602,540.0
76700,1,0,True,passed,76700,76700,76700,76700,0,256,256,76444,265.7340330001898,288.63446331673,540.0
76750,1,0,True,passed,76750,76750,76750,76750,0,256,256,76494,265.8669682503678,288.6782081470319,540.0
76800,1,0,True,passed,76800,76800,76800,76800,0,256,256,76544,266.05394725035876,288.6632609428291,540.0
76850,1,0,True,passed,76850,76850,76850,76850,0,256,256,76594,266.20211408333853,288.69041955069133,540.0
76900,1,0,True,passed,76900,76900,76900,76900,0,256,256,76644,266.41674616606906,288.6455191223787,540.0
76950,1,0,True,passed,76950,76950,76950,76950,0,256,256,76694,266.5688889999874,288.66834493954633,540.0
77000,1,0,True,passed,77000,77000,77000,77000,0,256,256,76744,266.74291525036097,288.6674606811166,540.0
77050,1,0,True,passed,77050,77050,77050,77050,0,256,256,76794,266.88425108324736,288.701936091262,540.0
77100,1,0,True,passed,77100,77100,77100,77100,0,256,256,76844,267.0984675004147,288.65759029441193,540.0
77150,1,0,True,passed,77150,77150,77150,77150,0,256,256,76894,267.2749417084269,288.6540709984094,540.0
77200,1,0,True,passed,77200,77200,77200,77200,0,256,256,76944,267.44106529140845,288.6617278310701,540.0
77250,1,0,True,passed,77250,77250,77250,77250,0,256,256,76994,267.5878098332323,288.6902809516779,540.0
77300,1,0,True,passed,77300,77300,77300,77300,0,256,256,77044,267.75428162515163,288.6975309258277,540.0
77350,1,0,True,passed,77350,77350,77350,77350,0,256,256,77094,267.9115702500567,288.7146677831232,540.0
77400,1,0,True,passed,77400,77400,77400,77400,0,256,256,77144,268.08300258312374,288.7165514195582,540.0
77450,1,0,True,passed,77450,77450,77450,77450,0,256,256,77194,268.2251780834049,288.74992479608625,540.0
77500,1,0,True,passed,77500,77500,77500,77500,0,256,256,77244,268.3898502914235,288.7590567074307,540.0
77550,1,0,True,passed,77550,77550,77550,77550,0,256,256,77294,268.5215135002509,288.8036753149298,540.0
77600,1,0,True,passed,77600,77600,77600,77600,0,256,256,77344,268.79811062524095,288.6925053881429,540.0
77650,1,0,True,passed,77650,77650,77650,77650,0,256,256,77394,268.9310976252891,288.73566755821,540.0
77700,1,0,True,passed,77700,77700,77700,77700,0,256,256,77444,269.0742886662483,288.7678357718405,540.0
77750,1,0,True,passed,77750,77750,77750,77750,0,256,256,77494,270.585545625072,287.3398127028254,540.0
77800,1,0,True,passed,77800,77800,77800,77800,0,256,256,77544,270.7153472499922,287.3867358844475,540.0
77850,1,0,True,passed,77850,77850,77850,77850,0,256,256,77594,270.8766572084278,287.4001798541755,540.0
77900,1,0,True,passed,77900,77900,77900,77900,0,256,256,77644,271.0049628750421,287.4486104371416,540.0
77950,1,0,True,passed,77950,77950,77950,77950,0,256,256,77694,271.1877751662396,287.4392105330567,540.0
78000,1,0,True,passed,78000,78000,78000,78000,0,256,256,77744,271.3336450830102,287.4689571805116,540.0
78050,1,0,True,passed,78050,78050,78050,78050,0,256,256,77794,271.50222287513316,287.4746260766198,540.0
78100,1,0,True,passed,78100,78100,78100,78100,0,256,256,77844,271.63684400031343,287.51622515504516,540.0
78150,1,0,True,passed,78150,78150,78150,78150,0,256,256,77894,271.80560983298346,287.5216594978333,540.0
78200,1,0,True,passed,78200,78200,78200,78200,0,256,256,77944,271.93617329141125,287.56747972694166,540.0
78250,1,0,True,passed,78250,78250,78250,78250,0,256,256,77994,272.09928175015375,287.5788553967978,540.0
78300,1,0,True,passed,78300,78300,78300,78300,0,256,256,78044,272.23092733323574,287.62345545020895,540.0
78350,1,0,True,passed,78350,78350,78350,78350,0,256,256,78094,272.3961733332835,287.6325281711532,540.0
78400,1,0,True,passed,78400,78400,78400,78400,0,256,256,78144,272.5250071664341,287.68002179014803,540.0
78450,1,0,True,passed,78450,78450,78450,78450,0,256,256,78194,272.71959970798343,287.6580930890223,540.0
78500,1,0,True,passed,78500,78500,78500,78500,0,256,256,78244,272.87189679127187,287.68077960057235,540.0
78550,1,0,True,passed,78550,78550,78550,78550,0,256,256,78294,273.0648159580305,287.6606410255101,540.0
78600,1,0,True,passed,78600,78600,78600,78600,0,256,256,78344,273.2074696663767,287.6934517785375,540.0
78650,1,0,True,passed,78650,78650,78650,78650,0,256,256,78394,273.370180208236,287.705118166471,540.0
78700,1,0,True,passed,78700,78700,78700,78700,0,256,256,78444,273.51928662508726,287.73108094521336,540.0
78750,1,0,True,passed,78750,78750,78750,78750,0,256,256,78494,273.67755866609514,287.7473782791239,540.0
78800,1,0,True,passed,78800,78800,78800,78800,0,256,256,78544,273.8066332503222,287.79434254231046,540.0
78850,1,0,True,passed,78850,78850,78850,78850,0,256,256,78594,273.9925257503055,287.7815728150828,540.0
78900,1,0,True,passed,78900,78900,78900,78900,0,256,256,78644,274.12478633318096,287.8251217462041,540.0
78950,1,0,True,passed,78950,78950,78950,78950,0,256,256,78694,274.28733479138464,287.83684109967083,540.0
79000,1,0,True,passed,79000,79000,79000,79000,0,256,256,78744,274.4650870002806,287.83260145549673,540.0
79050,1,0,True,passed,79050,79050,79050,79050,0,256,256,78794,274.64403029112145,287.82711903916993,540.0
79100,1,0,True,passed,79100,79100,79100,79100,0,256,256,78844,274.7722376664169,287.8747892137129,540.0
79150,1,0,True,passed,79150,79150,79150,79150,0,256,256,78894,274.94007191620767,287.88091691531315,540.0
79200,1,0,True,passed,79200,79200,79200,79200,0,256,256,78944,275.07577075017616,287.92066921782595,540.0
79250,1,0,True,passed,79250,79250,79250,79250,0,256,256,78994,275.23260620841756,287.93826825877096,540.0
79300,1,0,True,passed,79300,79300,79300,79300,0,256,256,79044,275.36253208341077,287.9839875091613,540.0
79350,1,0,True,passed,79350,79350,79350,79350,0,256,256,79094,275.5258824164048,287.99472232549687,540.0
79400,1,0,True,passed,79400,79400,79400,79400,0,256,256,79144,275.7068030834198,287.98709031483776,540.0
79450,1,0,True,passed,79450,79450,79450,79450,0,256,256,79194,275.9136133752763,287.95244652150694,540.0
79500,1,0,True,passed,79500,79500,79500,79500,0,256,256,79244,276.04213316598907,287.9995132923974,540.0
79550,1,0,True,passed,79550,79550,79550,79550,0,256,256,79294,276.19467829121277,288.0214799653904,540.0
79600,1,0,True,passed,79600,79600,79600,79600,0,256,256,79344,276.3250008332543,288.066587387921,540.0
79650,1,0,True,passed,79650,79650,79650,79650,0,256,256,79394,276.48198562534526,288.0838685379379,540.0
79700,1,0,True,passed,79700,79700,79700,79700,0,256,256,79444,276.6134966253303,288.12766178200155,540.0
79750,1,0,True,passed,79750,79750,79750,79750,0,256,256,79494,276.7739829160273,288.14124492400714,540.0
79800,1,0,True,passed,79800,79800,79800,79800,0,256,256,79544,276.90538050001487,288.1850827741345,540.0
79850,1,0,True,passed,79850,79850,79850,79850,0,256,256,79594,277.12436958309263,288.13777770654656,540.0
79900,1,0,True,passed,79900,79900,79900,79900,0,256,256,79644,277.26583508308977,288.1710975174995,540.0
79950,1,0,True,passed,79950,79950,79950,79950,0,256,256,79694,277.44334325008094,288.16694271138067,540.0
80000,1,0,True,passed,80000,80000,80000,80000,0,256,256,79744,277.57089841598645,288.2146523880418,540.0
80050,1,0,True,passed,80050,80050,80050,80050,0,256,256,79794,277.73973954143,288.219468096891,540.0
80100,1,0,True,passed,80100,80100,80100,80100,0,256,256,79844,277.8682921254076,288.2660680256718,540.0
80150,1,0,True,passed,80150,80150,80150,80150,0,256,256,79894,278.0287027913146,288.2795883853753,540.0
80200,1,0,True,passed,80200,80200,80200,80200,0,256,256,79944,278.1592058329843,288.3240903705867,540.0
80250,1,0,True,passed,80250,80250,80250,80250,0,256,256,79994,278.3254277501255,288.33154285869523,540.0
80300,1,0,True,passed,80300,80300,80300,80300,0,256,256,80044,278.4575473330915,288.3742989517356,540.0
80350,1,0,True,passed,80350,80350,80350,80350,0,256,256,80094,278.6186561663635,288.38700575751443,540.0
80400,1,0,True,passed,80400,80400,80400,80400,0,256,256,80144,278.82054104143754,288.35752093333457,540.0
80450,1,0,True,passed,80450,80450,80450,80450,0,256,256,80194,278.9883001251146,288.3633470074606,540.0
80500,1,0,True,passed,80500,80500,80500,80500,0,256,256,80244,279.11824679141864,288.40823172752505,540.0
80550,1,0,True,passed,80550,80550,80550,80550,0,256,256,80294,279.27546566631645,288.42490624021605,540.0
80600,1,0,True,passed,80600,80600,80600,80600,0,256,256,80344,279.4029492503032,288.4722592093846,540.0
80650,1,0,True,passed,80650,80650,80650,80650,0,256,256,80394,279.5647725830786,288.4841292943414,540.0
80700,1,0,True,passed,80700,80700,80700,80700,0,256,256,80444,279.70828191610053,288.5148750232796,540.0
80750,1,0,True,passed,80750,80750,80750,80750,0,256,256,80494,279.9400071250275,288.4546615158699,540.0
80800,1,0,True,passed,80800,80800,80800,80800,0,256,256,80544,280.09187620831653,288.47677088608424,540.0
80850,1,0,True,passed,80850,80850,80850,80850,0,256,256,80594,280.2789409160614,288.4626284648804,540.0
80900,1,0,True,passed,80900,80900,80900,80900,0,256,256,80644,280.4327358752489,288.482725625829,540.0
80950,1,0,True,passed,80950,80950,80950,80950,0,256,256,80694,280.61753004137427,288.47093047987676,540.0
81000,1,0,True,passed,81000,81000,81000,81000,0,256,256,80744,280.7506345831789,288.5122597149531,540.0
81050,1,0,True,passed,81050,81050,81050,81050,0,256,256,80794,280.9189170412719,288.5174158210653,540.0
81100,1,0,True,passed,81100,81100,81100,81100,0,256,256,80844,281.05062558315694,288.56011201442504,540.0
81150,1,0,True,passed,81150,81150,81150,81150,0,256,256,80894,281.21706254128367,288.5671277079316,540.0
81200,1,0,True,passed,81200,81200,81200,81200,0,256,256,80944,281.3493455410935,288.6091661021477,540.0
81250,1,0,True,passed,81250,81250,81250,81250,0,256,256,80994,281.5363862500526,288.59502347890503,540.0
81300,1,0,True,passed,81300,81300,81300,81300,0,256,256,81044,281.665646166075,288.640099020326,540.0
81350,1,0,True,passed,81350,81350,81350,81350,0,256,256,81094,281.89038650039583,288.58735131034973,540.0
81400,1,0,True,passed,81400,81400,81400,81400,0,256,256,81144,282.02574179135263,288.6261356249568,540.0
81450,1,0,True,passed,81450,81450,81450,81450,0,256,256,81194,282.1896130833775,288.63571238511275,540.0
81500,1,0,True,passed,81500,81500,81500,81500,0,256,256,81244,282.3362984582782,288.6628479761115,540.0
81550,1,0,True,passed,81550,81550,81550,81550,0,256,256,81294,282.5284620411694,288.64348537074727,540.0
81600,1,0,True,passed,81600,81600,81600,81600,0,256,256,81344,282.67389250034466,288.67186593788637,540.0
81650,1,0,True,passed,81650,81650,81650,81650,0,256,256,81394,282.8410060000606,288.6780851005123,540.0
81700,1,0,True,passed,81700,81700,81700,81700,0,256,256,81444,282.9760837503709,288.7169788951923,540.0
81750,1,0,True,passed,81750,81750,81750,81750,0,256,256,81494,283.2239262503572,288.6408683132819,540.0
81800,1,0,True,passed,81800,81800,81800,81800,0,256,256,81544,283.36269625043496,288.6759657584054,540.0
81850,1,0,True,passed,81850,81850,81850,81850,0,256,256,81594,283.52919929102063,288.68278894967483,540.0
81900,1,0,True,passed,81900,81900,81900,81900,0,256,256,81644,283.6744519160129,288.71123023883735,540.0
81950,1,0,True,passed,81950,81950,81950,81950,0,256,256,81694,283.8408548333682,288.7181270931192,540.0
82000,1,0,True,passed,82000,82000,82000,82000,0,256,256,81744,283.9822133751586,288.75047850857044,540.0
82050,1,0,True,passed,82050,82050,82050,82050,0,256,256,81794,284.16288729105145,288.742843170653,540.0
82100,1,0,True,passed,82100,82100,82100,82100,0,256,256,81844,284.3019781662151,288.77744899826484,540.0
82150,1,0,True,passed,82150,82150,82150,82150,0,256,256,81894,284.50785825029016,288.7442213554965,540.0
82200,1,0,True,passed,82200,82200,82200,82200,0,256,256,81944,284.69929950032383,288.72568406128624,540.0
82250,1,0,True,passed,82250,82250,82250,82250,0,256,256,81994,285.0146670830436,288.5816398214873,540.0
82300,1,0,True,passed,82300,82300,82300,82300,0,256,256,82044,285.2496485002339,288.51919864831143,540.0
82350,1,0,True,passed,82350,82350,82350,82350,0,256,256,82094,285.540453041438,288.4004669840923,540.0
82400,1,0,True,passed,82400,82400,82400,82400,0,256,256,82144,285.81250112503767,288.3008954319725,540.0
82450,1,0,True,passed,82450,82450,82450,82450,0,256,256,82194,285.9546994161792,288.33238330523835,540.0
82500,1,0,True,passed,82500,82500,82500,82500,0,256,256,82244,286.1238335003145,288.3366932098277,540.0
82550,1,0,True,passed,82550,82550,82550,82550,0,256,256,82294,286.26586545817554,288.36829661083306,540.0
82600,1,0,True,passed,82600,82600,82600,82600,0,256,256,82344,286.4318328751251,288.3757687505735,540.0
82650,1,0,True,passed,82650,82650,82650,82650,0,256,256,82394,286.5677742501721,288.41344849838913,540.0
82700,1,0,True,passed,82700,82700,82700,82700,0,256,256,82444,286.7287845830433,288.4258729735178,540.0
82750,1,0,True,passed,82750,82750,82750,82750,0,256,256,82494,286.86038341606036,288.46785678306776,540.0
82800,1,0,True,passed,82800,82800,82800,82800,0,256,256,82544,287.01664862502366,288.48500739124387,540.0
82850,1,0,True,passed,82850,82850,82850,82850,0,256,256,82594,287.1525208330713,288.5226281825424,540.0
82900,1,0,True,passed,82900,82900,82900,82900,0,256,256,82644,287.3185332911089,288.5299428840059,540.0
82950,1,0,True,passed,82950,82950,82950,82950,0,256,256,82694,287.45695862499997,288.5649399366667,540.0
83000,1,0,True,passed,83000,83000,83000,83000,0,256,256,82744,287.6170585830696,288.57815460910126,540.0
83050,1,0,True,passed,83050,83050,83050,83050,0,256,256,82794,287.74661966599524,288.621983105835,540.0
83100,1,0,True,passed,83100,83100,83100,83100,0,256,256,82844,287.9144312501885,288.62742183210935,540.0
83150,1,0,True,passed,83150,83150,83150,83150,0,256,256,82894,288.04336183331907,288.6718147947325,540.0
83200,1,0,True,passed,83200,83200,83200,83200,0,256,256,82944,288.203575166408,288.6848296450193,540.0
83250,1,0,True,passed,83250,83250,83250,83250,0,256,256,82994,288.33374300040305,288.7279134717286,540.0
83300,1,0,True,passed,83300,83300,83300,83300,0,256,256,83044,288.50010550022125,288.7347297692275,540.0
83350,1,0,True,passed,83350,83350,83350,83350,0,256,256,83094,288.7176773753017,288.69032460265333,540.0
83400,1,0,True,passed,83400,83400,83400,83400,0,256,256,83144,288.8822387913242,288.6989534176398,540.0
83450,1,0,True,passed,83450,83450,83450,83450,0,256,256,83194,289.0124505003914,288.74188587902023,540.0
83500,1,0,True,passed,83500,83500,83500,83500,0,256,256,83244,289.1696208752692,288.7578568843406,540.0
83550,1,0,True,passed,83550,83550,83550,83550,0,256,256,83294,289.3001961661503,288.80035723175155,540.0
83600,1,0,True,passed,83600,83600,83600,83600,0,256,256,83344,289.48494458338246,288.7887662700886,540.0
83650,1,0,True,passed,83650,83650,83650,83650,0,256,256,83394,289.7442926252261,288.70283946610226,540.0
83700,1,0,True,passed,83700,83700,83700,83700,0,256,256,83444,289.96104487543926,288.65946470828743,540.0
83750,1,0,True,passed,83750,83750,83750,83750,0,256,256,83494,290.1668009161949,288.6270921951144,540.0
83800,1,0,True,passed,83800,83800,83800,83800,0,256,256,83544,290.3347050412558,288.632390633742,540.0
83850,1,0,True,passed,83850,83850,83850,83850,0,256,256,83594,290.4745313334279,288.66558322716025,540.0
83900,1,0,True,passed,83900,83900,83900,83900,0,256,256,83644,290.64431804139167,288.6689840193315,540.0
83950,1,0,True,passed,83950,83950,83950,83950,0,256,256,83694,290.77301362529397,288.7131751097871,540.0
84000,1,0,True,passed,84000,84000,84000,84000,0,256,256,83744,290.93538529099897,288.7239031305238,540.0
84050,1,0,True,passed,84050,84050,84050,84050,0,256,256,83794,291.06447879131883,288.76763096970126,540.0
84100,1,0,True,passed,84100,84100,84100,84100,0,256,256,83844,291.2275759582408,288.7775984924557,540.0
84150,1,0,True,passed,84150,84150,84150,84150,0,256,256,83894,291.35621304111555,288.82171113380355,540.0
84200,1,0,True,passed,84200,84200,84200,84200,0,256,256,83944,291.50463866628706,288.8461754339069,540.0
84250,1,0,True,passed,84250,84250,84250,84250,0,256,256,83994,291.63565304130316,288.8878610053484,540.0
84300,1,0,True,passed,84300,84300,84300,84300,0,256,256,84044,291.792676333338,288.90375543112464,540.0
84350,1,0,True,passed,84350,84350,84350,84350,0,256,256,84094,291.9650806253776,288.90441219657384,540.0
84400,1,0,True,passed,84400,84400,84400,84400,0,256,256,84144,292.11978541640565,288.9225729085451,540.0
84450,1,0,True,passed,84450,84450,84450,84450,0,256,256,84194,292.24645408336073,288.96843338914005,540.0
84500,1,0,True,passed,84500,84500,84500,84500,0,256,256,84244,292.4065821659751,288.9811828929224,540.0
84550,1,0,True,passed,84550,84550,84550,84550,0,256,256,84294,292.53461366612464,289.02562654174847,540.0
84600,1,0,True,passed,84600,84600,84600,84600,0,256,256,84344,292.6947129582986,289.03836063500506,540.0
84650,1,0,True,passed,84650,84650,84650,84650,0,256,256,84394,292.82464083330706,289.0808634106299,540.0
84700,1,0,True,passed,84700,84700,84700,84700,0,256,256,84444,292.98731358302757,289.0910154579013,540.0
84750,1,0,True,passed,84750,84750,84750,84750,0,256,256,84494,293.1143252910115,289.1363290274469,540.0
84800,1,0,True,passed,84800,84800,84800,84800,0,256,256,84544,293.2631308333948,289.1601128277375,540.0
84850,1,0,True,passed,84850,84850,84850,84850,0,256,256,84594,293.3928020000458,289.20273238328036,540.0
84900,1,0,True,passed,84900,84900,84900,84900,0,256,256,84644,293.55492487503216,289.2133389897729,540.0
84950,1,0,True,passed,84950,84950,84950,84950,0,256,256,84694,293.68571891635656,289.2547867613347,540.0
85000,1,0,True,passed,85000,85000,85000,85000,0,256,256,84744,293.84962275018916,289.2636009005912,540.0
85050,1,0,True,passed,85050,85050,85050,85050,0,256,256,84794,293.98115000035614,289.30426321516524,540.0
85100,1,0,True,passed,85100,85100,85100,85100,0,256,256,84844,294.13640325004235,289.32154966094885,540.0
85150,1,0,True,passed,85150,85150,85150,85150,0,256,256,84894,294.26432154141366,289.3656952836408,540.0
85200,1,0,True,passed,85200,85200,85200,85200,0,256,256,84944,294.43054658314213,289.37214901355685,540.0
85250,1,0,True,passed,85250,85250,85250,85250,0,256,256,84994,294.5590273751877,289.4156758991969,540.0
85300,1,0,True,passed,85300,85300,85300,85300,0,256,256,85044,294.7573372502811,289.39059090349633,540.0
85350,1,0,True,passed,85350,85350,85350,85350,0,256,256,85094,294.88779945811257,289.4321167469106,540.0
85400,1,0,True,passed,85400,85400,85400,85400,0,256,256,85144,295.1246184161864,289.36928562011195,540.0
85450,1,0,True,passed,85450,85450,85450,85450,0,256,256,85194,295.26806587539613,289.39804156152843,540.0
85500,1,0,True,passed,85500,85500,85500,85500,0,256,256,85244,295.4440259160474,289.39491917259295,540.0
85550,1,0,True,passed,85550,85550,85550,85550,0,256,256,85294,295.57886654138565,289.4320592031287,540.0
85600,1,0,True,passed,85600,85600,85600,85600,0,256,256,85344,295.7407710412517,289.4426754167757,540.0
85650,1,0,True,passed,85650,85650,85650,85650,0,256,256,85394,295.8710880000144,289.48418238146957,540.0
85700,1,0,True,passed,85700,85700,85700,85700,0,256,256,85444,296.0279289581813,289.49971140090133,540.0
85750,1,0,True,passed,85750,85750,85750,85750,0,256,256,85494,296.1596590001136,289.5397715188722,540.0
85800,1,0,True,passed,85800,85800,85800,85800,0,256,256,85544,296.32200275035575,289.5498788602764,540.0
85850,1,0,True,passed,85850,85850,85850,85850,0,256,256,85594,296.4530318751931,289.59056163791536,540.0
85900,1,0,True,passed,85900,85900,85900,85900,0,256,256,85644,296.6135487081483,289.60241490695006,540.0
85950,1,0,True,passed,85950,85950,85950,85950,0,256,256,85694,296.7436682912521,289.6439222947146,540.0
86000,1,0,True,passed,86000,86000,86000,86000,0,256,256,85744,296.90776358311996,289.65224405768737,540.0
86050,1,0,True,passed,86050,86050,86050,86050,0,256,256,85794,297.03486250014976,289.69663451527214,540.0
86100,1,0,True,passed,86100,86100,86100,86100,0,256,256,85844,297.1920782914385,289.71162520545676,540.0
86150,1,0,True,passed,86150,86150,86150,86150,0,256,256,85894,297.3791017080657,289.69755946257663,540.0
86200,1,0,True,passed,86200,86200,86200,86200,0,256,256,85944,297.5345479580574,289.7142553413709,540.0
86250,1,0,True,passed,86250,86250,86250,86250,0,256,256,85994,297.7644798750989,289.658457705159,540.0
86300,1,0,True,passed,86300,86300,86300,86300,0,256,256,86044,297.92415900016204,289.67103671492805,540.0
86350,1,0,True,passed,86350,86350,86350,86350,0,256,256,86094,298.06526533327997,289.7016527687258,540.0
86400,1,0,True,passed,86400,86400,86400,86400,0,256,256,86144,298.20657300017774,289.73204423615607,540.0
86450,1,0,True,passed,86450,86450,86450,86450,0,256,256,86194,298.3723997082561,289.738595408052,540.0
86500,1,0,True,passed,86500,86500,86500,86500,0,256,256,86244,298.51622000010684,289.7664991201116,540.0
86550,1,0,True,passed,86550,86550,86550,86550,0,256,256,86294,298.6633103331551,289.7912030220739,540.0
86600,1,0,True,passed,86600,86600,86600,86600,0,256,256,86344,298.7944565829821,289.8313475770565,540.0
86650,1,0,True,passed,86650,86650,86650,86650,0,256,256,86394,298.9839897910133,289.814849485979,540.0
86700,1,0,True,passed,86700,86700,86700,86700,0,256,256,86444,299.1675114161335,289.80419561468614,540.0
86750,1,0,True,passed,86750,86750,86750,86750,0,256,256,86494,299.3287505414337,289.81512749137636,540.0
86800,1,0,True,passed,86800,86800,86800,86800,0,256,256,86544,299.4673271663487,289.8479804836411,540.0
86850,1,0,True,passed,86850,86850,86850,86850,0,256,256,86594,299.6285806661472,289.8588639538703,540.0
86900,1,0,True,passed,86900,86900,86900,86900,0,256,256,86644,299.76199920801446,289.8966521093199,540.0
86950,1,0,True,passed,86950,86950,86950,86950,0,256,256,86694,299.94068104121834,289.89065337239526,540.0
87000,1,0,True,passed,87000,87000,87000,87000,0,256,256,86744,300.1034612082876,289.9000219781451,540.0
87050,1,0,True,passed,87050,87050,87050,87050,0,256,256,86794,300.2401195000857,289.93460349317223,540.0
87100,1,0,True,passed,87100,87100,87100,87100,0,256,256,86844,300.38884650031105,289.95750346512887,540.0
87150,1,0,True,passed,87150,87150,87150,87150,0,256,256,86894,300.55868908343837,289.9600083623143,540.0
87200,1,0,True,passed,87200,87200,87200,87200,0,256,256,86944,300.72048762533814,289.9702667037465,540.0
87250,1,0,True,passed,87250,87250,87250,87250,0,256,256,86994,300.89979129098356,289.9636441277068,540.0
87300,1,0,True,passed,87300,87300,87300,87300,0,256,256,87044,301.05322129139677,289.98194945570833,540.0
87350,1,0,True,passed,87350,87350,87350,87350,0,256,256,87094,301.18450083304197,290.02156405259853,540.0
87400,1,0,True,passed,87400,87400,87400,87400,0,256,256,87144,301.3509414582513,290.0273003199104,540.0
87450,1,0,True,passed,87450,87450,87450,87450,0,256,256,87194,301.50130929099396,290.0484916819968,540.0
87500,1,0,True,passed,87500,87500,87500,87500,0,256,256,87244,301.6853812499903,290.0372554926468,540.0
87550,1,0,True,passed,87550,87550,87550,87550,0,256,256,87294,301.83483612537384,290.059295752178,540.0
87600,1,0,True,passed,87600,87600,87600,87600,0,256,256,87344,302.0258930004202,290.04135748016193,540.0
87650,1,0,True,passed,87650,87650,87650,87650,0,256,256,87394,302.1867145001888,290.05246026441455,540.0
87700,1,0,True,passed,87700,87700,87700,87700,0,256,256,87444,302.3189257080667,290.0910017280467,540.0
87750,1,0,True,passed,87750,87750,87750,87750,0,256,256,87494,302.5265545411967,290.0571823623192,540.0
87800,1,0,True,passed,87800,87800,87800,87800,0,256,256,87544,302.6515298751183,290.1026141722413,540.0
87850,1,0,True,passed,87850,87850,87850,87850,0,256,256,87594,302.81524783326313,290.1108865177495,540.0
87900,1,0,True,passed,87900,87900,87900,87900,0,256,256,87644,302.9428717913106,290.15371604634424,540.0
87950,1,0,True,passed,87950,87950,87950,87950,0,256,256,87694,303.10602454142645,290.1624939097164,540.0
88000,1,0,True,passed,88000,88000,88000,88000,0,256,256,87744,303.23515166621655,290.2038220716087,540.0
88050,1,0,True,passed,88050,88050,88050,88050,0,256,256,87794,303.39596658339724,290.21480078179246,540.0
88100,1,0,True,passed,88100,88100,88100,88100,0,256,256,87844,303.5275117503479,290.2537548967306,540.0
88150,1,0,True,passed,88150,88150,88150,88150,0,256,256,87894,303.69176950026304,290.2614059809864,540.0
88200,1,0,True,passed,88200,88200,88200,88200,0,256,256,87944,303.86881637526676,290.25683205043407,540.0
88250,1,0,True,passed,88250,88250,88250,88250,0,256,256,87994,304.064390250016,290.23457803604265,540.0
88300,1,0,True,passed,88300,88300,88300,88300,0,256,256,88044,304.217062916141,290.25327887127867,540.0
88350,1,0,True,passed,88350,88350,88350,88350,0,256,256,88094,304.399006083142,290.24404887796686,540.0
88400,1,0,True,passed,88400,88400,88400,88400,0,256,256,88144,304.5431244582869,290.27087758833346,540.0
88450,1,0,True,passed,88450,88450,88450,88450,0,256,256,88194,304.70911941630766,290.27683900446556,540.0
88500,1,0,True,passed,88500,88500,88500,88500,0,256,256,88244,304.83784133335575,290.31828729957687,540.0
88550,1,0,True,passed,88550,88550,88550,88550,0,256,256,88294,304.994510833174,290.3330940550439,540.0
88600,1,0,True,passed,88600,88600,88600,88600,0,256,256,88344,305.12767754122615,290.37024996865176,540.0
88650,1,0,True,passed,88650,88650,88650,88650,0,256,256,88394,305.28919575037435,290.3804040038364,540.0
88700,1,0,True,passed,88700,88700,88700,88700,0,256,256,88444,305.4496873333119,290.3915233123452,540.0
88750,1,0,True,passed,88750,88750,88750,88750,0,256,256,88494,305.58575641643256,290.42584000236326,540.0
88800,1,0,True,passed,88800,88800,88800,88800,0,256,256,88544,305.7385823330842,290.4442066891565,540.0
88850,1,0,True,passed,88850,88850,88850,88850,0,256,256,88594,305.87335650017485,290.47969727284567,540.0
88900,1,0,True,passed,88900,88900,88900,88900,0,256,256,88644,306.0135756661184,290.5099873640767,540.0
88950,1,0,True,passed,88950,88950,88950,88950,0,256,256,88694,306.1668729162775,290.5278391249197,540.0
89000,1,0,True,passed,89000,89000,89000,89000,0,256,256,88744,306.32641883334145,290.53974625812776,540.0
89050,1,0,True,passed,89050,89050,89050,89050,0,256,256,88794,306.4593744580634,290.57685103441275,540.0
89100,1,0,True,passed,89100,89100,89100,89100,0,256,256,88844,306.6155144581571,290.59194919557535,540.0
89150,1,0,True,passed,89150,89150,89150,89150,0,256,256,88894,306.7864235411398,290.5930418007727,540.0
89200,1,0,True,passed,89200,89200,89200,89200,0,256,256,88944,306.95816266629845,290.5933473968941,540.0
89250,1,0,True,passed,89250,89250,89250,89250,0,256,256,88994,307.0882641253993,290.63305383612715,540.0
89300,1,0,True,passed,89300,89300,89300,89300,0,256,256,89044,307.25455670803785,290.63848867457295,540.0
89350,1,0,True,passed,89350,89350,89350,89350,0,256,256,89094,307.42870275024325,290.63649295163054,540.0
89400,1,0,True,passed,89400,89400,89400,89400,0,256,256,89144,307.58728708326817,290.6492035082002,540.0
89450,1,0,True,passed,89450,89450,89450,89450,0,256,256,89194,307.71729225013405,290.6888961160129,540.0
89500,1,0,True,passed,89500,89500,89500,89500,0,256,256,89244,307.87530795810744,290.7021046721235,540.0
89550,1,0,True,passed,89550,89550,89550,89550,0,256,256,89294,308.00646508298814,290.7406504466456,540.0
89600,1,0,True,passed,89600,89600,89600,89600,0,256,256,89344,308.16455475008115,290.75375028988924,540.0
89650,1,0,True,passed,89650,89650,89650,89650,0,256,256,89394,308.2961936662905,290.7917834919493,540.0
89700,1,0,True,passed,89700,89700,89700,89700,0,256,256,89444,308.4618668332696,290.7976954197869,540.0
89750,1,0,True,passed,89750,89750,89750,89750,0,256,256,89494,308.5998373753391,290.8297060793335,540.0
89800,1,0,True,passed,89800,89800,89800,89800,0,256,256,89544,308.77188133308664,290.8295911282431,540.0
89850,1,0,True,passed,89850,89850,89850,89850,0,256,256,89594,308.90365333342925,290.86739192111884,540.0
89900,1,0,True,passed,89900,89900,89900,89900,0,256,256,89644,309.0656753331423,290.8766879502121,540.0
89950,1,0,True,passed,89950,89950,89950,89950,0,256,256,89694,309.1960315410979,290.91576483588847,540.0
90000,1,0,True,passed,90000,90000,90000,90000,0,256,256,89744,309.3711321661249,290.912727925992,540.0
90050,1,0,True,passed,90050,90050,90050,90050,0,256,256,89794,309.5002086251043,290.9529541192556,540.0
90100,1,0,True,passed,90100,90100,90100,90100,0,256,256,89844,309.69590608309954,290.9305490651975,540.0
90150,1,0,True,passed,90150,90150,90150,90150,0,256,256,89894,309.8320349161513,290.96410261255573,540.0
90200,1,0,True,passed,90200,90200,90200,90200,0,256,256,89944,309.99470229120925,290.9727144797012,540.0
90250,1,0,True,passed,90250,90250,90250,90250,0,256,256,89994,310.1232164162211,291.01336250451527,540.0
90300,1,0,True,passed,90300,90300,90300,90300,0,256,256,90044,310.2831907081418,291.02446637187603,540.0
90350,1,0,True,passed,90350,90350,90350,90350,0,256,256,90094,310.4169648750685,291.060123071439,540.0
90400,1,0,True,passed,90400,90400,90400,90400,0,256,256,90144,310.5877727502957,291.06103952353334,540.0
90450,1,0,True,passed,90450,90450,90450,90450,0,256,256,90194,310.71563429106027,291.1021848204514,540.0
90500,1,0,True,passed,90500,90500,90500,90500,0,256,256,90244,310.8747535832226,291.11402247005793,540.0
90550,1,0,True,passed,90550,90550,90550,90550,0,256,256,90294,311.034527416341,291.12523536267287,540.0
90600,1,0,True,passed,90600,90600,90600,90600,0,256,256,90344,311.2322784163989,291.10091170809056,540.0
90650,1,0,True,passed,90650,90650,90650,90650,0,256,256,90394,311.3796008331701,291.12375941598094,540.0
90700,1,0,True,passed,90700,90700,90700,90700,0,256,256,90444,311.54142820835114,291.1330301129072,540.0
90750,1,0,True,passed,90750,90750,90750,90750,0,256,256,90494,311.72732833307236,291.11980808765037,540.0
90800,1,0,True,passed,90800,90800,90800,90800,0,256,256,90544,311.919992916286,291.1002887345191,540.0
90850,1,0,True,passed,90850,90850,90850,90850,0,256,256,90594,312.0653207502328,291.1249471155222,540.0
90900,1,0,True,passed,90900,90900,90900,90900,0,256,256,90644,312.2474680831656,291.1152508554184,540.0
90950,1,0,True,passed,90950,90950,90950,90950,0,256,256,90694,312.3800956662744,291.15171312696174,540.0
91000,1,0,True,passed,91000,91000,91000,91000,0,256,256,90744,312.5489328750409,291.154409528515,540.0
91050,1,0,True,passed,91050,91050,91050,91050,0,256,256,90794,312.7562224161811,291.12130622565456,540.0
91100,1,0,True,passed,91100,91100,91100,91100,0,256,256,90844,312.96695970837027,291.08504004668436,540.0
91150,1,0,True,passed,91150,91150,91150,91150,0,256,256,90894,313.148826375138,291.0756557995413,540.0
91200,1,0,True,passed,91200,91200,91200,91200,0,256,256,90944,313.31068933336064,291.0848659330731,540.0
91250,1,0,True,passed,91250,91250,91250,91250,0,256,256,90994,313.4680152502842,291.09827976274613,540.0
91300,1,0,True,passed,91300,91300,91300,91300,0,256,256,91044,313.6325928331353,291.10494918675477,540.0
91350,1,0,True,passed,91350,91350,91350,91350,0,256,256,91094,313.7820305409841,291.12565765001153,540.0
91400,1,0,True,passed,91400,91400,91400,91400,0,256,256,91144,313.9422800410539,291.13631967012446,540.0
91450,1,0,True,passed,91450,91450,91450,91450,0,256,256,91194,314.0923390830867,291.1564168262276,540.0
91500,1,0,True,passed,91500,91500,91500,91500,0,256,256,91244,314.22438300028443,291.19318853087594,540.0
91550,1,0,True,passed,91550,91550,91550,91550,0,256,256,91294,314.3913052910939,291.19762047883023,540.0
91600,1,0,True,passed,91600,91600,91600,91600,0,256,256,91344,314.55322208302096,291.20668163374825,540.0
91650,1,0,True,passed,91650,91650,91650,91650,0,256,256,91394,314.7465144582093,291.186703553373,540.0
91700,1,0,True,passed,91700,91700,91700,91700,0,256,256,91444,314.8938968330622,291.2092006934445,540.0
91750,1,0,True,passed,91750,91750,91750,91750,0,256,256,91494,315.0595197910443,291.2148157302182,540.0
91800,1,0,True,passed,91800,91800,91800,91800,0,256,256,91544,315.23712758300826,291.20935311094416,540.0
91850,1,0,True,passed,91850,91850,91850,91850,0,256,256,91594,315.36924758320674,291.245898907015,540.0
91900,1,0,True,passed,91900,91900,91900,91900,0,256,256,91644,315.5298571251333,291.25611388197143,540.0
91950,1,0,True,passed,91950,91950,91950,91950,0,256,256,91694,315.6651147082448,291.28971088549105,540.0
92000,1,0,True,passed,92000,92000,92000,92000,0,256,256,91744,315.79258575011045,291.33046230794173,540.0
92050,1,0,True,passed,92050,92050,92050,92050,0,256,256,91794,315.9999250830151,291.2975374149785,540.0
92100,1,0,True,passed,92100,92100,92100,92100,0,256,256,91844,316.18072195816785,291.2891065261887,540.0
92150,1,0,True,passed,92150,92150,92150,92150,0,256,256,91894,316.316692000255,291.32196412804456,540.0
92200,1,0,True,passed,92200,92200,92200,92200,0,256,256,91944,316.50228300038725,291.30911513800106,540.0
92250,1,0,True,passed,92250,92250,92250,92250,0,256,256,91994,316.6427898751572,291.3377564553781,540.0
92300,1,0,True,passed,92300,92300,92300,92300,0,256,256,92044,316.80808787513524,291.3435721261591,540.0
92350,1,0,True,passed,92350,92350,92350,92350,0,256,256,92094,316.94202887499705,291.3782066954053,540.0
92400,1,0,True,passed,92400,92400,92400,92400,0,256,256,92144,317.1135307503864,291.3782952791503,540.0
92450,1,0,True,passed,92450,92450,92450,92450,0,256,256,92194,317.27599700028077,291.3866818608348,540.0
92500,1,0,True,passed,92500,92500,92500,92500,0,256,256,92244,317.45438379142433,291.38044620853265,540.0
92550,1,0,True,passed,92550,92550,92550,92550,0,256,256,92294,317.6060893749818,291.39869510099595,540.0
92600,1,0,True,passed,92600,92600,92600,92600,0,256,256,92344,317.7704293751158,291.405339955938,540.0
92650,1,0,True,passed,92650,92650,92650,92650,0,256,256,92394,317.9063792913221,291.43800198830763,540.0
92700,1,0,True,passed,92700,92700,92700,92700,0,256,256,92444,318.06343812542036,291.4512920640884,540.0
92750,1,0,True,passed,92750,92750,92750,92750,0,256,256,92494,318.20028691599146,291.48308098316414,540.0
92800,1,0,True,passed,92800,92800,92800,92800,0,256,256,92544,318.39204758312553,291.4645661046916,540.0
92850,1,0,True,passed,92850,92850,92850,92850,0,256,256,92594,318.52612295839936,291.49885459198754,540.0
92900,1,0,True,passed,92900,92900,92900,92900,0,256,256,92644,318.67086895834655,291.5233523028519,540.0
92950,1,0,True,passed,92950,92950,92950,92950,0,256,256,92694,318.810715125408,291.552308596143,540.0
93000,1,0,True,passed,93000,93000,93000,93000,0,256,256,92744,318.9769038753584,291.55715937458643,540.0
93050,1,0,True,passed,93050,93050,93050,93050,0,256,256,92794,319.1798092913814,291.5284654332694,540.0
93100,1,0,True,passed,93100,93100,93100,93100,0,256,256,92844,319.32049933308735,291.55660283145863,540.0
93150,1,0,True,passed,93150,93150,93150,93150,0,256,256,92894,319.4763697911985,291.5708603452594,540.0
93200,1,0,True,passed,93200,93200,93200,93200,0,256,256,92944,319.60650145821273,291.60858610438976,540.0
93250,1,0,True,passed,93250,93250,93250,93250,0,256,256,92994,319.7804015004076,291.6063634996754,540.0
93300,1,0,True,passed,93300,93300,93300,93300,0,256,256,93044,319.9353603753261,291.62140718220974,540.0
93350,1,0,True,passed,93350,93350,93350,93350,0,256,256,93094,320.0751081253402,291.65029591568396,540.0
93400,1,0,True,passed,93400,93400,93400,93400,0,256,256,93144,320.217641916126,291.6766216911437,540.0
93450,1,0,True,passed,93450,93450,93450,93450,0,256,256,93194,320.36274191597477,291.7005874063539,540.0
93500,1,0,True,passed,93500,93500,93500,93500,0,256,256,93244,320.5247595002875,291.7091339395144,540.0
93550,1,0,True,passed,93550,93550,93550,93550,0,256,256,93294,320.65627879137173,291.7454177183486,540.0
93600,1,0,True,passed,93600,93600,93600,93600,0,256,256,93344,320.8239395832643,291.74880191790595,540.0
93650,1,0,True,passed,93650,93650,93650,93650,0,256,256,93394,320.95677908323705,291.783835404557,540.0
93700,1,0,True,passed,93700,93700,93700,93700,0,256,256,93444,321.1231496250257,291.7883687595028,540.0
93750,1,0,True,passed,93750,93750,93750,93750,0,256,256,93494,321.2677164580673,291.81270073937384,540.0
93800,1,0,True,passed,93800,93800,93800,93800,0,256,256,93544,321.4356102910824,291.8158318397191,540.0
93850,1,0,True,passed,93850,93850,93850,93850,0,256,256,93594,321.5829202081077,291.8376384519002,540.0
93900,1,0,True,passed,93900,93900,93900,93900,0,256,256,93644,321.75874125026166,291.8335633559843,540.0
93950,1,0,True,passed,93950,93950,93950,93950,0,256,256,93694,321.88864545803517,291.8711216616938,540.0
94000,1,0,True,passed,94000,94000,94000,94000,0,256,256,93744,322.1105179581791,291.8253045440894,540.0
94050,1,0,True,passed,94050,94050,94050,94050,0,256,256,93794,322.2432060833089,291.8603037225413,540.0
94100,1,0,True,passed,94100,94100,94100,94100,0,256,256,93844,322.37750404141843,291.89381647396283,540.0
94150,1,0,True,passed,94150,94150,94150,94150,0,256,256,93894,322.5294648753479,291.9113143240645,540.0
94200,1,0,True,passed,94200,94200,94200,94200,0,256,256,93944,322.6898402911611,291.92118324829784,540.0
94250,1,0,True,passed,94250,94250,94250,94250,0,256,256,93994,322.8243739162572,291.9544111760566,540.0
94300,1,0,True,passed,94300,94300,94300,94300,0,256,256,94044,323.0110108330846,291.9405123583523,540.0
94350,1,0,True,passed,94350,94350,94350,94350,0,256,256,94094,323.1448022504337,291.97436982718284,540.0
94400,1,0,True,passed,94400,94400,94400,94400,0,256,256,94144,323.30936383316293,291.98040811683126,540.0
94450,1,0,True,passed,94450,94450,94450,94450,0,256,256,94194,323.55869737500325,291.90994019404405,540.0
94500,1,0,True,passed,94500,94500,94500,94500,0,256,256,94244,324.0184507081285,291.65005817870644,540.0
94550,1,0,True,passed,94550,94550,94550,94550,0,256,256,94294,324.19125487515703,291.64882944300984,540.0
94600,1,0,True,passed,94600,94600,94600,94600,0,256,256,94344,324.34510675026104,291.66464371185975,540.0
94650,1,0,True,passed,94650,94650,94650,94650,0,256,256,94394,324.5219327080995,291.65979387019013,540.0
94700,1,0,True,passed,94700,94700,94700,94700,0,256,256,94444,324.6929526249878,291.66016457824423,540.0
94750,1,0,True,passed,94750,94750,94750,94750,0,256,256,94494,324.9728121664375,291.56285219168734,540.0
94800,1,0,True,passed,94800,94800,94800,94800,0,256,256,94544,325.2630365001969,291.45641945681894,540.0
94850,1,0,True,passed,94850,94850,94850,94850,0,256,256,94594,325.4545320831239,291.43855945989554,540.0
94900,1,0,True,passed,94900,94900,94900,94900,0,256,256,94644,325.70128987543285,291.3712746925113,540.0
94950,1,0,True,passed,94950,94950,94950,94950,0,256,256,94694,325.86285416642204,291.38025026782555,540.0
95000,1,0,True,passed,95000,95000,95000,95000,0,256,256,94744,325.9926070412621,291.41765165237473,540.0
95050,1,0,True,passed,95050,95050,95050,95050,0,256,256,94794,326.13236800022423,291.4460793414245,540.0
95100,1,0,True,passed,95100,95100,95100,95100,0,256,256,94844,326.3680785410106,291.38879152989824,540.0
95150,1,0,True,passed,95150,95150,95150,95150,0,256,256,94894,326.5187805411406,291.40743402969844,540.0
95200,1,0,True,passed,95200,95200,95200,95200,0,256,256,94944,326.74298550002277,291.36050114224525,540.0
95250,1,0,True,passed,95250,95250,95250,95250,0,256,256,94994,326.89608054142445,291.37700226396527,540.0
95300,1,0,True,passed,95300,95300,95300,95300,0,256,256,95044,327.02817429136485,291.4122008187977,540.0
95350,1,0,True,passed,95350,95350,95350,95350,0,256,256,95094,327.17310650041327,291.4359343893064,540.0
95400,1,0,True,passed,95400,95400,95400,95400,0,256,256,95144,327.3869414161891,291.3983055870369,540.0
95450,1,0,True,passed,95450,95450,95450,95450,0,256,256,95194,327.57801062520593,291.38097461983756,540.0
95500,1,0,True,passed,95500,95500,95500,95500,0,256,256,95244,327.7698510834016,291.3629782737396,540.0
95550,1,0,True,passed,95550,95550,95550,95550,0,256,256,95294,327.9846392911859,291.3246187580461,540.0
95600,1,0,True,passed,95600,95600,95600,95600,0,256,256,95344,328.16760575026274,291.3145548947086,540.0
95650,1,0,True,passed,95650,95650,95650,95650,0,256,256,95394,328.3248260002583,291.3273454378523,540.0
95700,1,0,True,passed,95700,95700,95700,95700,0,256,256,95444,328.5758880833164,291.25691650183876,540.0
95750,1,0,True,passed,95750,95750,95750,95750,0,256,256,95494,328.7121103750542,291.288324883288,540.0
95800,1,0,True,passed,95800,95800,95800,95800,0,256,256,95544,328.8441956252791,291.32337220622543,540.0
95850,1,0,True,passed,95850,95850,95850,95850,0,256,256,95594,328.98425829131156,291.35132634560887,540.0
95900,1,0,True,passed,95900,95900,95900,95900,0,256,256,95644,329.1242144163698,291.3793510151108,540.0
95950,1,0,True,passed,95950,95950,95950,95950,0,256,256,95694,329.256837583147,291.4138418637086,540.0
96000,1,0,True,passed,96000,96000,96000,96000,0,256,256,95744,329.4453556253575,291.39885677784577,540.0
96050,1,0,True,passed,96050,96050,96050,96050,0,256,256,95794,329.6196799161844,291.3964361121386,540.0
96100,1,0,True,passed,96100,96100,96100,96100,0,256,256,95844,329.7774287504144,291.40866421373977,540.0
96150,1,0,True,passed,96150,96150,96150,96150,0,256,256,95894,329.99491729121655,291.3681240585557,540.0
96200,1,0,True,passed,96200,96200,96200,96200,0,256,256,95944,330.1776917083189,291.3582668237432,540.0
96250,1,0,True,passed,96250,96250,96250,96250,0,256,256,95994,330.31741620833054,291.3863916254882,540.0
96300,1,0,True,passed,96300,96300,96300,96300,0,256,256,96044,330.4919280409813,291.3838185725937,540.0
96350,1,0,True,passed,96350,96350,96350,96350,0,256,256,96094,330.6762717082165,291.37258474057586,540.0
96400,1,0,True,passed,96400,96400,96400,96400,0,256,256,96144,330.8267372911796,291.39120008656624,540.0
96450,1,0,True,passed,96450,96450,96450,96450,0,256,256,96194,330.98043862544,291.40694960873316,540.0
96500,1,0,True,passed,96500,96500,96500,96500,0,256,256,96244,331.110780833289,291.44324372991883,540.0
96550,1,0,True,passed,96550,96550,96550,96550,0,256,256,96294,331.2336501660757,291.48608528025835,540.0
96600,1,0,True,passed,96600,96600,96600,96600,0,256,256,96344,331.3686958332546,291.5181826608308,540.0
96650,1,0,True,passed,96650,96650,96650,96650,0,256,256,96394,331.51141587505117,291.543504602653,540.0
96700,1,0,True,passed,96700,96700,96700,96700,0,256,256,96444,331.89741262514144,291.35508841467515,540.0
96750,1,0,True,passed,96750,96750,96750,96750,0,256,256,96494,332.11212216643617,291.3172797454056,540.0
96800,1,0,True,passed,96800,96800,96800,96800,0,256,256,96544,332.29991679126397,291.3031123652235,540.0
96850,1,0,True,passed,96850,96850,96850,96850,0,256,256,96594,334.29701287532225,289.7124301739444,540.0
96900,1,0,True,passed,96900,96900,96900,96900,0,256,256,96644,334.4300415413454,289.7466972566228,540.0
96950,1,0,True,passed,96950,96950,96950,96950,0,256,256,96694,334.57181904139,289.77335950702496,540.0
97000,1,0,True,passed,97000,97000,97000,97000,0,256,256,96744,334.70845070807263,289.8044545777001,540.0
97050,1,0,True,passed,97050,97050,97050,97050,0,256,256,96794,334.8414993332699,289.8386257176728,540.0
97100,1,0,True,passed,97100,97100,97100,97100,0,256,256,96844,334.975235958118,289.8721743482567,540.0
97150,1,0,True,passed,97150,97150,97150,97150,0,256,256,96894,335.11721170833334,289.8985686373929,540.0
97200,1,0,True,passed,97200,97200,97200,97200,0,256,256,96944,335.2427945830859,289.9391174712038,540.0
97250,1,0,True,passed,97250,97250,97250,97250,0,256,256,96994,335.37066866643727,289.9776548339883,540.0
97300,1,0,True,passed,97300,97300,97300,97300,0,256,256,97044,335.51088633341715,290.00549300599204,540.0
97350,1,0,True,passed,97350,97350,97350,97350,0,256,256,97094,335.66753091616556,290.0191142536023,540.0
97400,1,0,True,passed,97400,97400,97400,97400,0,256,256,97144,335.8006196250208,290.05306812347123,540.0
97450,1,0,True,passed,97450,97450,97450,97450,0,256,256,97194,335.9452238753438,290.0770514783681,540.0
97500,1,0,True,passed,97500,97500,97500,97500,0,256,256,97244,336.06856945808977,290.1193650962917,540.0
97550,1,0,True,passed,97550,97550,97550,97550,0,256,256,97294,336.1972951251082,290.1570042783925,540.0
97600,1,0,True,passed,97600,97600,97600,97600,0,256,256,97344,336.32144725043327,290.1985609241406,540.0
97650,1,0,True,passed,97650,97650,97650,97650,0,256,256,97394,336.4553369162604,290.2316869008497,540.0
97700,1,0,True,passed,97700,97700,97700,97700,0,256,256,97444,336.6505158334039,290.21194207332854,540.0
97750,1,0,True,passed,97750,97750,97750,97750,0,256,256,97494,336.810574750416,290.22247912624147,540.0
97800,1,0,True,passed,97800,97800,97800,97800,0,256,256,97544,336.9506035409868,290.2502591543914,540.0
97850,1,0,True,passed,97850,97850,97850,97850,0,256,256,97594,337.0818665414117,290.2855647619916,540.0
97900,1,0,True,passed,97900,97900,97900,97900,0,256,256,97644,337.2033647913486,290.3292500078628,540.0
97950,1,0,True,passed,97950,97950,97950,97950,0,256,256,97694,337.33614900009707,290.36318903365384,540.0
98000,1,0,True,passed,98000,98000,98000,98000,0,256,256,97744,337.4614056660794,290.40357905985775,540.0
98050,1,0,True,passed,98050,98050,98050,98050,0,256,256,97794,337.60116016631946,290.43146638387026,540.0
98100,1,0,True,passed,98100,98100,98100,98100,0,256,256,97844,337.7279357081279,290.47049304437826,540.0
98150,1,0,True,passed,98150,98150,98150,98150,0,256,256,97894,337.8626688332297,290.50264812904567,540.0
98200,1,0,True,passed,98200,98200,98200,98200,0,256,256,97944,337.9867492080666,290.5439347255224,540.0
98250,1,0,True,passed,98250,98250,98250,98250,0,256,256,97994,338.11588187515736,290.58084895366403,540.0
98300,1,0,True,passed,98300,98300,98300,98300,0,256,256,98044,338.239774083253,290.622237631358,540.0
98350,1,0,True,passed,98350,98350,98350,98350,0,256,256,98094,338.36415170831606,290.6631790142526,540.0
98400,1,0,True,passed,98400,98400,98400,98400,0,256,256,98144,338.5120336660184,290.6839054858625,540.0
98450,1,0,True,passed,98450,98450,98450,98450,0,256,256,98194,338.63637470826507,290.72482270935774,540.0
98500,1,0,True,passed,98500,98500,98500,98500,0,256,256,98244,338.7653104159981,290.7617662476824,540.0
98550,1,0,True,passed,98550,98550,98550,98550,0,256,256,98294,338.88988587539643,290.8024231689081,540.0
98600,1,0,True,passed,98600,98600,98600,98600,0,256,256,98344,339.0167782502249,290.8410625247118,540.0
98650,1,0,True,passed,98650,98650,98650,98650,0,256,256,98394,339.1480412911624,290.87592434392946,540.0
98700,1,0,True,passed,98700,98700,98700,98700,0,256,256,98444,339.2995467502624,290.89340361732644,540.0
98750,1,0,True,passed,98750,98750,98750,98750,0,256,256,98494,339.44288112502545,290.91787010736533,540.0
98800,1,0,True,passed,98800,98800,98800,98800,0,256,256,98544,339.60296820802614,290.92796367869016,540.0
98850,1,0,True,passed,98850,98850,98850,98850,0,256,256,98594,339.7782943751663,290.92499914327885,540.0
98900,1,0,True,passed,98900,98900,98900,98900,0,256,256,98644,339.91297350032255,290.9568263357449,540.0
98950,1,0,True,passed,98950,98950,98950,98950,0,256,256,98694,340.04054987523705,290.9947064734055,540.0
99000,1,0,True,passed,99000,99000,99000,99000,0,256,256,98744,340.2056444580667,291.00046284564985,540.0
99050,1,0,True,passed,99050,99050,99050,99050,0,256,256,98794,340.3294829162769,291.04149059094857,540.0
99100,1,0,True,passed,99100,99100,99100,99100,0,256,256,98844,340.46986591629684,291.0683438409299,540.0
99150,1,0,True,passed,99150,99150,99150,99150,0,256,256,98894,340.6280818330124,291.07993523742044,540.0
99200,1,0,True,passed,99200,99200,99200,99200,0,256,256,98944,340.7591552082449,291.11470222825517,540.0
99250,1,0,True,passed,99250,99250,99250,99250,0,256,256,98994,340.88129400042817,291.15707358197056,540.0
99300,1,0,True,passed,99300,99300,99300,99300,0,256,256,99044,341.01673587504774,291.18805487712075,540.0
99350,1,0,True,passed,99350,99350,99350,99350,0,256,256,99094,341.144131291192,291.2258804628163,540.0
99400,1,0,True,passed,99400,99400,99400,99400,0,256,256,99144,341.2848435002379,291.2523128204218,540.0
99450,1,0,True,passed,99450,99450,99450,99450,0,256,256,99194,341.41840100008994,291.28482738097586,540.0
99500,1,0,True,passed,99500,99500,99500,99500,0,256,256,99244,341.5411205003038,291.32656077911855,540.0
99550,1,0,True,passed,99550,99550,99550,99550,0,256,256,99294,341.6700707911514,291.362950724621,540.0
99600,1,0,True,passed,99600,99600,99600,99600,0,256,256,99344,341.8044971660711,291.3946446749288,540.0
99650,1,0,True,passed,99650,99650,99650,99650,0,256,256,99394,341.9300533751957,291.433873730471,540.0
99700,1,0,True,passed,99700,99700,99700,99700,0,256,256,99444,342.05445404117927,291.47405865382274,540.0
99750,1,0,True,passed,99750,99750,99750,99750,0,256,256,99494,342.1773512912914,291.51549517689745,540.0
99800,1,0,True,passed,99800,99800,99800,99800,0,256,256,99544,342.3049343749881,291.5529108051686,540.0
99850,1,0,True,passed,99850,99850,99850,99850,0,256,256,99594,342.4432002911344,291.58120212377025,540.0
99900,1,0,True,passed,99900,99900,99900,99900,0,256,256,99644,342.5679351664148,291.6209888455262,540.0
99950,1,0,True,passed,99950,99950,99950,99950,0,256,256,99694,342.7472241250798,291.61432380711256,540.0
100000,1,0,True,passed,100000,100000,100000,100000,0,256,256,99744,342.885369958356,291.6426560052567,540.0
100050,1,0,True,passed,100050,100050,100050,100050,0,256,256,99794,343.1243912503123,291.58521676476397,540.0
100100,1,0,True,passed,100100,100100,100100,100100,0,256,256,99844,343.35904137510806,291.5315688182044,540.0
100150,1,0,True,passed,100150,100150,100150,100150,0,256,256,99894,343.50343137513846,291.5545838918467,540.0
100200,1,0,True,passed,100200,100200,100200,100200,0,256,256,99944,343.63478341605514,291.5886424648783,540.0
100250,1,0,True,passed,100250,100250,100250,100250,0,256,256,99994,343.82796058338135,291.57023713226624,540.0
100300,1,0,True,passed,100300,100300,100300,100300,0,256,256,100044,343.97540450003,291.5906157470374,540.0
100350,1,0,True,passed,100350,100350,100350,100350,0,256,256,100094,344.11928008310497,291.6140007492908,540.0
100400,1,0,True,passed,100400,100400,100400,100400,0,256,256,100144,344.2733885832131,291.6286978008254,540.0
100450,1,0,True,passed,100450,100450,100450,100450,0,256,256,100194,344.42844791617244,291.64257658661137,540.0
100500,1,0,True,passed,100500,100500,100500,100500,0,256,256,100244,344.5866547911428,291.6537788177374,540.0
100550,1,0,True,passed,100550,100550,100550,100550,0,256,256,100294,344.7874983754009,291.6289032339631,540.0
100600,1,0,True,passed,100600,100600,100600,100600,0,256,256,100344,345.034339458216,291.5651820568508,540.0
100650,1,0,True,passed,100650,100650,100650,100650,0,256,256,100394,345.20243370812386,291.56804869197924,540.0
100700,1,0,True,passed,100700,100700,100700,100700,0,256,256,100444,345.3671387503855,291.573773823285,540.0
100750,1,0,True,passed,100750,100750,100750,100750,0,256,256,100494,345.5192823749967,291.5900939231944,540.0
100800,1,0,True,passed,100800,100800,100800,100800,0,256,256,100544,345.6537979161367,291.62127136371384,540.0
100850,1,0,True,passed,100850,100850,100850,100850,0,256,256,100594,345.7890152502805,291.65183262691335,540.0
100900,1,0,True,passed,100900,100900,100900,100900,0,256,256,100644,345.9253271250054,291.681447087389,540.0
100950,1,0,True,passed,100950,100950,100950,100950,0,256,256,100694,346.0462149162777,291.7240404563414,540.0
101000,1,0,True,passed,101000,101000,101000,101000,0,256,256,100744,346.17128662532195,291.7630777081671,540.0
101050,1,0,True,passed,101050,101050,101050,101050,0,256,256,100794,346.3087107911706,291.79167849732397,540.0
101100,1,0,True,passed,101100,101100,101100,101100,0,256,256,100844,346.43616500031203,291.8286547823578,540.0
101150,1,0,True,passed,101150,101150,101150,101150,0,256,256,100894,346.5714271250181,291.8590284233453,540.0
101200,1,0,True,passed,101200,101200,101200,101200,0,256,256,100944,346.7130859582685,291.88399313021824,540.0
101250,1,0,True,passed,101250,101250,101250,101250,0,256,256,100994,346.8447794583626,291.9173243954063,540.0
101300,1,0,True,passed,101300,101300,101300,101300,0,256,256,101044,346.97419420816004,291.95254774257694,540.0
101350,1,0,True,passed,101350,101350,101350,101350,0,256,256,101094,347.10101425042376,291.9899275398798,540.0
101400,1,0,True,passed,101400,101400,101400,101400,0,256,256,101144,347.2284405413084,292.02677016296093,540.0
101450,1,0,True,passed,101450,101450,101450,101450,0,256,256,101194,347.3612754163332,292.0590381826705,540.0
101500,1,0,True,passed,101500,101500,101500,101500,0,256,256,101244,347.496200166177,292.08952486807465,540.0
101550,1,0,True,passed,101550,101550,101550,101550,0,256,256,101294,347.6302139163017,292.1207534177395,540.0
101600,1,0,True,passed,101600,101600,101600,101600,0,256,256,101344,347.76290187519044,292.1530716823369,540.0
101650,1,0,True,passed,101650,101650,101650,101650,0,256,256,101394,347.8824366251938,292.19641263326275,540.0
101700,1,0,True,passed,101700,101700,101700,101700,0,256,256,101444,348.01062975032255,292.2324529942199,540.0
101750,1,0,True,passed,101750,101750,101750,101750,0,256,256,101494,348.15796808339655,292.252394969249,540.0
101800,1,0,True,passed,101800,101800,101800,101800,0,256,256,101544,348.2808361253701,292.29285519274225,540.0
101850,1,0,True,passed,101850,101850,101850,101850,0,256,256,101594,348.4053445411846,292.33191050535225,540.0
101900,1,0,True,passed,101900,101900,101900,101900,0,256,256,101644,348.55135204130784,292.3529041078674,540.0
101950,1,0,True,passed,101950,101950,101950,101950,0,256,256,101694,348.69076562533155,292.37940906512375,540.0
102000,1,0,True,passed,102000,102000,102000,102000,0,256,256,101744,348.84104120824486,292.39678808064866,540.0
102050,1,0,True,passed,102050,102050,102050,102050,0,256,256,101794,348.98267012508586,292.4213972098449,540.0
102100,1,0,True,passed,102100,102100,102100,102100,0,256,256,101844,349.1453810413368,292.4283279804064,540.0
102150,1,0,True,passed,102150,102150,102150,102150,0,256,256,101894,349.27664170833305,292.46158432003415,540.0
102200,1,0,True,passed,102200,102200,102200,102200,0,256,256,101944,349.41332216607407,292.49027875195026,540.0
102250,1,0,True,passed,102250,102250,102250,102250,0,256,256,101994,349.5517858751118,292.51745844757886,540.0
102300,1,0,True,passed,102300,102300,102300,102300,0,256,256,102044,349.84443133324385,292.4156877676703,540.0
102350,1,0,True,passed,102350,102350,102350,102350,0,256,256,102094,349.9986628331244,292.4296886494089,540.0
102400,1,0,True,passed,102400,102400,102400,102400,0,256,256,102144,350.1502155000344,292.4459145448961,540.0
102450,1,0,True,passed,102450,102450,102450,102450,0,256,256,102194,350.29047183319926,292.4715578583721,540.0
102500,1,0,True,passed,102500,102500,102500,102500,0,256,256,102244,350.43823166610673,292.4909177651049,540.0
102550,1,0,True,passed,102550,102550,102550,102550,0,256,256,102294,350.61119112512097,292.48923763931845,540.0
102600,1,0,True,passed,102600,102600,102600,102600,0,256,256,102344,350.7857320001349,292.4862405748035,540.0
102650,1,0,True,passed,102650,102650,102650,102650,0,256,256,102394,350.91406816616654,292.5217576383762,540.0
102700,1,0,True,passed,102700,102700,102700,102700,0,256,256,102444,351.040806166362,292.5585806435545,540.0
102750,1,0,True,passed,102750,102750,102750,102750,0,256,256,102494,351.1645829579793,292.5978443910876,540.0
102800,1,0,True,passed,102800,102800,102800,102800,0,256,256,102544,351.2978207911365,292.6291992603039,540.0
102850,1,0,True,passed,102850,102850,102850,102850,0,256,256,102594,351.45171504141763,292.64332936283836,540.0
102900,1,0,True,passed,102900,102900,102900,102900,0,256,256,102644,351.58938591601327,292.67095117763444,540.0
102950,1,0,True,passed,102950,102950,102950,102950,0,256,256,102694,351.71347533306107,292.709853958566,540.0
103000,1,0,True,passed,103000,103000,103000,103000,0,256,256,102744,351.84740045806393,292.7405456624267,540.0
103050,1,0,True,passed,103050,103050,103050,103050,0,256,256,102794,351.97533537540585,292.7761966334661,540.0
103100,1,0,True,passed,103100,103100,103100,103100,0,256,256,102844,352.09955995809287,292.8149072730197,540.0
103150,1,0,True,passed,103150,103150,103150,103150,0,256,256,102894,352.23697704123333,292.8426222211336,540.0
103200,1,0,True,passed,103200,103200,103200,103200,0,256,256,102944,352.37021508300677,292.8737889372673,540.0
103250,1,0,True,passed,103250,103250,103250,103250,0,256,256,102994,352.4954950832762,292.9115448003313,540.0
103300,1,0,True,passed,103300,103300,103300,103300,0,256,256,103044,352.6220199582167,292.94823962564885,540.0
103350,1,0,True,passed,103350,103350,103350,103350,0,256,256,103094,352.7429969161749,292.9895161733285,540.0
103400,1,0,True,passed,103400,103400,103400,103400,0,256,256,103144,352.8764899582602,293.02037098654716,540.0
103450,1,0,True,passed,103450,103450,103450,103450,0,256,256,103194,352.99648900004104,293.062404935104,540.0
103500,1,0,True,passed,103500,103500,103500,103500,0,256,256,103244,353.1267060833052,293.0959290730721,540.0
103550,1,0,True,passed,103550,103550,103550,103550,0,256,256,103294,353.24764837510884,293.13712483668587,540.0
103600,1,0,True,passed,103600,103600,103600,103600,0,256,256,103344,353.370947166346,293.17633730435483,540.0
103650,1,0,True,passed,103650,103650,103650,103650,0,256,256,103394,353.491679541301,293.21765121741663,540.0
103700,1,0,True,passed,103700,103700,103700,103700,0,256,256,103444,353.62682054098696,293.24698800095877,540.0
103750,1,0,True,passed,103750,103750,103750,103750,0,256,256,103494,353.7458270411007,293.2896788290469,540.0
103800,1,0,True,passed,103800,103800,103800,103800,0,256,256,103544,353.8714699582197,293.326839861533,540.0
103850,1,0,True,passed,103850,103850,103850,103850,0,256,256,103594,354.0179485003464,293.3467086624236,540.0
103900,1,0,True,passed,103900,103900,103900,103900,0,256,256,103644,354.17324683303013,293.3592554747145,540.0
103950,1,0,True,passed,103950,103950,103950,103950,0,256,256,103694,354.3032565410249,293.3927308905883,540.0
104000,1,0,True,passed,104000,104000,104000,104000,0,256,256,103744,354.4308990831487,293.4281414770269,540.0
104050,1,0,True,passed,104050,104050,104050,104050,0,256,256,103794,354.5603196253069,293.46205494726036,540.0
104100,1,0,True,passed,104100,104100,104100,104100,0,256,256,103844,354.6852433751337,293.499664686919,540.0
104150,1,0,True,passed,104150,104150,104150,104150,0,256,256,103894,354.8174800002016,293.5311980682035,540.0
104200,1,0,True,passed,104200,104200,104200,104200,0,256,256,103944,354.94086658302695,293.57002760240283,540.0
104250,1,0,True,passed,104250,104250,104250,104250,0,256,256,103994,355.0659711663611,293.6074095119499,540.0
104300,1,0,True,passed,104300,104300,104300,104300,0,256,256,104044,355.1884126663208,293.6469667381404,540.0
104350,1,0,True,passed,104350,104350,104350,104350,0,256,256,104094,355.3588192500174,293.64685593066196,540.0
104400,1,0,True,passed,104400,104400,104400,104400,0,256,256,104144,355.4930171663873,293.676654557566,540.0
104450,1,0,True,passed,104450,104450,104450,104450,0,256,256,104194,355.61693083308637,293.7149245265407,540.0
104500,1,0,True,passed,104500,104500,104500,104500,0,256,256,104244,355.74215229135007,293.7520879291676,540.0
104550,1,0,True,passed,104550,104550,104550,104550,0,256,256,104294,355.8751387502998,293.7828148578753,540.0
104600,1,0,True,passed,104600,104600,104600,104600,0,256,256,104344,356.0035083750263,293.8173291534273,540.0
104650,1,0,True,passed,104650,104650,104650,104650,0,256,256,104394,356.14632416609675,293.8398992184857,540.0
104700,1,0,True,passed,104700,104700,104700,104700,0,256,256,104444,356.2750685834326,293.87405752609186,540.0
104750,1,0,True,passed,104750,104750,104750,104750,0,256,256,104494,356.41402075020596,293.89977358218016,540.0
104800,1,0,True,passed,104800,104800,104800,104800,0,256,256,104544,356.5429895003326,293.9336996833652,540.0
104850,1,0,True,passed,104850,104850,104850,104850,0,256,256,104594,356.6720195412636,293.9675507342954,540.0
104900,1,0,True,passed,104900,104900,104900,104900,0,256,256,104644,356.8111447910778,293.9930591613714,540.0
104950,1,0,True,passed,104950,104950,104950,104950,0,256,256,104694,356.9255975410342,294.0388717509518,540.0
105000,1,0,True,passed,105000,105000,105000,105000,0,256,256,104744,357.044685958419,294.08083673937716,540.0
105050,1,0,True,passed,105050,105050,105050,105050,0,256,256,104794,357.1953022503294,294.0968129709022,540.0
105100,1,0,True,passed,105100,105100,105100,105100,0,256,256,104844,357.33419904112816,294.1224217609893,540.0
105150,1,0,True,passed,105150,105150,105150,105150,0,256,256,104894,357.4670541253872,294.15298217417535,540.0
105200,1,0,True,passed,105200,105200,105200,105200,0,256,256,104944,357.5956249162555,294.18704444338925,540.0
105250,1,0,True,passed,105250,105250,105250,105250,0,256,256,104994,357.7700088331476,294.1834066619184,540.0
105300,1,0,True,passed,105300,105300,105300,105300,0,256,256,105044,357.9049394163303,294.21220107138714,540.0
105350,1,0,True,passed,105350,105350,105350,105350,0,256,256,105094,358.0309624164365,294.2482943066367,540.0
105400,1,0,True,passed,105400,105400,105400,105400,0,256,256,105144,358.15985925029963,294.2820008379033,540.0
105450,1,0,True,passed,105450,105450,105450,105450,0,256,256,105194,358.2947811251506,294.3107339405171,540.0
105500,1,0,True,passed,105500,105500,105500,105500,0,256,256,105244,358.4417767082341,294.32953091814215,540.0
105550,1,0,True,passed,105550,105550,105550,105550,0,256,256,105294,358.57764991605654,294.3574425921676,540.0
105600,1,0,True,passed,105600,105600,105600,105600,0,256,256,105344,358.7196670002304,294.38029111443217,540.0
105650,1,0,True,passed,105650,105650,105650,105650,0,256,256,105394,358.8581036659889,294.406058887094,540.0
105700,1,0,True,passed,105700,105700,105700,105700,0,256,256,105444,358.9814060833305,294.44421969717234,540.0
105750,1,0,True,passed,105750,105750,105750,105750,0,256,256,105494,359.11331591615453,294.47529599456686,540.0
105800,1,0,True,passed,105800,105800,105800,105800,0,256,256,105544,359.23356666602194,294.5159078031309,540.0
105850,1,0,True,passed,105850,105850,105850,105850,0,256,256,105594,359.3984528752044,294.51991001406674,540.0
105900,1,0,True,passed,105900,105900,105900,105900,0,256,256,105644,359.5821894160472,294.50846876476015,540.0
105950,1,0,True,passed,105950,105950,105950,105950,0,256,256,105694,359.70402275025845,294.54772062296564,540.0
106000,1,0,True,passed,106000,106000,106000,106000,0,256,256,105744,359.8293783753179,294.58406225363103,540.0
106050,1,0,True,passed,106050,106050,106050,106050,0,256,256,105794,359.9559983750805,294.61934369404236,540.0
106100,1,0,True,passed,106100,106100,106100,106100,0,256,256,105844,360.0921858330257,294.6467715053346,540.0
106150,1,0,True,passed,106150,106150,106150,106150,0,256,256,105894,360.2343735829927,294.66927029811774,540.0
106200,1,0,True,passed,106200,106200,106200,106200,0,256,256,105944,360.3564623752609,294.70818783154647,540.0
106250,1,0,True,passed,106250,106250,106250,106250,0,256,256,105994,360.47898029116914,294.74672812872154,540.0
106300,1,0,True,passed,106300,106300,106300,106300,0,256,256,106044,360.60609000036493,294.78148857633664,540.0
106350,1,0,True,passed,106350,106350,106350,106350,0,256,256,106094,360.731474915985,294.8176341550709,540.0
106400,1,0,True,passed,106400,106400,106400,106400,0,256,256,106144,360.85324645834044,294.8567071081723,540.0
106450,1,0,True,passed,106450,106450,106450,106450,0,256,256,106194,360.98673712508753,294.8861801621078,540.0
106500,1,0,True,passed,106500,106500,106500,106500,0,256,256,106244,361.10851187538356,294.92519976032173,540.0
106550,1,0,True,passed,106550,106550,106550,106550,0,256,256,106294,361.23152816621587,294.9631792687056,540.0
106600,1,0,True,passed,106600,106600,106600,106600,0,256,256,106344,361.3525224584155,295.0027836384276,540.0
106650,1,0,True,passed,106650,106650,106650,106650,0,256,256,106394,361.48113054130226,295.0361470882208,540.0
106700,1,0,True,passed,106700,106700,106700,106700,0,256,256,106444,361.6040529999882,295.0741262847612,540.0
106750,1,0,True,passed,106750,106750,106750,106750,0,256,256,106494,361.73657366633415,295.104249255333,540.0
106800,1,0,True,passed,106800,106800,106800,106800,0,256,256,106544,361.8592252084054,295.1423994745214,540.0
106850,1,0,True,passed,106850,106850,106850,106850,0,256,256,106594,361.98706437507644,295.17629361828887,540.0
106900,1,0,True,passed,106900,106900,106900,106900,0,256,256,106644,362.11149483313784,295.21294276852456,540.0
106950,1,0,True,passed,106950,106950,106950,106950,0,256,256,106694,362.23335195798427,295.25166421562756,540.0
107000,1,0,True,passed,107000,107000,107000,107000,0,256,256,106744,362.3801245833747,295.2700568857549,540.0
107050,1,0,True,passed,107050,107050,107050,107050,0,256,256,106794,362.50535066612065,295.3059859759051,540.0
107100,1,0,True,passed,107100,107100,107100,107100,0,256,256,106844,362.6287885000929,295.3433466851531,540.0
107150,1,0,True,passed,107150,107150,107150,107150,0,256,256,106894,362.7531090830453,295.3799631679245,540.0
107200,1,0,True,passed,107200,107200,107200,107200,0,256,256,106944,362.88064066600055,295.41394052670915,540.0
107250,1,0,True,passed,107250,107250,107250,107250,0,256,256,106994,363.00502962525934,295.4504517767076,540.0
107300,1,0,True,passed,107300,107300,107300,107300,0,256,256,107044,363.13472720840946,295.48261832424146,540.0
107350,1,0,True,passed,107350,107350,107350,107350,0,256,256,107094,363.2590369582176,295.51914495756233,540.0
107400,1,0,True,passed,107400,107400,107400,107400,0,256,256,107144,363.3840538752265,295.55507143105797,540.0
107450,1,0,True,passed,107450,107450,107450,107450,0,256,256,107194,363.5105733331293,295.58975139226663,540.0
107500,1,0,True,passed,107500,107500,107500,107500,0,256,256,107244,363.6315782913007,295.6288903871905,540.0
107550,1,0,True,passed,107550,107550,107550,107550,0,256,256,107294,363.76071720803156,295.66139198723073,540.0
107600,1,0,True,passed,107600,107600,107600,107600,0,256,256,107344,363.94786729104817,295.6467386411487,540.0
107650,1,0,True,passed,107650,107650,107650,107650,0,256,256,107394,364.1234485004097,295.6414931346528,540.0
107700,1,0,True,passed,107700,107700,107700,107700,0,256,256,107444,364.2459916663356,295.6793004290838,540.0
107750,1,0,True,passed,107750,107750,107750,107750,0,256,256,107494,364.37590258335695,295.7111028365835,540.0
107800,1,0,True,passed,107800,107800,107800,107800,0,256,256,107544,364.4854245833121,295.7594261093962,540.0
107850,1,0,True,passed,107850,107850,107850,107850,0,256,256,107594,364.6109939161688,295.7947012009101,540.0
107900,1,0,True,passed,107900,107900,107900,107900,0,256,256,107644,364.7351355003193,295.8311100245113,540.0
107950,1,0,True,passed,107950,107950,107950,107950,0,256,256,107694,364.8791320002638,295.8513944281197,540.0
108000,1,0,True,passed,108000,108000,108000,108000,0,256,256,107744,364.985274665989,295.90234866005113,540.0
108050,1,0,True,passed,108050,108050,108050,108050,0,256,256,107794,365.09796275012195,295.9479674608617,540.0
108100,1,0,True,passed,108100,108100,108100,108100,0,256,256,107844,365.2405497501604,295.9693278140799,540.0
108150,1,0,True,passed,108150,108150,108150,108150,0,256,256,107894,365.36845291638747,296.00256709834093,540.0
108200,1,0,True,passed,108200,108200,108200,108200,0,256,256,107944,365.4960020412691,296.03606987685424,540.0
108250,1,0,True,passed,108250,108250,108250,108250,0,256,256,107994,365.6617137501016,296.03864973946816,540.0
108300,1,0,True,passed,108300,108300,108300,108300,0,256,256,108044,365.7985000000335,296.0646366783627,540.0
108350,1,0,True,passed,108350,108350,108350,108350,0,256,256,108094,365.89935383340344,296.11968117695153,540.0
108400,1,0,True,passed,108400,108400,108400,108400,0,256,256,108144,366.0205052504316,296.15827103957633,540.0
108450,1,0,True,passed,108450,108450,108450,108450,0,256,256,108194,366.14235183317214,296.19627299879744,540.0
108500,1,0,True,passed,108500,108500,108500,108500,0,256,256,108244,366.25906475028023,296.2384018371711,540.0
108550,1,0,True,passed,108550,108550,108550,108550,0,256,256,108294,366.37152483314276,296.283943053263,540.0
108600,1,0,True,passed,108600,108600,108600,108600,0,256,256,108344,366.49381320830435,296.3215096301638,540.0
108650,1,0,True,passed,108650,108650,108650,108650,0,256,256,108394,366.61820258339867,296.35735278387926,540.0
108700,1,0,True,passed,108700,108700,108700,108700,0,256,256,108444,366.7739578750916,296.3678245580861,540.0
108750,1,0,True,passed,108750,108750,108750,108750,0,256,256,108494,366.90131795825437,296.4012247357843,540.0
108800,1,0,True,passed,108800,108800,108800,108800,0,256,256,108544,367.02347866632044,296.43880112344414,540.0
108850,1,0,True,passed,108850,108850,108850,108850,0,256,256,108594,367.1463367501274,296.4757893637413,540.0
108900,1,0,True,passed,108900,108900,108900,108900,0,256,256,108644,367.2764860833995,296.5068664245265,540.0
108950,1,0,True,passed,108950,108950,108950,108950,0,256,256,108694,367.3998210830614,296.5434214933074,540.0
109000,1,0,True,passed,109000,109000,109000,109000,0,256,256,108744,367.53946562530473,296.5667913092146,540.0
109050,1,0,True,passed,109050,109050,109050,109050,0,256,256,108794,367.66608170839027,296.6006532157939,540.0
109100,1,0,True,passed,109100,109100,109100,109100,0,256,256,108844,367.7894481662661,296.6371127392413,540.0
109150,1,0,True,passed,109150,109150,109150,109150,0,256,256,108894,367.91241883300245,296.67386696599607,540.0
109200,1,0,True,passed,109200,109200,109200,109200,0,256,256,108944,368.0418404163793,296.7053959855706,540.0
109250,1,0,True,passed,109250,109250,109250,109250,0,256,256,108994,368.1672410410829,296.74014366696207,540.0
109300,1,0,True,passed,109300,109300,109300,109300,0,256,256,109044,368.30242212535813,296.7669866770462,540.0
109350,1,0,True,passed,109350,109350,109350,109350,0,256,256,109094,368.4411100000143,296.79098513191366,540.0
109400,1,0,True,passed,109400,109400,109400,109400,0,256,256,109144,368.5635908753611,296.82801749399147,540.0
109450,1,0,True,passed,109450,109450,109450,109450,0,256,256,109194,368.7023786660284,296.8518955478183,540.0
109500,1,0,True,passed,109500,109500,109500,109500,0,256,256,109244,368.8532560830936,296.86602515807084,540.0
109550,1,0,True,passed,109550,109550,109550,109550,0,256,256,109294,369.08378716604784,296.81607214763494,540.0
109600,1,0,True,passed,109600,109600,109600,109600,0,256,256,109344,369.2176922080107,296.8438466330408,540.0
109650,1,0,True,passed,109650,109650,109650,109650,0,256,256,109394,369.32019995804876,296.89683914515155,540.0
109700,1,0,True,passed,109700,109700,109700,109700,0,256,256,109444,369.4427057080902,296.93372830231993,540.0
109750,1,0,True,passed,109750,109750,109750,109750,0,256,256,109494,369.5634859162383,296.9719795988581,540.0
109800,1,0,True,passed,109800,109800,109800,109800,0,256,256,109544,369.69315475039184,297.0030648096105,540.0
109850,1,0,True,passed,109850,109850,109850,109850,0,256,256,109594,369.81745204143226,297.0384425981417,540.0
109900,1,0,True,passed,109900,109900,109900,109900,0,256,256,109644,369.9391367081553,297.0758946402041,540.0
109950,1,0,True,passed,109950,109950,109950,109950,0,256,256,109694,370.0704628750682,297.10558131497766,540.0
110000,1,0,True,passed,110000,110000,110000,110000,0,256,256,109744,370.20185487531126,297.1351940876942,540.0
110050,1,0,True,passed,110050,110050,110050,110050,0,256,256,109794,370.3236597911455,297.17247896628,540.0
110100,1,0,True,passed,110100,110100,110100,110100,0,256,256,109844,370.451176666189,297.2051566709163,540.0
110150,1,0,True,passed,110150,110150,110150,110150,0,256,256,109894,370.5747846662998,297.24094719285705,540.0
110200,1,0,True,passed,110200,110200,110200,110200,0,256,256,109944,370.7134525831789,297.2646372342635,540.0
110250,1,0,True,passed,110250,110250,110250,110250,0,256,256,109994,370.8410819163546,297.29715874593296,540.0
110300,1,0,True,passed,110300,110300,110300,110300,0,256,256,110044,370.9704821254127,297.3282385381575,540.0
110350,1,0,True,passed,110350,110350,110350,110350,0,256,256,110094,371.0986807080917,297.3602595122183,540.0
110400,1,0,True,passed,110400,110400,110400,110400,0,256,256,110144,371.2241232502274,297.3944662685182,540.0
110450,1,0,True,passed,110450,110450,110450,110450,0,256,256,110194,371.3435188331641,297.43349324381927,540.0
110500,1,0,True,passed,110500,110500,110500,110500,0,256,256,110244,371.4870342500508,297.45318089788725,540.0
110550,1,0,True,passed,110550,110550,110550,110550,0,256,256,110294,371.90099091641605,297.2565352073662,540.0
110600,1,0,True,passed,110600,110600,110600,110600,0,256,256,110344,372.84034558339044,296.64171624704954,540.0
110650,1,0,True,passed,110650,110650,110650,110650,0,256,256,110394,373.5977088334039,296.1741932131106,540.0
110700,1,0,True,passed,110700,110700,110700,110700,0,256,256,110444,374.24421570822597,295.7961548998412,540.0
110750,1,0,True,passed,110750,110750,110750,110750,0,256,256,110494,374.3843005001545,295.81902834078454,540.0
110800,1,0,True,passed,110800,110800,110800,110800,0,256,256,110544,374.53623533342034,295.83252445885086,540.0
110850,1,0,True,passed,110850,110850,110850,110850,0,256,256,110594,374.7656144159846,295.7848738944285,540.0
110900,1,0,True,passed,110900,110900,110900,110900,0,256,256,110644,374.90390350017697,295.8091365937129,540.0
110950,1,0,True,passed,110950,110950,110950,110950,0,256,256,110694,375.0313321663998,295.84194834892344,540.0
111000,1,0,True,passed,111000,111000,111000,111000,0,256,256,110744,375.1787942079827,295.85893902752525,540.0
111050,1,0,True,passed,111050,111050,111050,111050,0,256,256,110794,375.3118416252546,295.88728007916785,540.0
111100,1,0,True,passed,111100,111100,111100,111100,0,256,256,110844,375.4585098330863,295.9048658915484,540.0
111150,1,0,True,passed,111150,111150,111150,111150,0,256,256,110894,375.61184375034645,295.9171864502675,540.0
111200,1,0,True,passed,111200,111200,111200,111200,0,256,256,110944,375.7537177084014,295.93852238687697,540.0
111250,1,0,True,passed,111250,111250,111250,111250,0,256,256,110994,375.8788830409758,295.97299826995675,540.0
111300,1,0,True,passed,111300,111300,111300,111300,0,256,256,111044,376.0025542913936,296.00862741412385,540.0
111350,1,0,True,passed,111350,111350,111350,111350,0,256,256,111094,376.1342489584349,296.0379181325358,540.0
111400,1,0,True,passed,111400,111400,111400,111400,0,256,256,111144,376.26128958305344,296.07085045460224,540.0
111450,1,0,True,passed,111450,111450,111450,111450,0,256,256,111194,376.40225095814094,296.0928095310306,540.0
111500,1,0,True,passed,111500,111500,111500,111500,0,256,256,111244,376.53236062498763,296.12328622944017,540.0
111550,1,0,True,passed,111550,111550,111550,111550,0,256,256,111294,376.6593460002914,296.156198391301,540.0
111600,1,0,True,passed,111600,111600,111600,111600,0,256,256,111344,376.79451770801097,296.18265329030635,540.0
111650,1,0,True,passed,111650,111650,111650,111650,0,256,256,111394,376.91824000002816,296.2180869782042,540.0
111700,1,0,True,passed,111700,111700,111700,111700,0,256,256,111444,377.0477801254019,296.24892623117904,540.0
111750,1,0,True,passed,111750,111750,111750,111750,0,256,256,111494,377.1796652912162,296.27790223982265,540.0
111800,1,0,True,passed,111800,111800,111800,111800,0,256,256,111544,377.322943250183,296.2979113779235,540.0
111850,1,0,True,passed,111850,111850,111850,111850,0,256,256,111594,377.4506827914156,296.3301037709603,540.0
111900,1,0,True,passed,111900,111900,111900,111900,0,256,256,111644,377.57317741634324,296.36639118728993,540.0
111950,1,0,True,passed,111950,111950,111950,111950,0,256,256,111694,377.7306705834344,296.37519195114476,540.0
112000,1,0,True,passed,112000,112000,112000,112000,0,256,256,111744,377.8882689583115,296.38390286298034,540.0
112050,1,0,True,passed,112050,112050,112050,112050,0,256,256,111794,378.0156361251138,296.4163100462707,540.0
112100,1,0,True,passed,112100,112100,112100,112100,0,256,256,111844,378.16024475032464,296.4351794145166,540.0
112150,1,0,True,passed,112150,112150,112150,112150,0,256,256,111894,378.28241504123434,296.4716189299341,540.0
112200,1,0,True,passed,112200,112200,112200,112200,0,256,256,111944,378.4097569161095,296.5039826519956,540.0
112250,1,0,True,passed,112250,112250,112250,112250,0,256,256,111994,378.53873637504876,296.535041763295,540.0
112300,1,0,True,passed,112300,112300,112300,112300,0,256,256,112044,378.65991312498227,296.5721907904567,540.0
112350,1,0,True,passed,112350,112350,112350,112350,0,256,256,112094,378.78746516630054,296.6043238803442,540.0
112400,1,0,True,passed,112400,112400,112400,112400,0,256,256,112144,378.9265804584138,296.6273832361454,540.0
112450,1,0,True,passed,112450,112450,112450,112450,0,256,256,112194,379.0539829162881,296.65959221653645,540.0
112500,1,0,True,passed,112500,112500,112500,112500,0,256,256,112244,379.1764894584194,296.6956104284962,540.0
112550,1,0,True,passed,112550,112550,112550,112550,0,256,256,112294,379.3018638333306,296.7293618400349,540.0
112600,1,0,True,passed,112600,112600,112600,112600,0,256,256,112344,379.4247884582728,296.76500699263926,540.0
112650,1,0,True,passed,112650,112650,112650,112650,0,256,256,112394,379.5485367910005,296.7999849305994,540.0
112700,1,0,True,passed,112700,112700,112700,112700,0,256,256,112444,379.69792570825666,296.8148951295398,540.0
112750,1,0,True,passed,112750,112750,112750,112750,0,256,256,112494,379.8274158332497,296.8453442273347,540.0
112800,1,0,True,passed,112800,112800,112800,112800,0,256,256,112544,379.9703316250816,296.86528292240524,540.0
112850,1,0,True,passed,112850,112850,112850,112850,0,256,256,112594,380.11751233320683,296.8818755739855,540.0
112900,1,0,True,passed,112900,112900,112900,112900,0,256,256,112644,380.23903179122135,296.9184922130515,540.0
112950,1,0,True,passed,112950,112950,112950,112950,0,256,256,112694,380.3628472080454,296.953292965073,540.0
113000,1,0,True,passed,113000,113000,113000,113000,0,256,256,112744,380.500917208381,296.97694509922997,540.0
113050,1,0,True,passed,113050,113050,113050,113050,0,256,256,112794,380.6237554163672,297.01246543672437,540.0
113100,1,0,True,passed,113100,113100,113100,113100,0,256,256,112844,380.7659400831908,297.03287004948396,540.0
113150,1,0,True,passed,113150,113150,113150,113150,0,256,256,112894,380.8895780411549,297.0677238844645,540.0
113200,1,0,True,passed,113200,113200,113200,113200,0,256,256,112944,381.034367791377,297.0860624886703,540.0
113250,1,0,True,passed,113250,113250,113250,113250,0,256,256,112994,381.1661002910696,297.11456478820907,540.0
113300,1,0,True,passed,113300,113300,113300,113300,0,256,256,113044,381.26688491599634,297.16716683895356,540.0
113350,1,0,True,passed,113350,113350,113350,113350,0,256,256,113094,381.391314458102,297.20131451093164,540.0
113400,1,0,True,passed,113400,113400,113400,113400,0,256,256,113144,381.5198922911659,297.2322080481615,540.0
113450,1,0,True,passed,113450,113450,113450,113450,0,256,256,113194,381.64354187529534,297.2669193943037,540.0
113500,1,0,True,passed,113500,113500,113500,113500,0,256,256,113244,381.78033900028095,297.29136994641436,540.0
113550,1,0,True,passed,113550,113550,113550,113550,0,256,256,113294,381.9116447912529,297.3200779517071,540.0
113600,1,0,True,passed,113600,113600,113600,113600,0,256,256,113344,382.0377421253361,297.352820085328,540.0
113650,1,0,True,passed,113650,113650,113650,113650,0,256,256,113394,382.14636233309284,297.39914127702326,540.0
113700,1,0,True,passed,113700,113700,113700,113700,0,256,256,113444,382.2617177912034,297.44019531169613,540.0
113750,1,0,True,passed,113750,113750,113750,113750,0,256,256,113494,382.36935383314267,297.4872302387443,540.0
113800,1,0,True,passed,113800,113800,113800,113800,0,256,256,113544,382.48129716608673,297.5308880281905,540.0
113850,1,0,True,passed,113850,113850,113850,113850,0,256,256,113594,382.6056841663085,297.5648421117352,540.0
113900,1,0,True,passed,113900,113900,113900,113900,0,256,256,113644,382.72904829122126,297.59956948272367,540.0
113950,1,0,True,passed,113950,113950,113950,113950,0,256,256,113694,382.86307691643015,297.6259839881937,540.0
114000,1,0,True,passed,114000,114000,114000,114000,0,256,256,113744,382.9887851662934,297.65884646074244,540.0
114050,1,0,True,passed,114050,114050,114050,114050,0,256,256,113794,383.1158152911812,297.6906602336896,540.0
114100,1,0,True,passed,114100,114100,114100,114100,0,256,256,113844,383.23738937499,297.7266915059675,540.0
114150,1,0,True,passed,114150,114150,114150,114150,0,256,256,113894,383.36102950014174,297.7610951974914,540.0
114200,1,0,True,passed,114200,114200,114200,114200,0,256,256,113944,383.4838530411944,297.79611082538196,540.0
114250,1,0,True,passed,114250,114250,114250,114250,0,256,256,113994,383.60692691616714,297.8309096722021,540.0
114300,1,0,True,passed,114300,114300,114300,114300,0,256,256,114044,383.7286926661618,297.86670161628825,540.0
114350,1,0,True,passed,114350,114350,114350,114350,0,256,256,114094,383.86340658320114,297.89242224946236,540.0
114400,1,0,True,passed,114400,114400,114400,114400,0,256,256,114144,383.98521720804274,297.9281359626358,540.0
114450,1,0,True,passed,114450,114450,114450,114450,0,256,256,114194,384.1301376251504,297.9459011145981,540.0
114500,1,0,True,passed,114500,114500,114500,114500,0,256,256,114244,384.25144575024024,297.9819627651418,540.0
114550,1,0,True,passed,114550,114550,114550,114550,0,256,256,114294,384.3741007084027,298.01695740915943,540.0
114600,1,0,True,passed,114600,114600,114600,114600,0,256,256,114344,384.4916779161431,298.0558659191423,540.0
114650,1,0,True,passed,114650,114650,114650,114650,0,256,256,114394,384.6568585000932,298.05785979498455,540.0
114700,1,0,True,passed,114700,114700,114700,114700,0,256,256,114444,384.7852130830288,298.0883778796616,540.0
114750,1,0,True,passed,114750,114750,114750,114750,0,256,256,114494,384.9082074579783,298.1230271961079,540.0
114800,1,0,True,passed,114800,114800,114800,114800,0,256,256,114544,385.0318725001998,298.1571350302706,540.0
114850,1,0,True,passed,114850,114850,114850,114850,0,256,256,114594,385.16245933342725,298.1858621392193,540.0
114900,1,0,True,passed,114900,114900,114900,114900,0,256,256,114644,385.2880810829811,298.21841277060815,540.0
114950,1,0,True,passed,114950,114950,114950,114950,0,256,256,114694,385.4219787912443,298.24453800093283,540.0
115000,1,0,True,passed,115000,115000,115000,115000,0,256,256,114744,385.5592420003377,298.26804151643,540.0
115050,1,0,True,passed,115050,115050,115050,115050,0,256,256,114794,385.68244012538344,298.30240641134145,540.0
115100,1,0,True,passed,115100,115100,115100,115100,0,256,256,114844,385.82287475001067,298.3234212709075,540.0
115150,1,0,True,passed,115150,115150,115150,115150,0,256,256,114894,385.94524162542075,298.3583876174819,540.0
115200,1,0,True,passed,115200,115200,115200,115200,0,256,256,114944,386.0831702500582,298.38130453960815,540.0
115250,1,0,True,passed,115250,115250,115250,115250,0,256,256,114994,386.2321562501602,298.39566212957493,540.0
115300,1,0,True,passed,115300,115300,115300,115300,0,256,256,115044,386.37891962518916,298.41172523554843,540.0
115350,1,0,True,passed,115350,115350,115350,115350,0,256,256,115094,386.5102632082999,298.4396818923151,540.0
115400,1,0,True,passed,115400,115400,115400,115400,0,256,256,115144,386.6321824584156,298.47489483732227,540.0
115450,1,0,True,passed,115450,115450,115450,115450,0,256,256,115194,386.7588905412704,298.5063894418234,540.0
115500,1,0,True,passed,115500,115500,115500,115500,0,256,256,115244,386.8826841660775,298.5401123572106,540.0
115550,1,0,True,passed,115550,115550,115550,115550,0,256,256,115294,387.0218902910128,298.56192349511457,540.0
115600,1,0,True,passed,115600,115600,115600,115600,0,256,256,115344,387.14956412510946,298.5926130673448,540.0
115650,1,0,True,passed,115650,115650,115650,115650,0,256,256,115394,387.2713806251995,298.6277989695444,540.0
115700,1,0,True,passed,115700,115700,115700,115700,0,256,256,115444,387.39675895823166,298.66021675332223,540.0
115750,1,0,True,passed,115750,115750,115750,115750,0,256,256,115494,387.5189546253532,298.69506670171825,540.0
115800,1,0,True,passed,115800,115800,115800,115800,0,256,256,115544,387.6421284582466,298.72914087167635,540.0
115850,1,0,True,passed,115850,115850,115850,115850,0,256,256,115594,387.8676019581035,298.68439492018683,540.0
115900,1,0,True,passed,115900,115900,115900,115900,0,256,256,115644,388.01847295835614,298.69711902205984,540.0
115950,1,0,True,passed,115950,115950,115950,115950,0,256,256,115694,388.16067625023425,298.7165034854043,540.0
116000,1,0,True,passed,116000,116000,116000,116000,0,256,256,115744,388.28825237508863,298.7471273994232,540.0
116050,1,0,True,passed,116050,116050,116050,116050,0,256,256,115794,388.43299912521616,298.76452376949015,540.0
116100,1,0,True,passed,116100,116100,116100,116100,0,256,256,115844,388.57553158327937,298.78360978351384,540.0
116150,1,0,True,passed,116150,116150,116150,116150,0,256,256,115894,388.7089337501675,298.80970030560803,540.0
116200,1,0,True,passed,116200,116200,116200,116200,0,256,256,115944,388.83880804106593,298.8384842176759,540.0
116250,1,0,True,passed,116250,116250,116250,116250,0,256,256,115994,388.9891840000637,298.8514971150997,540.0
116300,1,0,True,passed,116300,116300,116300,116300,0,256,256,116044,389.13373479107395,298.86897383091576,540.0
116350,1,0,True,passed,116350,116350,116350,116350,0,256,256,116094,389.2567687081173,298.902959057456,540.0
116400,1,0,True,passed,116400,116400,116400,116400,0,256,256,116144,389.41135825030506,298.9126987024879,540.0
116450,1,0,True,passed,116450,116450,116450,116450,0,256,256,116194,389.5455794581212,298.9380605011311,540.0
116500,1,0,True,passed,116500,116500,116500,116500,0,256,256,116244,389.66821737540886,298.9722918247735,540.0
116550,1,0,True,passed,116550,116550,116550,116550,0,256,256,116294,389.79745950037614,299.0014356414438,540.0
116600,1,0,True,passed,116600,116600,116600,116600,0,256,256,116344,389.97006862517446,298.9973061549804,540.0
116650,1,0,True,passed,116650,116650,116650,116650,0,256,256,116394,390.10296991607174,299.02361426547594,540.0
116700,1,0,True,passed,116700,116700,116700,116700,0,256,256,116444,390.2290841662325,299.05510566784744,540.0
116750,1,0,True,passed,116750,116750,116750,116750,0,256,256,116494,390.38064258312806,299.06708290521635,540.0
116800,1,0,True,passed,116800,116800,116800,116800,0,256,256,116544,390.552128166426,299.0637909166072,540.0
116850,1,0,True,passed,116850,116850,116850,116850,0,256,256,116594,390.6806523334235,299.0933881728938,540.0
116900,1,0,True,passed,116900,116900,116900,116900,0,256,256,116644,390.80444166623056,299.1265900192591,540.0
116950,1,0,True,passed,116950,116950,116950,116950,0,256,256,116694,390.9254422499798,299.1619049578655,540.0
117000,1,0,True,passed,117000,117000,117000,117000,0,256,256,116744,391.05560379102826,299.1901889801899,540.0
117050,1,0,True,passed,117050,117050,117050,117050,0,256,256,116794,391.19810462510213,299.2090161381861,540.0
117100,1,0,True,passed,117100,117100,117100,117100,0,256,256,116844,391.32413562526926,299.2404233204123,540.0
117150,1,0,True,passed,117150,117150,117150,117150,0,256,256,116894,391.44832020811737,299.2732219101516,540.0
117200,1,0,True,passed,117200,117200,117200,117200,0,256,256,116944,391.5763475834392,299.3030624124364,540.0
117250,1,0,True,passed,117250,117250,117250,117250,0,256,256,116994,391.69673679117113,299.33872046146394,540.0
117300,1,0,True,passed,117300,117300,117300,117300,0,256,256,117044,391.83678520843387,299.35933640738546,540.0
117350,1,0,True,passed,117350,117350,117350,117350,0,256,256,117094,391.9686732911505,299.3861703657975,540.0
117400,1,0,True,passed,117400,117400,117400,117400,0,256,256,117144,392.10881375009194,299.4066847852702,540.0
117450,1,0,True,passed,117450,117450,117450,117450,0,256,256,117194,392.23606920801103,299.4370207644361,540.0
117500,1,0,True,passed,117500,117500,117500,117500,0,256,256,117244,392.3710131663829,299.4614690106446,540.0
117550,1,0,True,passed,117550,117550,117550,117550,0,256,256,117294,392.517171791289,299.47734378995324,540.0
117600,1,0,True,passed,117600,117600,117600,117600,0,256,256,117344,392.6398677909747,299.5111032958207,540.0
117650,1,0,True,passed,117650,117650,117650,117650,0,256,256,117394,392.7761525413953,299.5344784523309,540.0
117700,1,0,True,passed,117700,117700,117700,117700,0,256,256,117444,392.9057525410317,299.56293395757405,540.0
117750,1,0,True,passed,117750,117750,117750,117750,0,256,256,117494,393.00787829142064,299.6123144195262,540.0
117800,1,0,True,passed,117800,117800,117800,117800,0,256,256,117544,393.13026141608134,299.646228137403,540.0
117850,1,0,True,passed,117850,117850,117850,117850,0,256,256,117594,393.2754953331314,299.66270819943395,540.0
117900,1,0,True,passed,117900,117900,117900,117900,0,256,256,117644,393.3978477502242,299.6966065631782,540.0
117950,1,0,True,passed,117950,117950,117950,117950,0,256,256,117694,393.5401169164106,299.7153147287727,540.0
118000,1,0,True,passed,118000,118000,118000,118000,0,256,256,117744,393.6726338332519,299.7414345290288,540.0
118050,1,0,True,passed,118050,118050,118050,118050,0,256,256,117794,393.7941955830902,299.7758761405907,540.0
118100,1,0,True,passed,118100,118100,118100,118100,0,256,256,117844,393.91625008312985,299.8099214619271,540.0
118150,1,0,True,passed,118150,118150,118150,118150,0,256,256,117894,394.0361179159954,299.8456096483734,540.0
118200,1,0,True,passed,118200,118200,118200,118200,0,256,256,117944,394.1622768333182,299.876489829553,540.0
118250,1,0,True,passed,118250,118250,118250,118250,0,256,256,117994,394.33037587534636,299.87545275330393,540.0
118300,1,0,True,passed,118300,118300,118300,118300,0,256,256,118044,394.47272212523967,299.8939935888428,540.0
118350,1,0,True,passed,118350,118350,118350,118350,0,256,256,118094,394.5998857910745,299.9240604511016,540.0
118400,1,0,True,passed,118400,118400,118400,118400,0,256,256,118144,394.7416548752226,299.94300965634375,540.0
118450,1,0,True,passed,118450,118450,118450,118450,0,256,256,118194,394.872909208294,299.96993269932847,540.0
118500,1,0,True,passed,118500,118500,118500,118500,0,256,256,118244,394.99611487518996,300.00295075672676,540.0
118550,1,0,True,passed,118550,118550,118550,118550,0,256,256,118294,395.11938900034875,300.03589623868186,540.0
118600,1,0,True,passed,118600,118600,118600,118600,0,256,256,118344,395.24322358332574,300.0683956697782,540.0
118650,1,0,True,passed,118650,118650,118650,118650,0,256,256,118394,395.37462375033647,300.0951322432944,540.0
118700,1,0,True,passed,118700,118700,118700,118700,0,256,256,118444,395.5311596253887,300.1027785331044,540.0
118750,1,0,True,passed,118750,118750,118750,118750,0,256,256,118494,395.65251816622913,300.1371014909312,540.0
118800,1,0,True,passed,118800,118800,118800,118800,0,256,256,118544,395.77751675015315,300.16864266444975,540.0
118850,1,0,True,passed,118850,118850,118850,118850,0,256,256,118594,395.899628250394,300.2023531197436,540.0
118900,1,0,True,passed,118900,118900,118900,118900,0,256,256,118644,396.03344512498006,300.2271688505439,540.0
118950,1,0,True,passed,118950,118950,118950,118950,0,256,256,118694,396.15623241616413,300.2603272817943,540.0
119000,1,0,True,passed,119000,119000,119000,119000,0,256,256,118744,396.2780305831693,300.29421470798576,540.0
119050,1,0,True,passed,119050,119050,119050,119050,0,256,256,118794,396.4118130831048,300.3190017827296,540.0
119100,1,0,True,passed,119100,119100,119100,119100,0,256,256,118844,396.54728312510997,300.3424939931417,540.0
119150,1,0,True,passed,119150,119150,119150,119150,0,256,256,118894,396.6726993750781,300.3735830262835,540.0
119200,1,0,True,passed,119200,119200,119200,119200,0,256,256,118944,396.80997229134664,300.39567632761185,540.0
119250,1,0,True,passed,119250,119250,119250,119250,0,256,256,118994,396.9477824163623,300.4173477782968,540.0
119300,1,0,True,passed,119300,119300,119300,119300,0,256,256,119044,397.08420183323324,300.4400564142902,540.0
119350,1,0,True,passed,119350,119350,119350,119350,0,256,256,119094,397.264530250337,300.42953979503625,540.0
119400,1,0,True,passed,119400,119400,119400,119400,0,256,256,119144,397.39109145803377,300.4596795613098,540.0
119450,1,0,True,passed,119450,119450,119450,119450,0,256,256,119194,397.513553916011,300.4928984767098,540.0
119500,1,0,True,passed,119500,119500,119500,119500,0,256,256,119244,397.6530256662518,300.51324216578644,540.0
119550,1,0,True,passed,119550,119550,119550,119550,0,256,256,119294,397.78164845798165,300.5417682375266,540.0
119600,1,0,True,passed,119600,119600,119600,119600,0,256,256,119344,397.9092916660011,300.57101581933,540.0
119650,1,0,True,passed,119650,119650,119650,119650,0,256,256,119394,398.0353320003487,300.60145514894936,540.0
119700,1,0,True,passed,119700,119700,119700,119700,0,256,256,119444,398.1663404162973,300.62812410222654,540.0
119750,1,0,True,passed,119750,119750,119750,119750,0,256,256,119494,398.3043341250159,300.64950275538314,540.0
119800,1,0,True,passed,119800,119800,119800,119800,0,256,256,119544,398.4303300413303,300.67992059633815,540.0
119850,1,0,True,passed,119850,119850,119850,119850,0,256,256,119594,398.5692867911421,300.7005405883261,540.0
119900,1,0,True,passed,119900,119900,119900,119900,0,256,256,119644,398.70072766626254,300.72681507710666,540.0
119950,1,0,True,passed,119950,119950,119950,119950,0,256,256,119694,398.8253076663241,300.7582460147082,540.0
120000,1,0,True,passed,120000,120000,120000,120000,0,256,256,119744,398.9496679161675,300.7898230039784,540.0
120050,1,0,True,passed,120050,120050,120050,120050,0,256,256,119794,399.08193870820105,300.8154174769047,540.0
120100,1,0,True,passed,120100,120100,120100,120100,0,256,256,119844,399.20722437510267,300.84625895234745,540.0
120150,1,0,True,passed,120150,120150,120150,120150,0,256,256,119894,399.32867270801216,300.87997234261536,540.0
120200,1,0,True,passed,120200,120200,120200,120200,0,256,256,119944,399.452653916087,300.91175717973925,540.0
120250,1,0,True,passed,120250,120250,120250,120250,0,256,256,119994,399.5841014161706,300.9378991151565,540.0
120300,1,0,True,passed,120300,120300,120300,120300,0,256,256,120044,399.7073174160905,300.97022185553124,540.0
120350,1,0,True,passed,120350,120350,120350,120350,0,256,256,120094,399.83731775032356,300.99741734250017,540.0
120400,1,0,True,passed,120400,120400,120400,120400,0,256,256,120144,399.97107445821166,301.0217680443269,540.0
120450,1,0,True,passed,120450,120450,120450,120450,0,256,256,120194,400.09898391598836,301.05050210597824,540.0
120500,1,0,True,passed,120500,120500,120500,120500,0,256,256,120244,401.7640008330345,299.9273198946401,540.0
120550,1,0,True,passed,120550,120550,120550,120550,0,256,256,120294,401.88837683340535,299.95891135207313,540.0
120600,1,0,True,passed,120600,120600,120600,120600,0,256,256,120344,402.0098594999872,299.9926423446434,540.0
120650,1,0,True,passed,120650,120650,120650,120650,0,256,256,120394,402.1387793752365,300.02080422943055,540.0
120700,1,0,True,passed,120700,120700,120700,120700,0,256,256,120444,402.28174254111946,300.0384736268825,540.0
120750,1,0,True,passed,120750,120750,120750,120750,0,256,256,120494,402.40666433330625,300.0695830921551,540.0
120800,1,0,True,passed,120800,120800,120800,120800,0,256,256,120544,402.5353289581835,300.0978828681868,540.0
120850,1,0,True,passed,120850,120850,120850,120850,0,256,256,120594,402.68013225030154,300.114136062916,540.0
120900,1,0,True,passed,120900,120900,120900,120900,0,256,256,120644,402.81085779098794,300.1408667656448,540.0
120950,1,0,True,passed,120950,120950,120950,120950,0,256,256,120694,402.9378239582293,300.170380660363,540.0
121000,1,0,True,passed,121000,121000,121000,121000,0,256,256,120744,403.0756330001168,300.19180048019655,540.0
121050,1,0,True,passed,121050,121050,121050,121050,0,256,256,120794,403.19975258316845,300.2233985127034,540.0
121100,1,0,True,passed,121100,121100,121100,121100,0,256,256,120844,403.33590683341026,300.2460181409485,540.0
121150,1,0,True,passed,121150,121150,121150,121150,0,256,256,120894,403.4630340412259,300.2753406836793,540.0
121200,1,0,True,passed,121200,121200,121200,121200,0,256,256,120944,403.5891895000823,300.30536781752744,540.0
121250,1,0,True,passed,121250,121250,121250,121250,0,256,256,120994,403.71230183308944,300.33764007055083,540.0
121300,1,0,True,passed,121300,121300,121300,121300,0,256,256,121044,403.84981216629967,300.35918389891526,540.0
121350,1,0,True,passed,121350,121350,121350,121350,0,256,256,121094,403.9728978751227,300.3914387284269,540.0
121400,1,0,True,passed,121400,121400,121400,121400,0,256,256,121144,404.1160835833289,300.40873138118315,540.0
121450,1,0,True,passed,121450,121450,121450,121450,0,256,256,121194,404.24866395816207,300.433893363639,540.0
121500,1,0,True,passed,121500,121500,121500,121500,0,256,256,121244,404.37442962499335,300.4641023238686,540.0
121550,1,0,True,passed,121550,121550,121550,121550,0,256,256,121294,404.5757377911359,300.43818411758235,540.0
121600,1,0,True,passed,121600,121600,121600,121600,0,256,256,121344,404.7194401253946,300.4550509417698,540.0
121650,1,0,True,passed,121650,121650,121650,121650,0,256,256,121394,404.85691216634586,300.4765297177808,540.0
121700,1,0,True,passed,121700,121700,121700,121700,0,256,256,121444,405.0041738753207,300.49073034359634,540.0
121750,1,0,True,passed,121750,121750,121750,121750,0,256,256,121494,405.1449462911114,300.5097338978485,540.0
121800,1,0,True,passed,121800,121800,121800,121800,0,256,256,121544,405.2705835411325,300.5399477449072,540.0
121850,1,0,True,passed,121850,121850,121850,121850,0,256,256,121594,405.46524079144,300.51897854957247,540.0
121900,1,0,True,passed,121900,121900,121900,121900,0,256,256,121644,405.57986287539825,300.55732830465985,540.0
121950,1,0,True,passed,121950,121950,121950,121950,0,256,256,121694,405.68112700013444,300.60555417447256,540.0
122000,1,0,True,passed,122000,122000,122000,122000,0,256,256,121744,405.8331971662119,300.6161172912477,540.0
122050,1,0,True,passed,122050,122050,122050,122050,0,256,256,121794,405.97150179138407,300.6368660397193,540.0
122100,1,0,True,passed,122100,122100,122100,122100,0,256,256,121844,406.1114869583398,300.65635649583436,540.0
122150,1,0,True,passed,122150,122150,122150,122150,0,256,256,121894,406.2446260000579,300.68090057635027,540.0
122200,1,0,True,passed,122200,122200,122200,122200,0,256,256,121944,406.3676515831612,300.71291236869615,540.0
122250,1,0,True,passed,122250,122250,122250,122250,0,256,256,121994,406.50672054104507,300.73303545213196,540.0
122300,1,0,True,passed,122300,122300,122300,122300,0,256,256,122044,406.6438315832056,300.7545928431857,540.0
122350,1,0,True,passed,122350,122350,122350,122350,0,256,256,122094,406.77508308319375,300.7804683429367,540.0
122400,1,0,True,passed,122400,122400,122400,122400,0,256,256,122144,406.9301775000058,300.7887022583825,540.0
122450,1,0,True,passed,122450,122450,122450,122450,0,256,256,122194,407.07277991622686,300.80616057207135,540.0
122500,1,0,True,passed,122500,122500,122500,122500,0,256,256,122244,407.2171797081828,300.82227888269625,540.0
122550,1,0,True,passed,122550,122550,122550,122550,0,256,256,122294,407.36497733322904,300.8358764719058,540.0
122600,1,0,True,passed,122600,122600,122600,122600,0,256,256,122344,407.501688208431,300.85764929958265,540.0
122650,1,0,True,passed,122650,122650,122650,122650,0,256,256,122394,407.7027118750848,300.8319455024339,540.0
122700,1,0,True,passed,122700,122700,122700,122700,0,256,256,122444,407.8422057502903,300.8516486769042,540.0
122750,1,0,True,passed,122750,122750,122750,122750,0,256,256,122494,407.99102500034496,300.8644614177388,540.0
122800,1,0,True,passed,122800,122800,122800,122800,0,256,256,122544,408.24977875035256,300.79624384828634,540.0
122850,1,0,True,passed,122850,122850,122850,122850,0,256,256,122594,408.40805537533015,300.8020982522,540.0
122900,1,0,True,passed,122900,122900,122900,122900,0,256,256,122644,408.57255591638386,300.8033658167486,540.0
122950,1,0,True,passed,122950,122950,122950,122950,0,256,256,122694,408.72121570818126,300.8162906027952,540.0
123000,1,0,True,passed,123000,123000,123000,123000,0,256,256,122744,408.87874779105186,300.82267827443144,540.0
123050,1,0,True,passed,123050,123050,123050,123050,0,256,256,122794,409.034519250039,300.83035589663933,540.0
123100,1,0,True,passed,123100,123100,123100,123100,0,256,256,122844,409.17957154102623,300.8459086468774,540.0
123150,1,0,True,passed,123150,123150,123150,123150,0,256,256,122894,409.3053971664049,300.87558300613574,540.0
123200,1,0,True,passed,123200,123200,123200,123200,0,256,256,122944,409.43589645810425,300.90180432581224,540.0
123250,1,0,True,passed,123250,123250,123250,123250,0,256,256,122994,409.5737075409852,300.9226367092097,540.0
123300,1,0,True,passed,123300,123300,123300,123300,0,256,256,123044,409.8988988753408,300.8058824707851,540.0
123350,1,0,True,passed,123350,123350,123350,123350,0,256,256,123094,410.07990908343345,300.79503352334103,540.0
123400,1,0,True,passed,123400,123400,123400,123400,0,256,256,123144,410.2394502502866,300.7999350738058,540.0
123450,1,0,True,passed,123450,123450,123450,123450,0,256,256,123194,410.3706271252595,300.8256240579293,540.0
123500,1,0,True,passed,123500,123500,123500,123500,0,256,256,123244,410.53656533313915,300.82582266401323,540.0
123550,1,0,True,passed,123550,123550,123550,123550,0,256,256,123294,410.66925041610375,300.850379897728,540.0
123600,1,0,True,passed,123600,123600,123600,123600,0,256,256,123344,410.7961476254277,300.87916041681336,540.0
123650,1,0,True,passed,123650,123650,123650,123650,0,256,256,123394,410.9351222082041,300.8990794837721,540.0
123700,1,0,True,passed,123700,123700,123700,123700,0,256,256,123444,411.0614591659978,300.9282365001448,540.0
123750,1,0,True,passed,123750,123750,123750,123750,0,256,256,123494,411.18389766616747,300.9602289933793,540.0
123800,1,0,True,passed,123800,123800,123800,123800,0,256,256,123544,411.3147760001011,300.98602633222583,540.0
123850,1,0,True,passed,123850,123850,123850,123850,0,256,256,123594,411.479097916279,300.9873420719877,540.0
123900,1,0,True,passed,123900,123900,123900,123900,0,256,256,123644,411.6177319162525,301.00744062505214,540.0
123950,1,0,True,passed,123950,123950,123950,123950,0,256,256,123694,411.81005912506953,300.98827664225547,540.0
124000,1,0,True,passed,124000,124000,124000,124000,0,256,256,123744,411.9597800411284,301.0002578106541,540.0
124050,1,0,True,passed,124050,124050,124050,124050,0,256,256,123794,412.1515010003932,300.98155580872594,540.0
124100,1,0,True,passed,124100,124100,124100,124100,0,256,256,123844,412.3195552909747,300.9801461209435,540.0
124150,1,0,True,passed,124150,124150,124150,124150,0,256,256,123894,412.45574575010687,301.0019893751664,540.0
124200,1,0,True,passed,124200,124200,124200,124200,0,256,256,123944,412.5930057084188,301.0230379129904,540.0
124250,1,0,True,passed,124250,124250,124250,124250,0,256,256,123994,412.7309492500499,301.0435738482119,540.0
124300,1,0,True,passed,124300,124300,124300,124300,0,256,256,124044,412.8548534582369,301.0743338943787,540.0
124350,1,0,True,passed,124350,124350,124350,124350,0,256,256,124094,412.97997837513685,301.10418546015984,540.0
124400,1,0,True,passed,124400,124400,124400,124400,0,256,256,124144,413.11650383332744,301.1257087182104,540.0
124450,1,0,True,passed,124450,124450,124450,124450,0,256,256,124194,413.25236887531355,301.14769901669706,540.0
124500,1,0,True,passed,124500,124500,124500,124500,0,256,256,124244,413.38075279118493,301.1751252552629,540.0
124550,1,0,True,passed,124550,124550,124550,124550,0,256,256,124294,413.5246461662464,301.1912377041925,540.0
124600,1,0,True,passed,124600,124600,124600,124600,0,256,256,124344,413.6478175004013,301.2224281828324,540.0
124650,1,0,True,passed,124650,124650,124650,124650,0,256,256,124394,413.77569758333266,301.2501718395291,540.0
124700,1,0,True,passed,124700,124700,124700,124700,0,256,256,124444,413.89929295843467,301.2810171978787,540.0
124750,1,0,True,passed,124750,124750,124750,124750,0,256,256,124494,414.03135400032625,301.30568324036085,540.0
124800,1,0,True,passed,124800,124800,124800,124800,0,256,256,124544,414.1654202500358,301.32887464302786,540.0
124850,1,0,True,passed,124850,124850,124850,124850,0,256,256,124594,414.29823179123923,301.3529636856154,540.0
124900,1,0,True,passed,124900,124900,124900,124900,0,256,256,124644,414.4492571251467,301.3637926784492,540.0
124950,1,0,True,passed,124950,124950,124950,124950,0,256,256,124694,414.59065379109234,301.3816130620275,540.0
125000,1,0,True,passed,125000,125000,125000,125000,0,256,256,124744,414.7123717502691,301.41372313645934,540.0
125050,1,0,True,passed,125050,125050,125050,125050,0,256,256,124794,414.8485191660002,301.4353293375544,540.0
125100,1,0,True,passed,125100,125100,125100,125100,0,256,256,124844,414.9768240409903,301.46261851877046,540.0
125150,1,0,True,passed,125150,125150,125150,125150,0,256,256,124894,415.11346966633573,301.4838330844682,540.0
125200,1,0,True,passed,125200,125200,125200,125200,0,256,256,124944,415.23894691606984,301.51314304654096,540.0
125250,1,0,True,passed,125250,125250,125250,125250,0,256,256,124994,415.3876853333786,301.52554931780855,540.0
125300,1,0,True,passed,125300,125300,125300,125300,0,256,256,125044,415.5017211250961,301.56313110018533,540.0
125350,1,0,True,passed,125350,125350,125350,125350,0,256,256,125094,415.6223946250975,301.5958755376236,540.0
125400,1,0,True,passed,125400,125400,125400,125400,0,256,256,125144,415.7658204161562,301.61209469908385,540.0
125450,1,0,True,passed,125450,125450,125450,125450,0,256,256,125194,415.89137112535536,301.64126670997376,540.0
125500,1,0,True,passed,125500,125500,125500,125500,0,256,256,125244,416.03266241634265,301.65900742285106,540.0
125550,1,0,True,passed,125550,125550,125550,125550,0,256,256,125294,416.15444712527096,301.690876710028,540.0
125600,1,0,True,passed,125600,125600,125600,125600,0,256,256,125344,416.2779366662726,301.7214916693813,540.0
125650,1,0,True,passed,125650,125650,125650,125650,0,256,256,125394,416.4142270004377,301.7428124516695,540.0
125700,1,0,True,passed,125700,125700,125700,125700,0,256,256,125444,416.57515641627833,301.74627090433006,540.0
125750,1,0,True,passed,125750,125750,125750,125750,0,256,256,125494,416.7676233332604,301.7268927808396,540.0
125800,1,0,True,passed,125800,125800,125800,125800,0,256,256,125544,416.90833004098386,301.74499028991175,540.0
125850,1,0,True,passed,125850,125850,125850,125850,0,256,256,125594,417.0392924579792,301.7701264028512,540.0
125900,1,0,True,passed,125900,125900,125900,125900,0,256,256,125644,417.2018723334186,301.7723753151891,540.0
125950,1,0,True,passed,125950,125950,125950,125950,0,256,256,125694,417.3595762080513,301.77814810031975,540.0
126000,1,0,True,passed,126000,126000,126000,126000,0,256,256,125744,417.52134125027806,301.78098111749176,540.0
126050,1,0,True,passed,126050,126050,126050,126050,0,256,256,125794,417.6868338333443,301.78111874671526,540.0
126100,1,0,True,passed,126100,126100,126100,126100,0,256,256,125844,417.8252322082408,301.8008255115449,540.0
126150,1,0,True,passed,126150,126150,126150,126150,0,256,256,125894,417.95377416629344,301.8276369238098,540.0
126200,1,0,True,passed,126200,126200,126200,126200,0,256,256,125944,418.0835727499798,301.85352457143654,540.0
126250,1,0,True,passed,126250,126250,126250,126250,0,256,256,125994,418.22499295836315,301.87100753342344,540.0
126300,1,0,True,passed,126300,126300,126300,126300,0,256,256,126044,418.3501721252687,301.90019848296214,540.0
126350,1,0,True,passed,126350,126350,126350,126350,0,256,256,126094,418.4943020832725,301.91569961891315,540.0
126400,1,0,True,passed,126400,126400,126400,126400,0,256,256,126144,418.73751175031066,301.85974853710064,540.0
126450,1,0,True,passed,126450,126450,126450,126450,0,256,256,126194,418.9301775833592,301.8402749819541,540.0
126500,1,0,True,passed,126500,126500,126500,126500,0,256,256,126244,419.0953313750215,301.84063273852905,540.0
126550,1,0,True,passed,126550,126550,126550,126550,0,256,256,126294,419.22845183312893,301.864053946349,540.0
126600,1,0,True,passed,126600,126600,126600,126600,0,256,256,126344,419.37041166611016,301.8810971833536,540.0
126650,1,0,True,passed,126650,126650,126650,126650,0,256,256,126394,419.4943009582348,301.9111337405496,540.0
126700,1,0,True,passed,126700,126700,126700,126700,0,256,256,126444,419.62461270811036,301.93653127809296,540.0
126750,1,0,True,passed,126750,126750,126750,126750,0,256,256,126494,419.749785291031,301.9656100886833,540.0
126800,1,0,True,passed,126800,126800,126800,126800,0,256,256,126544,419.8733357503079,301.99583827682255,540.0
126850,1,0,True,passed,126850,126850,126850,126850,0,256,256,126594,420.03001062525436,302.002230295811,540.0
126900,1,0,True,passed,126900,126900,126900,126900,0,256,256,126644,420.1687537082471,302.02150654952237,540.0
126950,1,0,True,passed,126950,126950,126950,126950,0,256,256,126694,420.2997924583033,302.0463066552533,540.0
127000,1,0,True,passed,127000,127000,127000,127000,0,256,256,126744,420.43676266632974,302.06682972866173,540.0
127050,1,0,True,passed,127050,127050,127050,127050,0,256,256,126794,420.56327208317816,302.0948533396238,540.0
127100,1,0,True,passed,127100,127100,127100,127100,0,256,256,126844,420.69328383309767,302.1203448791557,540.0
127150,1,0,True,passed,127150,127150,127150,127150,0,256,256,126894,420.84597791638225,302.1295359160196,540.0
127200,1,0,True,passed,127200,127200,127200,127200,0,256,256,126944,420.9788629580289,302.152937338048,540.0
127250,1,0,True,passed,127250,127250,127250,127250,0,256,256,126994,421.1434520832263,302.1535758671914,540.0
127300,1,0,True,passed,127300,127300,127300,127300,0,256,256,127044,421.27663529105484,302.1767393106195,540.0
127350,1,0,True,passed,127350,127350,127350,127350,0,256,256,127094,421.4043822083622,302.2037866161348,540.0
127400,1,0,True,passed,127400,127400,127400,127400,0,256,256,127144,421.53722620802,302.2271630575533,540.0
127450,1,0,True,passed,127450,127450,127450,127450,0,256,256,127194,421.6888208333403,302.2370850337784,540.0
127500,1,0,True,passed,127500,127500,127500,127500,0,256,256,127244,421.8293074583635,302.25495892692294,540.0
127550,1,0,True,passed,127550,127550,127550,127550,0,256,256,127294,421.9625315410085,302.27802344010735,540.0
127600,1,0,True,passed,127600,127600,127600,127600,0,256,256,127344,422.08486429136246,302.30887386646145,540.0
127650,1,0,True,passed,127650,127650,127650,127650,0,256,256,127394,422.19771012524143,302.34650008436495,540.0
127700,1,0,True,passed,127700,127700,127700,127700,0,256,256,127444,422.3204785413109,302.37700156306425,540.0
127750,1,0,True,passed,127750,127750,127750,127750,0,256,256,127494,422.44234875030816,302.4081282994401,540.0
127800,1,0,True,passed,127800,127800,127800,127800,0,256,256,127544,422.56803050031886,302.4365090957906,540.0
127850,1,0,True,passed,127850,127850,127850,127850,0,256,256,127594,422.70393841620535,302.45755570442674,540.0
127900,1,0,True,passed,127900,127900,127900,127900,0,256,256,127644,422.82729075010866,302.48757068897197,540.0
127950,1,0,True,passed,127950,127950,127950,127950,0,256,256,127694,422.95094254100695,302.51735397798456,540.0
128000,1,0,True,passed,128000,128000,128000,128000,0,256,256,127744,423.07520537497476,302.5466828918812,540.0
128050,1,0,True,passed,128050,128050,128050,128050,0,256,256,127794,423.2035078750923,302.573106359491,540.0
128100,1,0,True,passed,128100,128100,128100,128100,0,256,256,127844,423.3267985410057,302.6030963347848,540.0
128150,1,0,True,passed,128150,128150,128150,128150,0,256,256,127894,423.45941687515005,302.6264026566279,540.0
128200,1,0,True,passed,128200,128200,128200,128200,0,256,256,127944,423.5861468752846,302.653901563371,540.0
128250,1,0,True,passed,128250,128250,128250,128250,0,256,256,127994,423.70916075026616,302.68403867621464,540.0
128300,1,0,True,passed,128300,128300,128300,128300,0,256,256,128044,423.83704300038517,302.7106811895236,540.0
128350,1,0,True,passed,128350,128350,128350,128350,0,256,256,128094,423.97047379100695,302.73334567932477,540.0
128400,1,0,True,passed,128400,128400,128400,128400,0,256,256,128144,424.10736616607755,302.7535247989997,540.0
128450,1,0,True,passed,128450,128450,128450,128450,0,256,256,128194,424.2289472501725,302.7846186183321,540.0
128500,1,0,True,passed,128500,128500,128500,128500,0,256,256,128244,424.3512826249935,302.8151563608155,540.0
128550,1,0,True,passed,128550,128550,128550,128550,0,256,256,128294,424.47595887538046,302.8440063851538,540.0
128600,1,0,True,passed,128600,128600,128600,128600,0,256,256,128344,424.6089942501858,302.86687691836084,540.0
128650,1,0,True,passed,128650,128650,128650,128650,0,256,256,128394,424.75816079135984,302.8782301917739,540.0
128700,1,0,True,passed,128700,128700,128700,128700,0,256,256,128444,424.8845496661961,302.9058131229087,540.0
128750,1,0,True,passed,128750,128750,128750,128750,0,256,256,128494,425.0038008331321,302.93846725043926,540.0
128800,1,0,True,passed,128800,128800,128800,128800,0,256,256,128544,425.12688204133883,302.9683735395393,540.0
128850,1,0,True,passed,128850,128850,128850,128850,0,256,256,128594,425.2458105003461,303.0012214544677,540.0
128900,1,0,True,passed,128900,128900,128900,128900,0,256,256,128644,425.3813495412469,303.0222179204904,540.0
128950,1,0,True,passed,128950,128950,128950,128950,0,256,256,128694,425.50425733299926,303.0521969585932,540.0
129000,1,0,True,passed,129000,129000,129000,129000,0,256,256,128744,425.6313541661948,303.0791757639871,540.0
129050,1,0,True,passed,129050,129050,129050,129050,0,256,256,128794,425.7476082909852,303.1138578042189,540.0
129100,1,0,True,passed,129100,129100,129100,129100,0,256,256,128844,425.8484565829858,303.15948785138323,540.0
129150,1,0,True,passed,129150,129150,129150,129150,0,256,256,128894,425.9721544161439,303.188832089315,540.0
129200,1,0,True,passed,129200,129200,129200,129200,0,256,256,128944,426.1135425413959,303.2055710537492,540.0
129250,1,0,True,passed,129250,129250,129250,129250,0,256,256,128994,426.24068225035444,303.23243505903645,540.0
129300,1,0,True,passed,129300,129300,129300,129300,0,256,256,129044,426.3735768753104,303.2551898444982,540.0
129350,1,0,True,passed,129350,129350,129350,129350,0,256,256,129094,426.503013250418,303.28038954335153,540.0
129400,1,0,True,passed,129400,129400,129400,129400,0,256,256,129144,426.631547333207,303.30621541903054,540.0
129450,1,0,True,passed,129450,129450,129450,129450,0,256,256,129194,426.7557078753598,303.33513438983164,540.0
129500,1,0,True,passed,129500,129500,129500,129500,0,256,256,129244,426.8782925000414,303.3651564748691,540.0
129550,1,0,True,passed,129550,129550,129550,129550,0,256,256,129294,427.00542912539095,303.391927042589,540.0
129600,1,0,True,passed,129600,129600,129600,129600,0,256,256,129344,427.1408357913606,303.4128070660607,540.0
129650,1,0,True,passed,129650,129650,129650,129650,0,256,256,129394,427.26497087534517,303.44167867163037,540.0
129700,1,0,True,passed,129700,129700,129700,129700,0,256,256,129444,427.3890549582429,303.4705697193674,540.0
129750,1,0,True,passed,129750,129750,129750,129750,0,256,256,129494,427.51947595831007,303.4949453686472,540.0
129800,1,0,True,passed,129800,129800,129800,129800,0,256,256,129544,427.64548300020397,303.5224389355659,540.0
129850,1,0,True,passed,129850,129850,129850,129850,0,256,256,129594,427.7786687910557,303.54482229553145,540.0
129900,1,0,True,passed,129900,129900,129900,129900,0,256,256,129644,427.90532837528735,303.5718215830987,540.0
129950,1,0,True,passed,129950,129950,129950,129950,0,256,256,129694,428.1426641251892,303.52032368818664,540.0
130000,1,0,True,passed,130000,130000,130000,130000,0,256,256,129744,428.3285156660713,303.50535919338404,540.0
130050,1,0,True,passed,130050,130050,130050,130050,0,256,256,129794,428.4847375410609,303.51139400277367,540.0
130100,1,0,True,passed,130100,130100,130100,130100,0,256,256,129844,428.633349083364,303.52281332803415,540.0
130150,1,0,True,passed,130150,130150,130150,130150,0,256,256,129894,428.7608039160259,303.5492022855015,540.0
130200,1,0,True,passed,130200,130200,130200,130200,0,256,256,129944,428.9072511661798,303.5621329459737,540.0
130250,1,0,True,passed,130250,130250,130250,130250,0,256,256,129994,429.04459895798936,303.58149319752573,540.0
130300,1,0,True,passed,130300,130300,130300,130300,0,256,256,130044,429.23466179100797,303.5635553203352,540.0
130350,1,0,True,passed,130350,130350,130350,130350,0,256,256,130094,429.3590867500752,303.592037580132,540.0
130400,1,0,True,passed,130400,130400,130400,130400,0,256,256,130144,429.48503529140726,303.6194262543353,540.0
130450,1,0,True,passed,130450,130450,130450,130450,0,256,256,130194,429.62470216630027,303.6371031326431,540.0
130500,1,0,True,passed,130500,130500,130500,130500,0,256,256,130244,429.74793150043115,303.66638309198953,540.0
130550,1,0,True,passed,130550,130550,130550,130550,0,256,256,130294,429.89217375032604,303.68080177198385,540.0
130600,1,0,True,passed,130600,130600,130600,130600,0,256,256,130344,430.0154652502388,303.71000709009377,540.0
130650,1,0,True,passed,130650,130650,130650,130650,0,256,256,130394,430.1683108750731,303.7183276802149,540.0
130700,1,0,True,passed,130700,130700,130700,130700,0,256,256,130444,430.3637822503224,303.696559493424,540.0
130750,1,0,True,passed,130750,130750,130750,130750,0,256,256,130494,430.49880075035617,303.7174546644584,540.0
130800,1,0,True,passed,130800,130800,130800,130800,0,256,256,130544,430.62891050009057,303.7417990540895,540.0
130850,1,0,True,passed,130850,130850,130850,130850,0,256,256,130594,430.7637595003471,303.7627867111569,540.0
130900,1,0,True,passed,130900,130900,130900,130900,0,256,256,130644,430.9087716252543,303.77659639251664,540.0
130950,1,0,True,passed,130950,130950,130950,130950,0,256,256,130694,431.0178870833479,303.81569750184775,540.0
131000,1,0,True,passed,131000,131000,131000,131000,0,256,256,130744,431.1260079164058,303.8554798238954,540.0
131050,1,0,True,passed,131050,131050,131050,131050,0,256,256,130794,431.25797212542966,303.8784404474374,540.0
131100,1,0,True,passed,131100,131100,131100,131100,0,256,256,130844,431.40880487533286,303.88809527864146,540.0
131150,1,0,True,passed,131150,131150,131150,131150,0,256,256,130894,431.55116495816037,303.9037098016297,540.0
131200,1,0,True,passed,131200,131200,131200,131200,0,256,256,130944,431.6756679164246,303.9318862544767,540.0
131250,1,0,True,passed,131250,131250,131250,131250,0,256,256,130994,431.80579866608605,303.95608490078473,540.0
131300,1,0,True,passed,131300,131300,131300,131300,0,256,256,131044,431.9302559583448,303.9842617847603,540.0
131350,1,0,True,passed,131350,131350,131350,131350,0,256,256,131094,432.0526841250248,304.0138502229296,540.0
131400,1,0,True,passed,131400,131400,131400,131400,0,256,256,131144,432.2277807081118,304.00637317834935,540.0
131450,1,0,True,passed,131450,131450,131450,131450,0,256,256,131194,432.3578409580514,304.030568079263,540.0
131500,1,0,True,passed,131500,131500,131500,131500,0,256,256,131244,432.4812619583681,304.0594161340996,540.0
131550,1,0,True,passed,131550,131550,131550,131550,0,256,256,131294,432.6041143750772,304.0886474000182,540.0
131600,1,0,True,passed,131600,131600,131600,131600,0,256,256,131344,432.73529620841146,304.1120083179431,540.0
131650,1,0,True,passed,131650,131650,131650,131650,0,256,256,131394,432.85888475039974,304.1406902758011,540.0
131700,1,0,True,passed,131700,131700,131700,131700,0,256,256,131444,432.9909764584154,304.1633825194704,540.0
131750,1,0,True,passed,131750,131750,131750,131750,0,256,256,131494,433.1263574580662,304.1837508417058,540.0
131800,1,0,True,passed,131800,131800,131800,131800,0,256,256,131544,433.2489995411597,304.21305101589434,540.0
131850,1,0,True,passed,131850,131850,131850,131850,0,256,256,131594,433.371591208037,304.2423700004515,540.0
131900,1,0,True,passed,131900,131900,131900,131900,0,256,256,131644,433.5101225413382,304.26048468435107,540.0
131950,1,0,True,passed,131950,131950,131950,131950,0,256,256,131694,433.6473709163256,304.2794880116093,540.0
132000,1,0,True,passed,132000,132000,132000,132000,0,256,256,131744,433.78985850000754,304.2948040704315,540.0
132050,1,0,True,passed,132050,132050,132050,132050,0,256,256,131794,433.9388250410557,304.3055665450229,540.0
132100,1,0,True,passed,132100,132100,132100,132100,0,256,256,131844,434.0811851252802,304.3209531458375,540.0
132150,1,0,True,passed,132150,132150,132150,132150,0,256,256,131894,434.22257000021636,304.33701315879125,540.0
132200,1,0,True,passed,132200,132200,132200,132200,0,256,256,131944,434.3484490830451,304.36392780747343,540.0
132250,1,0,True,passed,132250,132250,132250,132250,0,256,256,131994,434.4910182082094,304.37913433834296,540.0
132300,1,0,True,passed,132300,132300,132300,132300,0,256,256,132044,434.61470916634426,304.4075527350906,540.0
132350,1,0,True,passed,132350,132350,132350,132350,0,256,256,132094,434.73504241602495,304.4383062944948,540.0
132400,1,0,True,passed,132400,132400,132400,132400,0,256,256,132144,434.85956508340314,304.4661095924303,540.0
132450,1,0,True,passed,132450,132450,132450,132450,0,256,256,132194,434.9802463334054,304.49658603227516,540.0
132500,1,0,True,passed,132500,132500,132500,132500,0,256,256,132244,435.10431166598573,304.5246770657506,540.0
132550,1,0,True,passed,132550,132550,132550,132550,0,256,256,132294,435.22936754114926,304.5520589496248,540.0
132600,1,0,True,passed,132600,132600,132600,132600,0,256,256,132344,435.36654370836914,304.5709458300091,540.0
132650,1,0,True,passed,132650,132650,132650,132650,0,256,256,132394,435.498574166093,304.59341974655734,540.0
132700,1,0,True,passed,132700,132700,132700,132700,0,256,256,132444,435.62728870799765,304.6181987211302,540.0
132750,1,0,True,passed,132750,132750,132750,132750,0,256,256,132494,435.7704316251911,304.6328763172695,540.0
132800,1,0,True,passed,132800,132800,132800,132800,0,256,256,132544,435.9042922081426,304.6540315702799,540.0
132850,1,0,True,passed,132850,132850,132850,132850,0,256,256,132594,436.035526458174,304.677008956387,540.0
132900,1,0,True,passed,132900,132900,132900,132900,0,256,256,132644,436.27162325009704,304.6267346244836,540.0
132950,1,0,True,passed,132950,132950,132950,132950,0,256,256,132694,436.50313341617584,304.57971506298736,540.0
133000,1,0,True,passed,133000,133000,133000,133000,0,256,256,132744,436.671428500209,304.57683127289,540.0
133050,1,0,True,passed,133050,133050,133050,133050,0,256,256,132794,436.819688541349,304.5879192036592,540.0
133100,1,0,True,passed,133100,133100,133100,133100,0,256,256,132844,436.9722832082771,304.5959780853186,540.0
133150,1,0,True,passed,133150,133150,133150,133150,0,256,256,132894,437.10644516628236,304.6168764437861,540.0
133200,1,0,True,passed,133200,133200,133200,133200,0,256,256,132944,437.23727983329445,304.6400802117907,540.0
133250,1,0,True,passed,133250,133250,133250,133250,0,256,256,132994,437.3667793329805,304.6642001553409,540.0
133300,1,0,True,passed,133300,133300,133300,133300,0,256,256,133044,437.4952477500774,304.68902390489205,540.0
133350,1,0,True,passed,133350,133350,133350,133350,0,256,256,133094,437.62223258335143,304.7148660908163,540.0
133400,1,0,True,passed,133400,133400,133400,133400,0,256,256,133144,437.76309279119596,304.73103419805443,540.0
133450,1,0,True,passed,133450,133450,133450,133450,0,256,256,133194,437.9096981664188,304.74319376522465,540.0
133500,1,0,True,passed,133500,133500,133500,133500,0,256,256,133244,438.06135741621256,304.7518292583805,540.0
133550,1,0,True,passed,133550,133550,133550,133550,0,256,256,133294,438.2038900000043,304.76680615500396,540.0
133600,1,0,True,passed,133600,133600,133600,133600,0,256,256,133344,438.361620250158,304.7712067579252,540.0
133650,1,0,True,passed,133650,133650,133650,133650,0,256,256,133394,438.53471979126334,304.7649227491397,540.0
133700,1,0,True,passed,133700,133700,133700,133700,0,256,256,133444,438.7491790000349,304.7299149475773,540.0
133750,1,0,True,passed,133750,133750,133750,133750,0,256,256,133494,438.8832454159856,304.750754094584,540.0
133800,1,0,True,passed,133800,133800,133800,133800,0,256,256,133544,439.0079096662812,304.7781077605417,540.0
133850,1,0,True,passed,133850,133850,133850,133850,0,256,256,133594,439.1760658333078,304.7752607966657,540.0
133900,1,0,True,passed,133900,133900,133900,133900,0,256,256,133644,439.30944525031373,304.7965425002534,540.0
133950,1,0,True,passed,133950,133950,133950,133950,0,256,256,133694,439.4657732080668,304.80189394995466,540.0
134000,1,0,True,passed,134000,134000,134000,134000,0,256,256,133744,439.6016907081939,304.82139362141066,540.0
134050,1,0,True,passed,134050,134050,134050,134050,0,256,256,133794,439.7286529582925,304.84708944521384,540.0
134100,1,0,True,passed,134100,134100,134100,134100,0,256,256,133844,439.8719494580291,304.86144925864454,540.0
134150,1,0,True,passed,134150,134150,134150,134150,0,256,256,133894,439.9965911661275,304.8887257159445,540.0
134200,1,0,True,passed,134200,134200,134200,134200,0,256,256,133944,440.1441000411287,304.9001451739552,540.0
134250,1,0,True,passed,134250,134250,134250,134250,0,256,256,133994,440.2695530001074,304.92683194917015,540.0
134300,1,0,True,passed,134300,134300,134300,134300,0,256,256,134044,440.4062505001202,304.9457173859147,540.0
134350,1,0,True,passed,134350,134350,134350,134350,0,256,256,134094,440.5300586251542,304.97351399650586,540.0
134400,1,0,True,passed,134400,134400,134400,134400,0,256,256,134144,440.65403283340856,305.00118003188817,540.0
134450,1,0,True,passed,134450,134450,134450,134450,0,256,256,134194,440.7924085832201,305.01886462188537,540.0
134500,1,0,True,passed,134500,134500,134500,134500,0,256,256,134244,440.9245981252752,305.04081779938696,540.0
134550,1,0,True,passed,134550,134550,134550,134550,0,256,256,134294,441.10865566600114,305.0268868491183,540.0
134600,1,0,True,passed,134600,134600,134600,134600,0,256,256,134344,441.3075041663833,305.00274463779033,540.0
134650,1,0,True,passed,134650,134650,134650,134650,0,256,256,134394,441.52106000017375,304.9684651507836,540.0
134700,1,0,True,passed,134700,134700,134700,134700,0,256,256,134444,441.6716570002027,304.97768617273573,540.0
134750,1,0,True,passed,134750,134750,134750,134750,0,256,256,134494,441.81715220818296,304.9904226817029,540.0
134800,1,0,True,passed,134800,134800,134800,134800,0,256,256,134544,441.97134291613474,304.99715006540293,540.0
134850,1,0,True,passed,134850,134850,134850,134850,0,256,256,134594,442.12588741630316,305.0036286905454,540.0
134900,1,0,True,passed,134900,134900,134900,134900,0,256,256,134644,442.24684445839375,305.03326748483175,540.0
134950,1,0,True,passed,134950,134950,134950,134950,0,256,256,134694,442.376671125181,305.0567735788506,540.0
135000,1,0,True,passed,135000,135000,135000,135000,0,256,256,134744,442.51627075020224,305.073528191705,540.0
135050,1,0,True,passed,135050,135050,135050,135050,0,256,256,134794,442.6465645004064,305.0966862296206,540.0
135100,1,0,True,passed,135100,135100,135100,135100,0,256,256,134844,442.78647962538525,305.11320064311786,540.0
135150,1,0,True,passed,135150,135150,135150,135150,0,256,256,134894,442.9182981662452,305.1352824201287,540.0
135200,1,0,True,passed,135200,135200,135200,135200,0,256,256,134944,443.0603415002115,305.15030874171674,540.0
135250,1,0,True,passed,135250,135250,135250,135250,0,256,256,134994,443.1732694162056,305.18537405959864,540.0
135300,1,0,True,passed,135300,135300,135300,135300,0,256,256,135044,443.2953588333912,305.21411357895886,540.0
135350,1,0,True,passed,135350,135350,135350,135350,0,256,256,135094,443.4182376251556,305.242293877904,540.0
135400,1,0,True,passed,135400,135400,135400,135400,0,256,256,135144,443.5426379162818,305.26941138307564,540.0
135450,1,0,True,passed,135450,135450,135450,135450,0,256,256,135194,443.67081045825034,305.29391793906603,540.0
135500,1,0,True,passed,135500,135500,135500,135500,0,256,256,135244,443.7775021251291,305.33318915701574,540.0
135550,1,0,True,passed,135550,135550,135550,135550,0,256,256,135294,443.88683187542483,305.37062662413376,540.0
135600,1,0,True,passed,135600,135600,135600,135600,0,256,256,135344,444.0130942501128,305.396398790925,540.0
135650,1,0,True,passed,135650,135650,135650,135650,0,256,256,135394,444.1606726660393,305.4074985652638,540.0
135700,1,0,True,passed,135700,135700,135700,135700,0,256,256,135444,444.29011541604996,305.4310579764428,540.0
135750,1,0,True,passed,135750,135750,135750,135750,0,256,256,135494,444.41673537530005,305.4565438121095,540.0
135800,1,0,True,passed,135800,135800,135800,135800,0,256,256,135544,444.5491659999825,305.47802219924836,540.0
135850,1,0,True,passed,135850,135850,135850,135850,0,256,256,135594,444.68532837508246,305.49692407529454,540.0
135900,1,0,True,passed,135900,135900,135900,135900,0,256,256,135644,444.82248025014997,305.5151347647165,540.0
135950,1,0,True,passed,135950,135950,135950,135950,0,256,256,135694,444.9667310831137,305.52845977738144,540.0
136000,1,0,True,passed,136000,136000,136000,136000,0,256,256,135744,445.0878280410543,305.55767071539765,540.0
136050,1,0,True,passed,136050,136050,136050,136050,0,256,256,135794,445.2157902084291,305.58215362556615,540.0
136100,1,0,True,passed,136100,136100,136100,136100,0,256,256,135844,445.3490151250735,305.6030110716135,540.0
136150,1,0,True,passed,136150,136150,136150,136150,0,256,256,135894,445.47127691609785,305.63137749876324,540.0
136200,1,0,True,passed,136200,136200,136200,136200,0,256,256,135944,445.594214416109,305.65926485035646,540.0
136250,1,0,True,passed,136250,136250,136250,136250,0,256,256,135994,445.8276569582522,305.61136769664023,540.0
136300,1,0,True,passed,136300,136300,136300,136300,0,256,256,136044,445.96889100037515,305.6266989705462,540.0
136350,1,0,True,passed,136350,136350,136350,136350,0,256,256,136094,446.14687837520614,305.61684191664494,540.0
136400,1,0,True,passed,136400,136400,136400,136400,0,256,256,136144,446.2714328332804,305.64358362359434,540.0
136450,1,0,True,passed,136450,136450,136450,136450,0,256,256,136194,446.40535729099065,305.6638944210848,540.0
136500,1,0,True,passed,136500,136500,136500,136500,0,256,256,136244,446.53657862497494,305.6860435047135,540.0
136550,1,0,True,passed,136550,136550,136550,136550,0,256,256,136294,446.66222454141825,305.7119955469571,540.0
136600,1,0,True,passed,136600,136600,136600,136600,0,256,256,136344,446.79439137503505,305.7334707797154,540.0
136650,1,0,True,passed,136650,136650,136650,136650,0,256,256,136394,446.91998900007457,305.75942755600755,540.0
136700,1,0,True,passed,136700,136700,136700,136700,0,256,256,136444,447.0471937083639,305.78427048392956,540.0
136750,1,0,True,passed,136750,136750,136750,136750,0,256,256,136494,447.1954355831258,305.79471327045906,540.0
136800,1,0,True,passed,136800,136800,136800,136800,0,256,256,136544,447.33184675034136,305.81323684818915,540.0
136850,1,0,True,passed,136850,136850,136850,136850,0,256,256,136594,447.45785208325833,305.8388613874103,540.0
136900,1,0,True,passed,136900,136900,136900,136900,0,256,256,136644,447.58257891610265,305.86534518730963,540.0
136950,1,0,True,passed,136950,136950,136950,136950,0,256,256,136694,447.70631116628647,305.8924937717356,540.0
137000,1,0,True,passed,137000,137000,137000,137000,0,256,256,136744,447.8323557912372,305.91804774343797,540.0
137050,1,0,True,passed,137050,137050,137050,137050,0,256,256,136794,447.95538904098794,305.9456440370224,540.0
137100,1,0,True,passed,137100,137100,137100,137100,0,256,256,136844,448.0960902501829,305.96116097208915,540.0
137150,1,0,True,passed,137150,137150,137150,137150,0,256,256,136894,448.2402111659758,305.9743338136517,540.0
137200,1,0,True,passed,137200,137200,137200,137200,0,256,256,136944,448.36755687510595,305.9989463916932,540.0
137250,1,0,True,passed,137250,137250,137250,137250,0,256,256,136994,448.50775391608477,306.01477633690877,540.0
137300,1,0,True,passed,137300,137300,137300,137300,0,256,256,137044,448.6555487080477,306.02541391802737,540.0
137350,1,0,True,passed,137350,137350,137350,137350,0,256,256,137094,448.79503041598946,306.0417132353045,540.0
137400,1,0,True,passed,137400,137400,137400,137400,0,256,256,137144,448.9185510003008,306.0688841970087,540.0
137450,1,0,True,passed,137450,137450,137450,137450,0,256,256,137194,449.03889275016263,306.09820712451017,540.0
137500,1,0,True,passed,137500,137500,137500,137500,0,256,256,137244,449.17495666630566,306.11679916551856,540.0
137550,1,0,True,passed,137550,137550,137550,137550,0,256,256,137294,449.29817449999973,306.14413279794013,540.0
137600,1,0,True,passed,137600,137600,137600,137600,0,256,256,137344,449.42195279104635,306.1710696272453,540.0
137650,1,0,True,passed,137650,137650,137650,137650,0,256,256,137394,449.5974811660126,306.1627472712044,540.0
137700,1,0,True,passed,137700,137700,137700,137700,0,256,256,137444,449.7228544582613,306.1885751078277,540.0
137750,1,0,True,passed,137750,137750,137750,137750,0,256,256,137494,449.8487911662087,306.2140050279797,540.0
137800,1,0,True,passed,137800,137800,137800,137800,0,256,256,137544,449.9748103329912,306.2393645947092,540.0
137850,1,0,True,passed,137850,137850,137850,137850,0,256,256,137594,450.10122866602615,306.26443835434253,540.0
137900,1,0,True,passed,137900,137900,137900,137900,0,256,256,137644,450.2268499163911,306.29004028882014,540.0
137950,1,0,True,passed,137950,137950,137950,137950,0,256,256,137694,450.3591323751025,306.3110972624886,540.0
138000,1,0,True,passed,138000,138000,138000,138000,0,256,256,137744,450.5043919580057,306.323317737741,540.0
138050,1,0,True,passed,138050,138050,138050,138050,0,256,256,137794,450.63031187513843,306.34867731279286,540.0
138100,1,0,True,passed,138100,138100,138100,138100,0,256,256,137844,450.8311429582536,306.3231148891324,540.0
138150,1,0,True,passed,138150,138150,138150,138150,0,256,256,137894,450.95286779105663,306.3513060172179,540.0
138200,1,0,True,passed,138200,138200,138200,138200,0,256,256,137944,451.0783727914095,306.376914381367,540.0
138250,1,0,True,passed,138250,138250,138250,138250,0,256,256,137994,451.2169403331354,306.3936382750378,540.0
138300,1,0,True,passed,138300,138300,138300,138300,0,256,256,138044,451.36880216607824,306.40132711058175,540.0
138350,1,0,True,passed,138350,138350,138350,138350,0,256,256,138094,451.49005912523717,306.42978112974043,540.0
138400,1,0,True,passed,138400,138400,138400,138400,0,256,256,138144,451.63652045838535,306.441117426757,540.0
138450,1,0,True,passed,138450,138450,138450,138450,0,256,256,138194,451.7679317910224,306.462655397249,540.0
138500,1,0,True,passed,138500,138500,138500,138500,0,256,256,138244,451.889587208163,306.4907975766212,540.0
138550,1,0,True,passed,138550,138550,138550,138550,0,256,256,138294,452.0124093750492,306.5181334104494,540.0
138600,1,0,True,passed,138600,138600,138600,138600,0,256,256,138344,452.14944029133767,306.5358212335607,540.0
138650,1,0,True,passed,138650,138650,138650,138650,0,256,256,138394,452.281967791263,306.55655072233543,540.0
138700,1,0,True,passed,138700,138700,138700,138700,0,256,256,138444,452.4130127080716,306.5782727374796,540.0
138750,1,0,True,passed,138750,138750,138750,138750,0,256,256,138494,452.54181479103863,306.6015017066829,540.0
138800,1,0,True,passed,138800,138800,138800,138800,0,256,256,138544,452.66477908333763,306.62867184205265,540.0
138850,1,0,True,passed,138850,138850,138850,138850,0,256,256,138594,452.78797762515023,306.6556685719907,540.0
138900,1,0,True,passed,138900,138900,138900,138900,0,256,256,138644,452.9123692503199,306.68184273684835,540.0
138950,1,0,True,passed,138950,138950,138950,138950,0,256,256,138694,453.04501220816746,306.7024164392622,540.0
139000,1,0,True,passed,139000,139000,139000,139000,0,256,256,138744,453.17086870828643,306.72757142621316,540.0
139050,1,0,True,passed,139050,139050,139050,139050,0,256,256,138794,453.29661937523633,306.7527840636623,540.0
139100,1,0,True,passed,139100,139100,139100,139100,0,256,256,138844,453.4234845410101,306.777228666944,540.0
139150,1,0,True,passed,139150,139150,139150,139150,0,256,256,138894,453.5461438749917,306.8045046334979,540.0
139200,1,0,True,passed,139200,139200,139200,139200,0,256,256,138944,453.66852750023827,306.83195232212114,540.0
139250,1,0,True,passed,139250,139250,139250,139250,0,256,256,138994,453.7999292081222,306.8532871809617,540.0
139300,1,0,True,passed,139300,139300,139300,139300,0,256,256,139044,453.9233170002699,306.88002749133324,540.0
139350,1,0,True,passed,139350,139350,139350,139350,0,256,256,139094,454.0431334162131,306.90916731089595,540.0
139400,1,0,True,passed,139400,139400,139400,139400,0,256,256,139144,454.1685509583913,306.9345063761827,540.0
139450,1,0,True,passed,139450,139450,139450,139450,0,256,256,139194,454.3033518330194,306.9534914002908,540.0
139500,1,0,True,passed,139500,139500,139500,139500,0,256,256,139244,454.42885333299637,306.9787470070198,540.0
139550,1,0,True,passed,139550,139550,139550,139550,0,256,256,139294,454.572513082996,306.99172515633586,540.0
139600,1,0,True,passed,139600,139600,139600,139600,0,256,256,139344,454.6908352500759,307.021802898713,540.0
139650,1,0,True,passed,139650,139650,139650,139650,0,256,256,139394,454.81460120808333,307.0481898097823,540.0
139700,1,0,True,passed,139700,139700,139700,139700,0,256,256,139444,454.94172216625884,307.0722978204811,540.0
139750,1,0,True,passed,139750,139750,139750,139750,0,256,256,139494,455.09502145834267,307.0787273219865,540.0
139800,1,0,True,passed,139800,139800,139800,139800,0,256,256,139544,455.2646550410427,307.0741346863328,540.0
139850,1,0,True,passed,139850,139850,139850,139850,0,256,256,139594,455.3925709160976,307.0976755696048,540.0
139900,1,0,True,passed,139900,139900,139900,139900,0,256,256,139644,455.51589012518525,307.12430242895056,540.0
139950,1,0,True,passed,139950,139950,139950,139950,0,256,256,139694,455.6484703333117,307.1446720706098,540.0
140000,1,0,True,passed,140000,140000,140000,140000,0,256,256,139744,455.7738558752462,307.16987864771386,540.0
140050,1,0,True,passed,140050,140050,140050,140050,0,256,256,139794,455.9040407910943,307.19183746865303,540.0
140100,1,0,True,passed,140100,140100,140100,140100,0,256,256,139844,456.0344794583507,307.2136128092815,540.0
140150,1,0,True,passed,140150,140150,140150,140150,0,256,256,139894,456.1596325831488,307.2389356470587,540.0
140200,1,0,True,passed,140200,140200,140200,140200,0,256,256,139944,456.28136595804244,307.26654748572867,540.0
140250,1,0,True,passed,140250,140250,140250,140250,0,256,256,139994,456.4117364999838,307.2883293394559,540.0
140300,1,0,True,passed,140300,140300,140300,140300,0,256,256,140044,456.5427312082611,307.3096786114405,540.0
140350,1,0,True,passed,140350,140350,140350,140350,0,256,256,140094,456.6690421253443,307.3341677526663,540.0
140400,1,0,True,passed,140400,140400,140400,140400,0,256,256,140144,456.80170850036666,307.3543670861452,540.0
140450,1,0,True,passed,140450,140450,140450,140450,0,256,256,140194,456.92426958307624,307.3813525557629,540.0
140500,1,0,True,passed,140500,140500,140500,140500,0,256,256,140244,457.04653795808554,307.40852042704864,540.0
140550,1,0,True,passed,140550,140550,140550,140550,0,256,256,140294,457.2353044161573,307.3909618144381,540.0
140600,1,0,True,passed,140600,140600,140600,140600,0,256,256,140344,457.3699898333289,307.40976261087076,540.0
140650,1,0,True,passed,140650,140650,140650,140650,0,256,256,140394,457.4946866254322,307.43526452178304,540.0
140700,1,0,True,passed,140700,140700,140700,140700,0,256,256,140444,457.61902295798063,307.46099471682,540.0
140750,1,0,True,passed,140750,140750,140750,140750,0,256,256,140494,457.7485291659832,307.48323813611415,540.0
140800,1,0,True,passed,140800,140800,140800,140800,0,256,256,140544,457.8970469580963,307.49270154800774,540.0
140850,1,0,True,passed,140850,140850,140850,140850,0,256,256,140594,458.01475237542763,307.5228456496253,540.0
140900,1,0,True,passed,140900,140900,140900,140900,0,256,256,140644,458.14792245812714,307.54259289013294,540.0
140950,1,0,True,passed,140950,140950,140950,140950,0,256,256,140694,458.28072466608137,307.56257554297287,540.0
141000,1,0,True,passed,141000,141000,141000,141000,0,256,256,140744,458.4074799581431,307.5866039814067,540.0
141050,1,0,True,passed,141050,141050,141050,141050,0,256,256,140794,458.53176383301616,307.6122771101334,540.0
141100,1,0,True,passed,141100,141100,141100,141100,0,256,256,140844,458.6512634162791,307.6411453639351,540.0
141150,1,0,True,passed,141150,141150,141150,141150,0,256,256,140894,458.7837961660698,307.66125826489906,540.0
141200,1,0,True,passed,141200,141200,141200,141200,0,256,256,140944,458.90353154111654,307.68993981330664,540.0
141250,1,0,True,passed,141250,141250,141250,141250,0,256,256,140994,459.0299547081813,307.71412312252414,540.0
141300,1,0,True,passed,141300,141300,141300,141300,0,256,256,141044,459.1487559583038,307.7434016021416,540.0
141350,1,0,True,passed,141350,141350,141350,141350,0,256,256,141094,459.2810796662234,307.763603287826,540.0
141400,1,0,True,passed,141400,141400,141400,141400,0,256,256,141144,459.41777187539265,307.7808666887004,540.0
141450,1,0,True,passed,141450,141450,141450,141450,0,256,256,141194,459.573454416357,307.7854010946668,540.0
141500,1,0,True,passed,141500,141500,141500,141500,0,256,256,141244,459.70023358333856,307.8092845353049,540.0
141550,1,0,True,passed,141550,141550,141550,141550,0,256,256,141294,459.8264796254225,307.8335117092593,540.0
141600,1,0,True,passed,141600,141600,141600,141600,0,256,256,141344,459.9372549164109,307.86808088797767,540.0
141650,1,0,True,passed,141650,141650,141650,141650,0,256,256,141394,460.05453300010413,307.8982812673817,540.0
141700,1,0,True,passed,141700,141700,141700,141700,0,256,256,141444,460.1991698751226,307.9101599389043,540.0
141750,1,0,True,passed,141750,141750,141750,141750,0,256,256,141494,460.32207966642454,307.9365649866721,540.0
141800,1,0,True,passed,141800,141800,141800,141800,0,256,256,141544,460.4534635832533,307.9572882273727,540.0
141850,1,0,True,passed,141850,141850,141850,141850,0,256,256,141594,460.5779292914085,307.9826256942747,540.0
141900,1,0,True,passed,141900,141900,141900,141900,0,256,256,141644,460.7243961254135,307.993241064173,540.0
141950,1,0,True,passed,141950,141950,141950,141950,0,256,256,141694,460.8794533330947,307.9981087753275,540.0
142000,1,0,True,passed,142000,142000,142000,142000,0,256,256,141744,461.0209583332762,308.01202729127755,540.0
142050,1,0,True,passed,142050,142050,142050,142050,0,256,256,141794,461.15478308312595,308.0310672488344,540.0
142100,1,0,True,passed,142100,142100,142100,142100,0,256,256,141844,461.2816831660457,308.0547205444723,540.0
142150,1,0,True,passed,142150,142150,142150,142150,0,256,256,141894,461.4162140004337,308.0732659296329,540.0
142200,1,0,True,passed,142200,142200,142200,142200,0,256,256,141944,461.5483420412056,308.0934044115899,540.0
142250,1,0,True,passed,142250,142250,142250,142250,0,256,256,141994,461.6711496664211,308.1197516950805,540.0
142300,1,0,True,passed,142300,142300,142300,142300,0,256,256,142044,461.7957870410755,308.14486401397767,540.0
142350,1,0,True,passed,142350,142350,142350,142350,0,256,256,142094,461.93962900014594,308.157150985535,540.0
142400,1,0,True,passed,142400,142400,142400,142400,0,256,256,142144,462.0633005411364,308.1828828068168,540.0
142450,1,0,True,passed,142450,142450,142450,142450,0,256,256,142194,462.1975175831467,308.2015687684304,540.0
142500,1,0,True,passed,142500,142500,142500,142500,0,256,256,142244,462.33224720833823,308.2199021600715,540.0
142550,1,0,True,passed,142550,142550,142550,142550,0,256,256,142294,462.5050876252353,308.2128257916749,540.0
142600,1,0,True,passed,142600,142600,142600,142600,0,256,256,142344,462.63778845826164,308.2324953938887,540.0
142650,1,0,True,passed,142650,142650,142650,142650,0,256,256,142394,462.7634249161929,308.25685937870765,540.0
142700,1,0,True,passed,142700,142700,142700,142700,0,256,256,142444,462.89700895827264,308.2759171875823,540.0
142750,1,0,True,passed,142750,142750,142750,142750,0,256,256,142494,463.03006525011733,308.29531538711205,540.0
142800,1,0,True,passed,142800,142800,142800,142800,0,256,256,142544,463.16540095815435,308.313185105339,540.0
142850,1,0,True,passed,142850,142850,142850,142850,0,256,256,142594,463.2912157503888,308.3373807738338,540.0
142900,1,0,True,passed,142900,142900,142900,142900,0,256,256,142644,463.4170445003547,308.3615540167958,540.0
142950,1,0,True,passed,142950,142950,142950,142950,0,256,256,142694,463.55891720810905,308.3750407843505,540.0
143000,1,0,True,passed,143000,143000,143000,143000,0,256,256,142744,463.72998600034043,308.36910339435116,540.0
143050,1,0,True,passed,143050,143050,143050,143050,0,256,256,142794,463.85440595820546,308.3941818004186,540.0
143100,1,0,True,passed,143100,143100,143100,143100,0,256,256,142844,463.98003741633147,308.4184414416858,540.0
143150,1,0,True,passed,143150,143150,143150,143150,0,256,256,142894,464.1232221662067,308.43102254585466,540.0
143200,1,0,True,passed,143200,143200,143200,143200,0,256,256,142944,464.24906629137695,308.45511687065687,540.0
143250,1,0,True,passed,143250,143250,143250,143250,0,256,256,142994,464.37719212519005,308.4776824297212,540.0
143300,1,0,True,passed,143300,143300,143300,143300,0,256,256,143044,464.5066828751005,308.49932903663176,540.0
143350,1,0,True,passed,143350,143350,143350,143350,0,256,256,143094,464.6354395831004,308.52145098665414,540.0
143400,1,0,True,passed,143400,143400,143400,143400,0,256,256,143144,464.7767409160733,308.53523288914823,540.0
143450,1,0,True,passed,143450,143450,143450,143450,0,256,256,143194,464.913289333228,308.55216078192547,540.0
143500,1,0,True,passed,143500,143500,143500,143500,0,256,256,143244,465.03867929102853,308.5764827535893,540.0
143550,1,0,True,passed,143550,143550,143550,143550,0,256,256,143294,465.17148141609505,308.5958742848958,540.0
143600,1,0,True,passed,143600,143600,143600,143600,0,256,256,143344,465.2971244161017,308.6200031435885,540.0
143650,1,0,True,passed,143650,143650,143650,143650,0,256,256,143394,465.4300844161771,308.6392667981286,540.0
143700,1,0,True,passed,143700,143700,143700,143700,0,256,256,143444,465.5553755410947,308.66360383656564,540.0
143750,1,0,True,passed,143750,143750,143750,143750,0,256,256,143494,465.67907116608694,308.6889853994121,540.0
143800,1,0,True,passed,143800,143800,143800,143800,0,256,256,143544,465.8271010830067,308.69822658595376,540.0
143850,1,0,True,passed,143850,143850,143850,143850,0,256,256,143594,465.953118625097,308.7220457381268,540.0
143900,1,0,True,passed,143900,143900,143900,143900,0,256,256,143644,466.0757146254182,308.74811856621074,540.0
143950,1,0,True,passed,143950,143950,143950,143950,0,256,256,143694,466.2075102911331,308.7680846456279,540.0
144000,1,0,True,passed,144000,144000,144000,144000,0,256,256,143744,466.3375068753958,308.7892307115594,540.0
144050,1,0,True,passed,144050,144050,144050,144050,0,256,256,143794,466.46210087509826,308.8139416466149,540.0
144100,1,0,True,passed,144100,144100,144100,144100,0,256,256,143844,466.5950221661478,308.8331275610738,540.0
144150,1,0,True,passed,144150,144150,144150,144150,0,256,256,143894,466.7234852081165,308.85525277503905,540.0
144200,1,0,True,passed,144200,144200,144200,144200,0,256,256,143944,466.86840341612697,308.86647917244534,540.0
144250,1,0,True,passed,144250,144250,144250,144250,0,256,256,143994,466.98859741631895,308.8940517993024,540.0
144300,1,0,True,passed,144300,144300,144300,144300,0,256,256,144044,467.1139663332142,308.9181878519643,540.0
144350,1,0,True,passed,144350,144350,144350,144350,0,256,256,144094,467.23417162522674,308.94572521931167,540.0
144400,1,0,True,passed,144400,144400,144400,144400,0,256,256,144144,467.3595826253295,308.96980690724786,540.0
144450,1,0,True,passed,144450,144450,144450,144450,0,256,256,144194,467.5063017080538,308.9797922985121,540.0
144500,1,0,True,passed,144500,144500,144500,144500,0,256,256,144244,467.6415572501719,308.9973458511463,540.0
144550,1,0,True,passed,144550,144550,144550,144550,0,256,256,144294,467.7716347081587,309.0183099498633,540.0
144600,1,0,True,passed,144600,144600,144600,144600,0,256,256,144344,467.8924770830199,309.045362091477,540.0
144650,1,0,True,passed,144650,144650,144650,144650,0,256,256,144394,468.0211687502451,309.0672167377776,540.0
144700,1,0,True,passed,144700,144700,144700,144700,0,256,256,144444,468.148947625421,309.08966202734797,540.0
144750,1,0,True,passed,144750,144750,144750,144750,0,256,256,144494,468.28521862532943,309.10648947007036,540.0
144800,1,0,True,passed,144800,144800,144800,144800,0,256,256,144544,468.3917600410059,309.1429276794351,540.0
144850,1,0,True,passed,144850,144850,144850,144850,0,256,256,144594,468.5025644581765,309.1765360292512,540.0
144900,1,0,True,passed,144900,144900,144900,144900,0,256,256,144644,468.62493233336136,309.2024986347159,540.0
144950,1,0,True,passed,144950,144950,144950,144950,0,256,256,144694,468.74862716626376,309.22757230515936,540.0
145000,1,0,True,passed,145000,145000,145000,145000,0,256,256,144744,468.89025129098445,309.2408076320097,540.0
145050,1,0,True,passed,145050,145050,145050,145050,0,256,256,144794,469.02921025035903,309.25579224069014,540.0
145100,1,0,True,passed,145100,145100,145100,145100,0,256,256,144844,469.1523769162595,309.2811784387471,540.0
145150,1,0,True,passed,145150,145150,145150,145150,0,256,256,144894,469.293137000408,309.29495565982205,540.0
145200,1,0,True,passed,145200,145200,145200,145200,0,256,256,144944,469.4314111662097,309.3103625922246,540.0
145250,1,0,True,passed,145250,145250,145250,145250,0,256,256,144994,469.55515245813876,309.3353341766368,540.0
145300,1,0,True,passed,145300,145300,145300,145300,0,256,256,145044,469.78798595815897,309.2884542452751,540.0
145350,1,0,True,passed,145350,145350,145350,145350,0,256,256,145094,469.95900737540796,309.2822942403846,540.0
145400,1,0,True,passed,145400,145400,145400,145400,0,256,256,145144,470.10742416605353,309.291009938701,540.0
145450,1,0,True,passed,145450,145450,145450,145450,0,256,256,145194,470.2320232503116,309.31538646523603,540.0
145500,1,0,True,passed,145500,145500,145500,145500,0,256,256,145244,470.3543142504059,309.34126804360324,540.0
145550,1,0,True,passed,145550,145550,145550,145550,0,256,256,145294,470.5187560003251,309.3394219547317,540.0
145600,1,0,True,passed,145600,145600,145600,145600,0,256,256,145344,470.64332570834085,309.36378366965045,540.0
145650,1,0,True,passed,145650,145650,145650,145650,0,256,256,145394,470.76505516609177,309.38999911242956,540.0
145700,1,0,True,passed,145700,145700,145700,145700,0,256,256,145444,470.89053591620177,309.41373607459445,540.0
145750,1,0,True,passed,145750,145750,145750,145750,0,256,256,145494,471.02245012531057,309.4332339386896,540.0
145800,1,0,True,passed,145800,145800,145800,145800,0,256,256,145544,471.15006137499586,309.4555470809022,540.0
145850,1,0,True,passed,145850,145850,145850,145850,0,256,256,145594,471.303216625005,309.461074856288,540.0
145900,1,0,True,passed,145900,145900,145900,145900,0,256,256,145644,471.4318613749929,309.482688705985,540.0
145950,1,0,True,passed,145950,145950,145950,145950,0,256,256,145694,471.5451482911594,309.514371060567,540.0
146000,1,0,True,passed,146000,146000,146000,146000,0,256,256,145744,471.67154912510887,309.5374318650585,540.0
146050,1,0,True,passed,146050,146050,146050,146050,0,256,256,145794,471.8007999584079,309.55861035605534,540.0
146100,1,0,True,passed,146100,146100,146100,146100,0,256,256,145844,471.95521875005215,309.5632682840926,540.0
146150,1,0,True,passed,146150,146150,146150,146150,0,256,256,145894,472.09521412523463,309.57738106031763,540.0
146200,1,0,True,passed,146200,146200,146200,146200,0,256,256,145944,472.2532570413314,309.5796541795045,540.0
146250,1,0,True,passed,146250,146250,146250,146250,0,256,256,145994,472.40357641642913,309.58698727352345,540.0
146300,1,0,True,passed,146300,146300,146300,146300,0,256,256,146044,472.54796750005335,309.59819967902723,540.0
146350,1,0,True,passed,146350,146350,146350,146350,0,256,256,146094,472.6711076251231,309.6233250543222,540.0
146400,1,0,True,passed,146400,146400,146400,146400,0,256,256,146144,472.8256712080911,309.62785845773,540.0
146450,1,0,True,passed,146450,146450,146450,146450,0,256,256,146194,472.96080987527966,309.6451057723346,540.0
146500,1,0,True,passed,146500,146500,146500,146500,0,256,256,146244,473.09551529120654,309.6626268161181,540.0
146550,1,0,True,passed,146550,146550,146550,146550,0,256,256,146294,473.22396133327857,309.68423405083854,540.0
146600,1,0,True,passed,146600,146600,146600,146600,0,256,256,146344,473.35360862500966,309.7050436054379,540.0
146650,1,0,True,passed,146650,146650,146650,146650,0,256,256,146394,473.50428945804015,309.71208342769506,540.0
146700,1,0,True,passed,146700,146700,146700,146700,0,256,256,146444,473.6469712504186,309.7243493666072,540.0
146750,1,0,True,passed,146750,146750,146750,146750,0,256,256,146494,473.78562837513164,309.73923903788614,540.0
146800,1,0,True,passed,146800,146800,146800,146800,0,256,256,146544,473.92486529098824,309.7537410489431,540.0
146850,1,0,True,passed,146850,146850,146850,146850,0,256,256,146594,474.0812360830605,309.7570391380591,540.0
146900,1,0,True,passed,146900,146900,146900,146900,0,256,256,146644,474.21787004126236,309.773227202969,540.0
146950,1,0,True,passed,146950,146950,146950,146950,0,256,256,146694,474.3471048329957,309.79423823349146,540.0
147000,1,0,True,passed,147000,147000,147000,147000,0,256,256,146744,474.47309958329424,309.817353458189,540.0
147050,1,0,True,passed,147050,147050,147050,147050,0,256,256,146794,474.59787691617385,309.84125119879707,540.0
147100,1,0,True,passed,147100,147100,147100,147100,0,256,256,146844,474.7083137501031,309.8744971157945,540.0
147150,1,0,True,passed,147150,147150,147150,147150,0,256,256,146894,474.86214658338577,309.879406178695,540.0
147200,1,0,True,passed,147200,147200,147200,147200,0,256,256,146944,475.0146332080476,309.8851902853467,540.0
147250,1,0,True,passed,147250,147250,147250,147250,0,256,256,146994,475.1897648749873,309.8762029075657,540.0
147300,1,0,True,passed,147300,147300,147300,147300,0,256,256,147044,475.32431829115376,309.8936753952767,540.0
147350,1,0,True,passed,147350,147350,147350,147350,0,256,256,147094,475.43835379136726,309.9245124524817,540.0
147400,1,0,True,passed,147400,147400,147400,147400,0,256,256,147144,475.55430495832115,309.9540861330622,540.0
147450,1,0,True,passed,147450,147450,147450,147450,0,256,256,147194,475.72018783306703,309.9511094360811,540.0
147500,1,0,True,passed,147500,147500,147500,147500,0,256,256,147244,475.85382083337754,309.96914082076444,540.0
147550,1,0,True,passed,147550,147550,147550,147550,0,256,256,147294,476.00743479141966,309.974150014389,540.0
147600,1,0,True,passed,147600,147600,147600,147600,0,256,256,147344,476.1708311252296,309.9727878148467,540.0
147650,1,0,True,passed,147650,147650,147650,147650,0,256,256,147394,476.3125387909822,309.98554095337914,540.0
147700,1,0,True,passed,147700,147700,147700,147700,0,256,256,147444,476.437386916019,310.0092563181547,540.0
147750,1,0,True,passed,147750,147750,147750,147750,0,256,256,147494,476.5745798749849,310.0249283937003,540.0
147800,1,0,True,passed,147800,147800,147800,147800,0,256,256,147544,476.6963436664082,310.0506264915477,540.0
147850,1,0,True,passed,147850,147850,147850,147850,0,256,256,147594,476.82452395837754,310.0721388501946,540.0
147900,1,0,True,passed,147900,147900,147900,147900,0,256,256,147644,476.96685966616496,310.0844366912977,540.0
147950,1,0,True,passed,147950,147950,147950,147950,0,256,256,147694,477.105988166295,310.09881173076394,540.0
148000,1,0,True,passed,148000,148000,148000,148000,0,256,256,147744,477.23717566626146,310.11833852503236,540.0
148050,1,0,True,passed,148050,148050,148050,148050,0,256,256,147794,477.36409166641533,310.1406297301854,540.0
148100,1,0,True,passed,148100,148100,148100,148100,0,256,256,147844,477.4971750411205,310.15890300763795,540.0
148150,1,0,True,passed,148150,148150,148150,148150,0,256,256,147894,477.6304852911271,310.1770187673407,540.0
148200,1,0,True,passed,148200,148200,148200,148200,0,256,256,147944,477.7534119579941,310.20186625696,540.0
148250,1,0,True,passed,148250,148250,148250,148250,0,256,256,147994,477.87961995834485,310.2245708091139,540.0
148300,1,0,True,passed,148300,148300,148300,148300,0,256,256,148044,478.01091841608286,310.2439594714713,540.0
148350,1,0,True,passed,148350,148350,148350,148350,0,256,256,148094,478.13368616625667,310.26887310428015,540.0
148400,1,0,True,passed,148400,148400,148400,148400,0,256,256,148144,478.259546041023,310.2917677826569,540.0
148450,1,0,True,passed,148450,148450,148450,148450,0,256,256,148194,478.3955910829827,310.3080437341443,540.0
148500,1,0,True,passed,148500,148500,148500,148500,0,256,256,148244,478.5227121664211,310.3300976618107,540.0
148550,1,0,True,passed,148550,148550,148550,148550,0,256,256,148294,478.6524465410039,310.3504454505581,540.0
148600,1,0,True,passed,148600,148600,148600,148600,0,256,256,148344,478.7809816254303,310.37155965450563,540.0
148650,1,0,True,passed,148650,148650,148650,148650,0,256,256,148394,478.92211262509227,310.38449902680844,540.0
148700,1,0,True,passed,148700,148700,148700,148700,0,256,256,148444,479.0647744582966,310.39643891192543,540.0
148750,1,0,True,passed,148750,148750,148750,148750,0,256,256,148494,479.1878641252406,310.42105014813706,540.0
148800,1,0,True,passed,148800,148800,148800,148800,0,256,256,148544,479.3340355413966,310.4306996099993,540.0
148850,1,0,True,passed,148850,148850,148850,148850,0,256,256,148594,479.4750630832277,310.44367363514476,540.0
148900,1,0,True,passed,148900,148900,148900,148900,0,256,256,148644,479.58915866632015,310.47407413060176,540.0
148950,1,0,True,passed,148950,148950,148950,148950,0,256,256,148694,479.6958851660602,310.5092301311627,540.0
149000,1,0,True,passed,149000,149000,149000,149000,0,256,256,148744,479.9165259161964,310.4706588620759,540.0
149050,1,0,True,passed,149050,149050,149050,149050,0,256,256,148794,480.0417050002143,310.4938559451485,540.0
149100,1,0,True,passed,149100,149100,149100,149100,0,256,256,148844,480.177269208245,310.51032516772005,540.0
149150,1,0,True,passed,149150,149150,149150,149150,0,256,256,148894,480.3003980834037,310.53482486204445,540.0
149200,1,0,True,passed,149200,149200,149200,149200,0,256,256,148944,480.4647767911665,310.53264923278573,540.0
149250,1,0,True,passed,149250,149250,149250,149250,0,256,256,148994,480.611205291003,310.5420730039603,540.0
149300,1,0,True,passed,149300,149300,149300,149300,0,256,256,149044,480.7386117912829,310.56377902264273,540.0
149350,1,0,True,passed,149350,149350,149350,149350,0,256,256,149094,480.8612744580023,310.58853755345194,540.0
149400,1,0,True,passed,149400,149400,149400,149400,0,256,256,149144,480.98511162539944,310.61252498051465,540.0
149450,1,0,True,passed,149450,149450,149450,149450,0,256,256,149194,481.1157089159824,310.63213532713513,540.0
149500,1,0,True,passed,149500,149500,149500,149500,0,256,256,149244,481.2580367079936,310.6441629996302,540.0
149550,1,0,True,passed,149550,149550,149550,149550,0,256,256,149294,481.392619790975,310.66118143841913,540.0
149600,1,0,True,passed,149600,149600,149600,149600,0,256,256,149344,481.5215492499992,310.68183808805986,540.0
149650,1,0,True,passed,149650,149650,149650,149650,0,256,256,149394,481.6514955833554,310.70182771622126,540.0
149700,1,0,True,passed,149700,149700,149700,149700,0,256,256,149444,481.7779260003008,310.7240741451208,540.0
149750,1,0,True,passed,149750,149750,149750,149750,0,256,256,149494,481.90298641612753,310.747192321173,540.0
149800,1,0,True,passed,149800,149800,149800,149800,0,256,256,149544,482.03722754120827,310.76437968101527,540.0
149850,1,0,True,passed,149850,149850,149850,149850,0,256,256,149594,482.1537461662665,310.792980852057,540.0
149900,1,0,True,passed,149900,149900,149900,149900,0,256,256,149644,482.25699195824564,310.83012273459894,540.0
149950,1,0,True,passed,149950,149950,149950,149950,0,256,256,149694,482.3770323754288,310.85642544294177,540.0
150000,1,0,True,passed,150000,150000,150000,150000,0,256,256,149744,484.3767032502219,309.6763304128444,540.0
150050,1,0,True,passed,150050,150050,150050,150050,0,256,256,149794,484.51290029101074,309.6924765261692,540.0
150100,1,0,True,passed,150100,150100,150100,150100,0,256,256,149844,484.6376341250725,309.7159391490077,540.0
150150,1,0,True,passed,150150,150150,150150,150150,0,256,256,149894,484.7696234160103,309.73475388565583,540.0
150200,1,0,True,passed,150200,150200,150200,150200,0,256,256,149944,484.89362220838666,309.7586627679966,540.0
150250,1,0,True,passed,150250,150250,150250,150250,0,256,256,149994,485.0157146253623,309.7837770391763,540.0
150300,1,0,True,passed,150300,150300,150300,150300,0,256,256,150044,485.14017483312637,309.80736660636006,540.0
150350,1,0,True,passed,150350,150350,150350,150350,0,256,256,150094,485.27405137522146,309.8249320645151,540.0
150400,1,0,True,passed,150400,150400,150400,150400,0,256,256,150144,485.3979693329893,309.8488446638384,540.0
150450,1,0,True,passed,150450,150450,150450,150450,0,256,256,150194,485.56011795811355,309.84834716795757,540.0
150500,1,0,True,passed,150500,150500,150500,150500,0,256,256,150244,485.7244857084006,309.8464344051023,540.0
150550,1,0,True,passed,150550,150550,150550,150550,0,256,256,150294,485.86845054104924,309.8575341377935,540.0
150600,1,0,True,passed,150600,150600,150600,150600,0,256,256,150344,486.0002901251428,309.87635822443895,540.0
150650,1,0,True,passed,150650,150650,150650,150650,0,256,256,150394,486.1273238332942,309.89823573805495,540.0
150700,1,0,True,passed,150700,150700,150700,150700,0,256,256,150444,486.2514532911591,309.9219528908295,540.0
150750,1,0,True,passed,150750,150750,150750,150750,0,256,256,150494,486.37329866643995,309.94711348943923,540.0
150800,1,0,True,passed,150800,150800,150800,150800,0,256,256,150544,486.5135030411184,309.9605644188152,540.0
150850,1,0,True,passed,150850,150850,150850,150850,0,256,256,150594,486.6479051662609,309.9777033838517,540.0
150900,1,0,True,passed,150900,150900,150900,150900,0,256,256,150644,486.7900237501599,309.98991893360557,540.0
150950,1,0,True,passed,150950,150950,150950,150950,0,256,256,150694,486.91525387531146,310.0128796512402,540.0
151000,1,0,True,passed,151000,151000,151000,151000,0,256,256,150744,487.0396552910097,310.0363560946108,540.0
151050,1,0,True,passed,151050,151050,151050,151050,0,256,256,150794,487.1712385411374,310.0552496742788,540.0
151100,1,0,True,passed,151100,151100,151100,151100,0,256,256,150844,487.2997625414282,310.07607968443057,540.0
151150,1,0,True,passed,151150,151150,151150,151150,0,256,256,150894,487.43217295827344,310.094426230948,540.0
151200,1,0,True,passed,151200,151200,151200,151200,0,256,256,150944,487.5553697501309,310.11862319861035,540.0
151250,1,0,True,passed,151250,151250,151250,151250,0,256,256,150994,487.7081680833362,310.1239837634941,540.0
151300,1,0,True,passed,151300,151300,151300,151300,0,256,256,151044,487.8492350829765,310.1367986654031,540.0
151350,1,0,True,passed,151350,151350,151350,151350,0,256,256,151094,488.0229760413058,310.1288411207711,540.0
151400,1,0,True,passed,151400,151400,151400,151400,0,256,256,151144,488.1557007911615,310.1469464652849,540.0
151450,1,0,True,passed,151450,151450,151450,151450,0,256,256,151194,488.29353008326143,310.16179955154325,540.0
151500,1,0,True,passed,151500,151500,151500,151500,0,256,256,151244,488.421575833112,310.1828573841828,540.0
151550,1,0,True,passed,151550,151550,151550,151550,0,256,256,151294,488.55060308333486,310.203280977527,540.0
151600,1,0,True,passed,151600,151600,151600,151600,0,256,256,151344,488.67417350038886,310.2271579324201,540.0
151650,1,0,True,passed,151650,151650,151650,151650,0,256,256,151394,488.78159300005063,310.26127450749624,540.0
151700,1,0,True,passed,151700,151700,151700,151700,0,256,256,151444,488.90184895833954,310.28722906901237,540.0
151750,1,0,True,passed,151750,151750,151750,151750,0,256,256,151494,489.10436137532815,310.2609831024392,540.0
151800,1,0,True,passed,151800,151800,151800,151800,0,256,256,151544,489.24024829128757,310.27700711495874,540.0
151850,1,0,True,passed,151850,151850,151850,151850,0,256,256,151594,489.36581129115075,310.2995683318303,540.0
151900,1,0,True,passed,151900,151900,151900,151900,0,256,256,151644,489.48921458330005,310.32348716674335,540.0
151950,1,0,True,passed,151950,151950,151950,151950,0,256,256,151694,489.6125317080878,310.3474485628448,540.0
152000,1,0,True,passed,152000,152000,152000,152000,0,256,256,151744,489.7358092912473,310.3714229514411,540.0
152050,1,0,True,passed,152050,152050,152050,152050,0,256,256,151794,489.87190841604024,310.3872612161839,540.0
152100,1,0,True,passed,152100,152100,152100,152100,0,256,256,151844,490.0062450002879,310.4042071951769,540.0
152150,1,0,True,passed,152150,152150,152150,152150,0,256,256,151894,490.1286036660895,310.42873005562313,540.0
152200,1,0,True,passed,152200,152200,152200,152200,0,256,256,151944,490.25644891615957,310.4497663140954,540.0
152250,1,0,True,passed,152250,152250,152250,152250,0,256,256,151994,490.37886425014585,310.47422941608704,540.0
152300,1,0,True,passed,152300,152300,152300,152300,0,256,256,152044,490.5187075412832,310.48764839857216,540.0
152350,1,0,True,passed,152350,152350,152350,152350,0,256,256,152094,490.6704623331316,310.4935220179706,540.0
152400,1,0,True,passed,152400,152400,152400,152400,0,256,256,152144,490.82653733342886,310.4966590192157,540.0
152450,1,0,True,passed,152450,152450,152450,152450,0,256,256,152194,490.9870436252095,310.49699168105,540.0
152500,1,0,True,passed,152500,152500,152500,152500,0,256,256,152244,491.0927630830556,310.5319635390525,540.0
152550,1,0,True,passed,152550,152550,152550,152550,0,256,256,152294,491.20410412503406,310.5633660609012,540.0
152600,1,0,True,passed,152600,152600,152600,152600,0,256,256,152344,491.3302719159983,310.5853816108642,540.0
152650,1,0,True,passed,152650,152650,152650,152650,0,256,256,152394,491.4615867501125,310.6041328874318,540.0
152700,1,0,True,passed,152700,152700,152700,152700,0,256,256,152444,491.5985299581662,310.61931778558085,540.0
152750,1,0,True,passed,152750,152750,152750,152750,0,256,256,152494,491.7204745830968,310.64396927849805,540.0
152800,1,0,True,passed,152800,152800,152800,152800,0,256,256,152544,491.84415495814756,310.66751217771855,540.0
152850,1,0,True,passed,152850,152850,152850,152850,0,256,256,152594,491.9660076661967,310.6921974652161,540.0
152900,1,0,True,passed,152900,152900,152900,152900,0,256,256,152644,492.09967625001445,310.70940986012386,540.0
152950,1,0,True,passed,152950,152950,152950,152950,0,256,256,152694,492.2313027502969,310.7279019952734,540.0
153000,1,0,True,passed,153000,153000,153000,153000,0,256,256,152744,492.35245100036263,310.7529975511126,540.0
153050,1,0,True,passed,153050,153050,153050,153050,0,256,256,152794,492.47953329142183,310.77433609699585,540.0
153100,1,0,True,passed,153100,153100,153100,153100,0,256,256,152844,492.60437195841223,310.7970791881753,540.0
153150,1,0,True,passed,153150,153150,153150,153150,0,256,256,152894,492.72631637519225,310.8216364952225,540.0
153200,1,0,True,passed,153200,153200,153200,153200,0,256,256,152944,492.85227579111233,310.8436493553525,540.0
153250,1,0,True,passed,153250,153250,153250,153250,0,256,256,152994,492.9870456662029,310.8600953051496,540.0
153300,1,0,True,passed,153300,153300,153300,153300,0,256,256,153044,493.11047112522647,310.88368423851443,540.0
153350,1,0,True,passed,153350,153350,153350,153350,0,256,256,153094,493.23179787537083,310.9085842813976,540.0
153400,1,0,True,passed,153400,153400,153400,153400,0,256,256,153144,493.35765341622755,310.93061785459344,540.0
153450,1,0,True,passed,153450,153450,153450,153450,0,256,256,153194,493.47893887525424,310.95551990475195,540.0
153500,1,0,True,passed,153500,153500,153500,153500,0,256,256,153244,493.6301182503812,310.9615769476632,540.0
153550,1,0,True,passed,153550,153550,153550,153550,0,256,256,153294,493.76046837540343,310.980748428926,540.0
153600,1,0,True,passed,153600,153600,153600,153600,0,256,256,153344,493.88298266613856,311.00484404386236,540.0
153650,1,0,True,passed,153650,153650,153650,153650,0,256,256,153394,494.0144505002536,311.023290602956,540.0
153700,1,0,True,passed,153700,153700,153700,153700,0,256,256,153444,494.1523760831915,311.0376625491007,540.0
153750,1,0,True,passed,153750,153750,153750,153750,0,256,256,153494,494.27518154121935,311.06154171161484,540.0
153800,1,0,True,passed,153800,153800,153800,153800,0,256,256,153544,494.40513000031933,311.0809145526072,540.0
153850,1,0,True,passed,153850,153850,153850,153850,0,256,256,153594,494.5283650411293,311.10450052183455,540.0
153900,1,0,True,passed,153900,153900,153900,153900,0,256,256,153644,494.66469662543386,311.11983743714575,540.0
153950,1,0,True,passed,153950,153950,153950,153950,0,256,256,153694,494.787014041096,311.14397838099535,540.0
154000,1,0,True,passed,154000,154000,154000,154000,0,256,256,153744,494.91093583311886,311.167098663441,540.0
154050,1,0,True,passed,154050,154050,154050,154050,0,256,256,153794,495.0357743334025,311.18963110784915,540.0
154100,1,0,True,passed,154100,154100,154100,154100,0,256,256,153844,495.1738410410471,311.20383838536816,540.0
154150,1,0,True,passed,154150,154150,154150,154150,0,256,256,153894,495.30896062543616,311.2198895116935,540.0
154200,1,0,True,passed,154200,154200,154200,154200,0,256,256,153944,495.44189700018615,311.23730337231063,540.0
154250,1,0,True,passed,154250,154250,154250,154250,0,256,256,153994,495.5727248750627,311.2560321774922,540.0
154300,1,0,True,passed,154300,154300,154300,154300,0,256,256,154044,495.6989870830439,311.2776181125226,540.0
154350,1,0,True,passed,154350,154350,154350,154350,0,256,256,154094,495.8326981663704,311.2945164181363,540.0
154400,1,0,True,passed,154400,154400,154400,154400,0,256,256,154144,495.9746895004064,311.3062082976988,540.0
154450,1,0,True,passed,154450,154450,154450,154450,0,256,256,154194,496.1044354583137,311.3255777633095,540.0
154500,1,0,True,passed,154500,154500,154500,154500,0,256,256,154244,496.2067979159765,311.362118876416,540.0
154550,1,0,True,passed,154550,154550,154550,154550,0,256,256,154294,496.32319050002843,311.3898422604356,540.0
154600,1,0,True,passed,154600,154600,154600,154600,0,256,256,154344,496.4624132909812,311.40323186840635,540.0
154650,1,0,True,passed,154650,154650,154650,154650,0,256,256,154394,496.59297395823523,311.4220460416874,540.0
154700,1,0,True,passed,154700,154700,154700,154700,0,256,256,154444,496.7267571249977,311.4388298616877,540.0
154750,1,0,True,passed,154750,154750,154750,154750,0,256,256,154494,496.89682954130694,311.43285849268165,540.0
154800,1,0,True,passed,154800,154800,154800,154800,0,256,256,154544,497.03199537517503,311.4487627363953,540.0
154850,1,0,True,passed,154850,154850,154850,154850,0,256,256,154594,497.182123250328,311.45528521353134,540.0
154900,1,0,True,passed,154900,154900,154900,154900,0,256,256,154644,497.329412125051,311.4635817297111,540.0
154950,1,0,True,passed,154950,154950,154950,154950,0,256,256,154694,497.4663390000351,311.4783611519675,540.0
155000,1,0,True,passed,155000,155000,155000,155000,0,256,256,154744,497.5998942083679,311.49524307393517,540.0
155050,1,0,True,passed,155050,155050,155050,155050,0,256,256,154794,497.74266954138875,311.5063455236022,540.0
155100,1,0,True,passed,155100,155100,155100,155100,0,256,256,154844,497.86819125013426,311.52823724397393,540.0
155150,1,0,True,passed,155150,155150,155150,155150,0,256,256,154894,497.99542091600597,311.5490494161959,540.0
155200,1,0,True,passed,155200,155200,155200,155200,0,256,256,154944,498.1289298334159,311.56592340842747,540.0
155250,1,0,True,passed,155250,155250,155250,155250,0,256,256,154994,498.2801249581389,311.5717288805022,540.0
155300,1,0,True,passed,155300,155300,155300,155300,0,256,256,155044,498.4058097503148,311.59347857080616,540.0
155350,1,0,True,passed,155350,155350,155350,155350,0,256,256,155094,498.5511018750258,311.6029618944506,540.0
155400,1,0,True,passed,155400,155400,155400,155400,0,256,256,155144,498.68827225035056,311.6175146825718,540.0
155450,1,0,True,passed,155450,155450,155450,155450,0,256,256,155194,498.8371661663987,311.62473557181994,540.0
155500,1,0,True,passed,155500,155500,155500,155500,0,256,256,155244,498.97323162527755,311.6399641189139,540.0
155550,1,0,True,passed,155550,155550,155550,155550,0,256,256,155294,499.1273521659896,311.6439107674275,540.0
155600,1,0,True,passed,155600,155600,155600,155600,0,256,256,155344,499.2585715414025,311.6621503755122,540.0
155650,1,0,True,passed,155650,155650,155650,155650,0,256,256,155394,499.3820240832865,311.6852279289108,540.0
155700,1,0,True,passed,155700,155700,155700,155700,0,256,256,155444,499.51970720803365,311.6994139635737,540.0
155750,1,0,True,passed,155750,155750,155750,155750,0,256,256,155494,499.6602472080849,311.7118099153833,540.0
155800,1,0,True,passed,155800,155800,155800,155800,0,256,256,155544,499.79468825040385,311.72800284332374,540.0
155850,1,0,True,passed,155850,155850,155850,155850,0,256,256,155594,499.9456292502582,311.7338984115531,540.0
155900,1,0,True,passed,155900,155900,155900,155900,0,256,256,155644,500.07798620825633,311.75137538463014,540.0
155950,1,0,True,passed,155950,155950,155950,155950,0,256,256,155694,500.23686695843935,311.75231235597164,540.0
156000,1,0,True,passed,156000,156000,156000,156000,0,256,256,155744,500.35581525042653,311.77812917378105,540.0
156050,1,0,True,passed,156050,156050,156050,156050,0,256,256,155794,500.4610893330537,311.8124532078252,540.0
156100,1,0,True,passed,156100,156100,156100,156100,0,256,256,155844,500.5645608752966,311.8478857693014,540.0
156150,1,0,True,passed,156150,156150,156150,156150,0,256,256,155894,500.70987491635606,311.85724073463695,540.0
156200,1,0,True,passed,156200,156200,156200,156200,0,256,256,155944,500.8378627500497,311.8773791228996,540.0
156250,1,0,True,passed,156250,156250,156250,156250,0,256,256,155994,500.9620138332248,311.89989597098906,540.0
156300,1,0,True,passed,156300,156300,156300,156300,0,256,256,156044,501.1008345000446,311.91327022223527,540.0
156350,1,0,True,passed,156350,156350,156350,156350,0,256,256,156094,501.24954787502065,311.92048085195205,540.0
156400,1,0,True,passed,156400,156400,156400,156400,0,256,256,156144,501.3920930409804,311.9315245907097,540.0
156450,1,0,True,passed,156450,156450,156450,156450,0,256,256,156194,501.5260970001109,311.947874568859,540.0
156500,1,0,True,passed,156500,156500,156500,156500,0,256,256,156244,501.6619717911817,311.963052413994,540.0
156550,1,0,True,passed,156550,156550,156550,156550,0,256,256,156294,501.81916829105467,311.9649664502276,540.0
156600,1,0,True,passed,156600,156600,156600,156600,0,256,256,156344,501.9715664582327,311.9698613706841,540.0
156650,1,0,True,passed,156650,156650,156650,156650,0,256,256,156394,502.107270041015,311.9851261807142,540.0
156700,1,0,True,passed,156700,156700,156700,156700,0,256,256,156444,502.23397070821375,312.00597557953535,540.0
156750,1,0,True,passed,156750,156750,156750,156750,0,256,256,156494,502.34790808334947,312.0347422129447,540.0
156800,1,0,True,passed,156800,156800,156800,156800,0,256,256,156544,502.477132125292,312.05400201357253,540.0
156850,1,0,True,passed,156850,156850,156850,156850,0,256,256,156594,502.6027047079988,312.07551915409294,540.0
156900,1,0,True,passed,156900,156900,156900,156900,0,256,256,156644,502.74075175030157,312.0892815108973,540.0
156950,1,0,True,passed,156950,156950,156950,156950,0,256,256,156694,502.8736185412854,312.10625137837604,540.0
157000,1,0,True,passed,157000,157000,157000,157000,0,256,256,156744,503.0087757501751,312.1217910479872,540.0
157050,1,0,True,passed,157050,157050,157050,157050,0,256,256,156794,503.2014504582621,312.10164409696284,540.0
157100,1,0,True,passed,157100,157100,157100,157100,0,256,256,156844,503.34158608317375,312.11408781558595,540.0
157150,1,0,True,passed,157150,157150,157150,157150,0,256,256,156894,503.4880920830183,312.1225754314128,540.0
157200,1,0,True,passed,157200,157200,157200,157200,0,256,256,156944,503.6302711660974,312.1337397691002,540.0
157250,1,0,True,passed,157250,157250,157250,157250,0,256,256,156994,503.7582917083055,312.15367089392447,540.0
157300,1,0,True,passed,157300,157300,157300,157300,0,256,256,157044,503.8803132912144,312.1773084813684,540.0
157350,1,0,True,passed,157350,157350,157350,157350,0,256,256,157094,504.00539362523705,312.19903991146697,540.0
157400,1,0,True,passed,157400,157400,157400,157400,0,256,256,157144,504.14010533317924,312.21479571829843,540.0
157450,1,0,True,passed,157450,157450,157450,157450,0,256,256,157194,504.2640341660008,312.23721965498805,540.0
157500,1,0,True,passed,157500,157500,157500,157500,0,256,256,157244,504.4035182502121,312.2500028278377,540.0
157550,1,0,True,passed,157550,157550,157550,157550,0,256,256,157294,504.52716520801187,312.27258087291216,540.0
157600,1,0,True,passed,157600,157600,157600,157600,0,256,256,157344,504.655474500265,312.29226266902856,540.0
157650,1,0,True,passed,157650,157650,157650,157650,0,256,256,157394,504.7800252083689,312.3142599292106,540.0
157700,1,0,True,passed,157700,157700,157700,157700,0,256,256,157444,504.90230050031096,312.3376539257873,540.0
157750,1,0,True,passed,157750,157750,157750,157750,0,256,256,157494,505.03259450010955,312.3560770491335,540.0
157800,1,0,True,passed,157800,157800,157800,157800,0,256,256,157544,505.17649641633034,312.3660762514029,540.0
157850,1,0,True,passed,157850,157850,157850,157850,0,256,256,157594,505.28660200024024,312.396963179176,540.0
157900,1,0,True,passed,157900,157900,157900,157900,0,256,256,157644,505.40033800015226,312.42559240226,540.0
157950,1,0,True,passed,157950,157950,157950,157950,0,256,256,157694,505.51866175001487,312.4513731168805,540.0
158000,1,0,True,passed,158000,158000,158000,158000,0,256,256,157744,505.6247439160943,312.48470708984775,540.0
158050,1,0,True,passed,158050,158050,158050,158050,0,256,256,157794,505.7466820003465,312.5082291689493,540.0
158100,1,0,True,passed,158100,158100,158100,158100,0,256,256,157844,505.87493354128674,312.5278394271274,540.0
158150,1,0,True,passed,158150,158150,158150,158150,0,256,256,157894,506.0149772083387,312.5401561679187,540.0
158200,1,0,True,passed,158200,158200,158200,158200,0,256,256,157944,506.18975012516603,312.53102213326474,540.0
158250,1,0,True,passed,158250,158250,158250,158250,0,256,256,157994,506.31682162499055,312.55133789967124,540.0
158300,1,0,True,passed,158300,158300,158300,158300,0,256,256,158044,506.44096541637555,312.5734504313885,540.0
158350,1,0,True,passed,158350,158350,158350,158350,0,256,256,158094,506.56644133338705,312.5947300875088,540.0
158400,1,0,True,passed,158400,158400,158400,158400,0,256,256,158144,506.6891337502748,312.617716562417,540.0
158450,1,0,True,passed,158450,158450,158450,158450,0,256,256,158194,506.8156635002233,312.63832476229334,540.0
158500,1,0,True,passed,158500,158500,158500,158500,0,256,256,158244,506.9484711252153,312.6550508145251,540.0
158550,1,0,True,passed,158550,158550,158550,158550,0,256,256,158294,507.07775450032204,312.67394121092195,540.0
158600,1,0,True,passed,158600,158600,158600,158600,0,256,256,158344,507.2018400831148,312.69602644582346,540.0
158650,1,0,True,passed,158650,158650,158650,158650,0,256,256,158394,507.3261647080071,312.71795353056825,540.0
158700,1,0,True,passed,158700,158700,158700,158700,0,256,256,158444,507.4533537500538,312.7381045513155,540.0
158750,1,0,True,passed,158750,158750,158750,158750,0,256,256,158494,507.6160149583593,312.7363899522015,540.0
158800,1,0,True,passed,158800,158800,158800,158800,0,256,256,158544,507.7899860003963,312.7277110184604,540.0
158850,1,0,True,passed,158850,158850,158850,158850,0,256,256,158594,507.9124686252326,312.7507391774798,540.0
158900,1,0,True,passed,158900,158900,158900,158900,0,256,256,158644,508.03757262509316,312.7721423810133,540.0
158950,1,0,True,passed,158950,158950,158950,158950,0,256,256,158694,508.1725784162991,312.7874402341066,540.0
159000,1,0,True,passed,159000,159000,159000,159000,0,256,256,158744,508.3068588753231,312.8031763171611,540.0
159050,1,0,True,passed,159050,159050,159050,159050,0,256,256,158794,508.43260454107076,312.82415521633226,540.0
159100,1,0,True,passed,159100,159100,159100,159100,0,256,256,158844,508.566489583347,312.84011679642083,540.0
159150,1,0,True,passed,159150,159150,159150,159150,0,256,256,158894,508.69345729099587,312.86032426589463,540.0
159200,1,0,True,passed,159200,159200,159200,159200,0,256,256,158944,508.81659425003454,312.8828772470586,540.0
159250,1,0,True,passed,159250,159250,159250,159250,0,256,256,158994,508.9509486663155,312.8985227698424,540.0
159300,1,0,True,passed,159300,159300,159300,159300,0,256,256,159044,509.07442266633734,312.92084792955706,540.0
159350,1,0,True,passed,159350,159350,159350,159350,0,256,256,159094,509.2212855410762,312.928788573089,540.0
159400,1,0,True,passed,159400,159400,159400,159400,0,256,256,159144,509.34526175027713,312.9507859801216,540.0
159450,1,0,True,passed,159450,159450,159450,159450,0,256,256,159194,509.44771091639996,312.98599754856025,540.0
159500,1,0,True,passed,159500,159500,159500,159500,0,256,256,159244,509.5576848331839,313.01657250487,540.0
159550,1,0,True,passed,159550,159550,159550,159550,0,256,256,159294,509.6811435003765,313.03885190699066,540.0
159600,1,0,True,passed,159600,159600,159600,159600,0,256,256,159344,509.8086450411938,313.05863788775866,540.0
159650,1,0,True,passed,159650,159650,159650,159650,0,256,256,159394,509.9421942504123,313.0747010152336,540.0
159700,1,0,True,passed,159700,159700,159700,159700,0,256,256,159444,510.08922745799646,313.08247930632996,540.0
159750,1,0,True,passed,159750,159750,159750,159750,0,256,256,159494,510.2035227501765,313.1103429840925,540.0
159800,1,0,True,passed,159800,159800,159800,159800,0,256,256,159544,510.3186270832084,313.13769774259936,540.0
159850,1,0,True,passed,159850,159850,159850,159850,0,256,256,159594,510.46136687509716,313.14808597280796,540.0
159900,1,0,True,passed,159900,159900,159900,159900,0,256,256,159644,510.58656029123813,313.1692301277832,540.0
159950,1,0,True,passed,159950,159950,159950,159950,0,256,256,159694,510.72409291611984,313.18279716690364,540.0
160000,1,0,True,passed,160000,160000,160000,160000,0,256,256,159744,510.8704292080365,313.19095968822427,540.0
160050,1,0,True,passed,160050,160050,160050,160050,0,256,256,159794,511.00451375031844,313.2066267387257,540.0
160100,1,0,True,passed,160100,160100,160100,160100,0,256,256,159844,511.1287586251274,313.2283153674409,540.0
160150,1,0,True,passed,160150,160150,160150,160150,0,256,256,159894,511.26101383334026,313.2450855175226,540.0
160200,1,0,True,passed,160200,160200,160200,160200,0,256,256,159944,511.392523040995,313.2623039683312,540.0
160250,1,0,True,passed,160250,160250,160250,160250,0,256,256,159994,511.51502141635865,313.2850322875681,540.0
160300,1,0,True,passed,160300,160300,160300,160300,0,256,256,160044,511.65686379140243,313.29590462672417,540.0
160350,1,0,True,passed,160350,160350,160350,160350,0,256,256,160094,511.7829261664301,313.3164312477566,540.0
160400,1,0,True,passed,160400,160400,160400,160400,0,256,256,160144,511.9162692083046,313.33249136243296,540.0
160450,1,0,True,passed,160450,160450,160450,160450,0,256,256,160194,512.0395059580915,313.35472777589206,540.0
160500,1,0,True,passed,160500,160500,160500,160500,0,256,256,160244,512.1750487913378,313.36942394745273,540.0
160550,1,0,True,passed,160550,160550,160550,160550,0,256,256,160294,512.3141067083925,313.381962155074,540.0
160600,1,0,True,passed,160600,160600,160600,160600,0,256,256,160344,512.4399810410105,313.40255628326395,540.0
160650,1,0,True,passed,160650,160650,160650,160650,0,256,256,160394,512.587207457982,313.4100844940982,540.0
160700,1,0,True,passed,160700,160700,160700,160700,0,256,256,160444,512.714673041366,313.42968799146234,540.0
160750,1,0,True,passed,160750,160750,160750,160750,0,256,256,160494,512.8380635413341,313.4517724561288,540.0
160800,1,0,True,passed,160800,160800,160800,160800,0,256,256,160544,512.9604751253501,313.4744445187633,540.0
160850,1,0,True,passed,160850,160850,160850,160850,0,256,256,160594,513.0900741661899,313.4927142400745,540.0
160900,1,0,True,passed,160900,160900,160900,160900,0,256,256,160644,513.2587530831806,313.4871037921178,540.0
160950,1,0,True,passed,160950,160950,160950,160950,0,256,256,160694,513.3804918332025,313.5101597360515,540.0
161000,1,0,True,passed,161000,161000,161000,161000,0,256,256,160744,513.5212946250103,313.52156509413567,540.0
161050,1,0,True,passed,161050,161050,161050,161050,0,256,256,160794,513.6697777081281,313.5282763151195,540.0
161100,1,0,True,passed,161100,161100,161100,161100,0,256,256,160844,513.7951884581707,313.5490631654981,540.0
161150,1,0,True,passed,161150,161150,161150,161150,0,256,256,160894,513.9271526252851,313.5658413391864,540.0
161200,1,0,True,passed,161200,161200,161200,161200,0,256,256,160944,514.0666552502662,313.57801241070973,540.0
161250,1,0,True,passed,161250,161250,161250,161250,0,256,256,160994,514.1878413753584,313.60134764891706,540.0
161300,1,0,True,passed,161300,161300,161300,161300,0,256,256,161044,514.323106833268,313.6160865747178,540.0
161350,1,0,True,passed,161350,161350,161350,161350,0,256,256,161094,514.4523394582793,313.6344956073138,540.0
161400,1,0,True,passed,161400,161400,161400,161400,0,256,256,161144,514.5751509582624,313.6568093104272,540.0
161450,1,0,True,passed,161450,161450,161450,161450,0,256,256,161194,514.7063928754069,313.67397458978445,540.0
161500,1,0,True,passed,161500,161500,161500,161500,0,256,256,161244,514.8387346663512,313.6904609647571,540.0
161550,1,0,True,passed,161550,161550,161550,161550,0,256,256,161294,514.9604317913763,313.7134234527907,540.0
161600,1,0,True,passed,161600,161600,161600,161600,0,256,256,161344,515.0867373333313,313.73356812994933,540.0
161650,1,0,True,passed,161650,161650,161650,161650,0,256,256,161394,515.2077242503874,313.75694189211964,540.0
161700,1,0,True,passed,161700,161700,161700,161700,0,256,256,161444,515.3290810002945,313.78007949042484,540.0
161750,1,0,True,passed,161750,161750,161750,161750,0,256,256,161494,515.46218091622,313.79605718598754,540.0
161800,1,0,True,passed,161800,161800,161800,161800,0,256,256,161544,515.6037996662781,313.80684181288854,540.0
161850,1,0,True,passed,161850,161850,161850,161850,0,256,256,161594,515.7359074582346,313.82340779346833,540.0
161900,1,0,True,passed,161900,161900,161900,161900,0,256,256,161644,515.8402774580754,313.85684110942327,540.0
161950,1,0,True,passed,161950,161950,161950,161950,0,256,256,161694,515.9627505000681,313.87924776166307,540.0
162000,1,0,True,passed,162000,162000,162000,162000,0,256,256,161744,516.0857635000721,313.90131535759247,540.0
162050,1,0,True,passed,162050,162050,162050,162050,0,256,256,161794,516.2076521660201,313.924056181721,540.0
162100,1,0,True,passed,162100,162100,162100,162100,0,256,256,161844,516.3489309581928,313.93499682315553,540.0
162150,1,0,True,passed,162150,162150,162150,162150,0,256,256,161894,516.4701168751344,313.95814530582527,540.0
162200,1,0,True,passed,162200,162200,162200,162200,0,256,256,161944,516.5959262084216,313.97847286654775,540.0
162250,1,0,True,passed,162250,162250,162250,162250,0,256,256,161994,516.7191766253673,314.00034552546674,540.0
162300,1,0,True,passed,162300,162300,162300,162300,0,256,256,162044,516.8891247082502,313.99383783051667,540.0
162350,1,0,True,passed,162350,162350,162350,162350,0,256,256,162094,517.0502145411447,313.9927137329925,540.0
162400,1,0,True,passed,162400,162400,162400,162400,0,256,256,162144,517.2033518333919,313.99641828368186,540.0
162450,1,0,True,passed,162450,162450,162450,162450,0,256,256,162194,517.3960595410317,313.97610593344115,540.0
162500,1,0,True,passed,162500,162500,162500,162500,0,256,256,162244,517.5264695002697,313.99360144209066,540.0
162550,1,0,True,passed,162550,162550,162550,162550,0,256,256,162294,517.6660067914054,314.0055515862757,540.0
162600,1,0,True,passed,162600,162600,162600,162600,0,256,256,162344,517.7977586253546,314.0222167659999,540.0
162650,1,0,True,passed,162650,162650,162650,162650,0,256,256,162394,517.9232096252963,314.04269393077203,540.0
162700,1,0,True,passed,162700,162700,162700,162700,0,256,256,162444,518.0614801254123,314.0553896433558,540.0
162750,1,0,True,passed,162750,162750,162750,162750,0,256,256,162494,518.197817416396,314.06925025549236,540.0
162800,1,0,True,passed,162800,162800,162800,162800,0,256,256,162544,518.3206795002334,314.0912690517622,540.0
162850,1,0,True,passed,162850,162850,162850,162850,0,256,256,162594,518.4486879161559,314.11015939601776,540.0
162900,1,0,True,passed,162900,162900,162900,162900,0,256,256,162644,518.575188500341,314.12995378951274,540.0
162950,1,0,True,passed,162950,162950,162950,162950,0,256,256,162694,518.6961188330315,314.15311216634274,540.0
163000,1,0,True,passed,163000,163000,163000,163000,0,256,256,162744,518.8292377502657,314.1688789683413,540.0
163050,1,0,True,passed,163050,163050,163050,163050,0,256,256,162794,518.9596202913672,314.1862943179595,540.0
163100,1,0,True,passed,163100,163100,163100,163100,0,256,256,162844,519.0851660002954,314.20662866699445,540.0
163150,1,0,True,passed,163150,163150,163150,163150,0,256,256,162894,519.2142850412056,314.2247906123234,540.0
163200,1,0,True,passed,163200,163200,163200,163200,0,256,256,162944,519.3389737079851,314.24562426883136,540.0
163250,1,0,True,passed,163250,163250,163250,163250,0,256,256,162994,519.4774954160675,314.25807939812177,540.0
163300,1,0,True,passed,163300,163300,163300,163300,0,256,256,163044,519.6011349582113,314.27952907210897,540.0
163350,1,0,True,passed,163350,163350,163350,163350,0,256,256,163094,519.7606859584339,314.2792527656918,540.0
163400,1,0,True,passed,163400,163400,163400,163400,0,256,256,163144,519.8977215411142,314.2925872335798,540.0
163450,1,0,True,passed,163450,163450,163450,163450,0,256,256,163194,520.0202743331902,314.3146682301726,540.0
163500,1,0,True,passed,163500,163500,163500,163500,0,256,256,163244,520.1438145413995,314.3361420997666,540.0
163550,1,0,True,passed,163550,163550,163550,163550,0,256,256,163294,520.2751115830615,314.3529189823438,540.0
163600,1,0,True,passed,163600,163600,163600,163600,0,256,256,163344,520.403482416179,314.37145508792963,540.0
163650,1,0,True,passed,163650,163650,163650,163650,0,256,256,163394,520.5273561254144,314.39269823999535,540.0
163700,1,0,True,passed,163700,163700,163700,163700,0,256,256,163444,520.6545569580048,314.4119220936806,540.0
163750,1,0,True,passed,163750,163750,163750,163750,0,256,256,163494,520.8066603331827,314.41610192780945,540.0
163800,1,0,True,passed,163800,163800,163800,163800,0,256,256,163544,520.9429428330623,314.42982816736264,540.0
163850,1,0,True,passed,163850,163850,163850,163850,0,256,256,163594,521.0907723749988,314.436579356824,540.0
163900,1,0,True,passed,163900,163900,163900,163900,0,256,256,163644,521.2194329584017,314.45489104217796,540.0
163950,1,0,True,passed,163950,163950,163950,163950,0,256,256,163694,521.3452933332883,314.4748827629469,540.0
164000,1,0,True,passed,164000,164000,164000,164000,0,256,256,163744,521.4788451250643,314.4902262730687,540.0
164050,1,0,True,passed,164050,164050,164050,164050,0,256,256,163794,521.618380791042,314.5019539978935,540.0
164100,1,0,True,passed,164100,164100,164100,164100,0,256,256,163844,521.7462375410832,314.5207156133607,540.0
164150,1,0,True,passed,164150,164150,164150,164150,0,256,256,163894,521.9001217084005,314.523781796922,540.0
164200,1,0,True,passed,164200,164200,164200,164200,0,256,256,163944,522.0243722912855,314.54470081404105,540.0
164250,1,0,True,passed,164250,164250,164250,164250,0,256,256,163994,522.1464290414006,314.56693154359726,540.0
164300,1,0,True,passed,164300,164300,164300,164300,0,256,256,164044,522.278690291103,314.583005307806,540.0
164350,1,0,True,passed,164350,164350,164350,164350,0,256,256,164094,522.4077438330278,314.60100264618137,540.0
164400,1,0,True,passed,164400,164400,164400,164400,0,256,256,164144,522.5413742084056,314.6162354111164,540.0
164450,1,0,True,passed,164450,164450,164450,164450,0,256,256,164194,522.6830085832626,314.6266423424464,540.0
164500,1,0,True,passed,164500,164500,164500,164500,0,256,256,164244,522.8177712503821,314.6411790987485,540.0
164550,1,0,True,passed,164550,164550,164550,164550,0,256,256,164294,522.9407438333146,314.66280250760053,540.0
164600,1,0,True,passed,164600,164600,164600,164600,0,256,256,164344,523.0630147503689,314.68483788431325,540.0
164650,1,0,True,passed,164650,164650,164650,164650,0,256,256,164394,523.1929372502491,314.7022604421092,540.0
164700,1,0,True,passed,164700,164700,164700,164700,0,256,256,164444,523.3357083750889,314.7119475400961,540.0
164750,1,0,True,passed,164750,164750,164750,164750,0,256,256,164494,523.4653250412084,314.72953817338424,540.0
164800,1,0,True,passed,164800,164800,164800,164800,0,256,256,164544,523.589575916063,314.7503456532129,540.0
164850,1,0,True,passed,164850,164850,164850,164850,0,256,256,164594,523.7050649160519,314.77640955491785,540.0
164900,1,0,True,passed,164900,164900,164900,164900,0,256,256,164644,523.829607500229,314.7970210903512,540.0
164950,1,0,True,passed,164950,164950,164950,164950,0,256,256,164694,523.9528770004399,314.8183877609694,540.0
165000,1,0,True,passed,165000,165000,165000,165000,0,256,256,164744,524.0802882499993,314.8372562359966,540.0
165050,1,0,True,passed,165050,165050,165050,165050,0,256,256,164794,524.2171553331427,314.85043616153666,540.0
165100,1,0,True,passed,165100,165100,165100,165100,0,256,256,164844,524.3402427081019,314.8718838502551,540.0
165150,1,0,True,passed,165150,165150,165150,165150,0,256,256,164894,524.4637628751807,314.89306161902505,540.0
165200,1,0,True,passed,165200,165200,165200,165200,0,256,256,164944,524.5856234580278,314.9152256804416,540.0
165250,1,0,True,passed,165250,165250,165250,165250,0,256,256,164994,524.7133410833776,314.9338640004992,540.0
165300,1,0,True,passed,165300,165300,165300,165300,0,256,256,165044,524.8423666250892,314.95170838233565,540.0
165350,1,0,True,passed,165350,165350,165350,165350,0,256,256,165094,524.9669907912612,314.9721847287479,540.0
165400,1,0,True,passed,165400,165400,165400,165400,0,256,256,165144,525.0988770830445,314.98829500228004,540.0
165450,1,0,True,passed,165450,165450,165450,165450,0,256,256,165194,525.2374827913009,315.0003673019283,540.0
165500,1,0,True,passed,165500,165500,165500,165500,0,256,256,165244,525.3592102080584,315.0225536818074,540.0
165550,1,0,True,passed,165550,165550,165550,165550,0,256,256,165294,525.4812788330019,315.04452521630526,540.0
165600,1,0,True,passed,165600,165600,165600,165600,0,256,256,165344,525.6147899162024,315.059627653174,540.0
165650,1,0,True,passed,165650,165650,165650,165650,0,256,256,165394,525.7451088749804,315.076635433599,540.0
165700,1,0,True,passed,165700,165700,165700,165700,0,256,256,165444,525.8791120410897,315.0914272994608,540.0
165750,1,0,True,passed,165750,165750,165750,165750,0,256,256,165494,526.0077716661617,315.1094126898102,540.0
165800,1,0,True,passed,165800,165800,165800,165800,0,256,256,165544,526.1346900411882,315.12843220244696,540.0
165850,1,0,True,passed,165850,165850,165850,165850,0,256,256,165594,526.2693955833092,315.14277932915763,540.0
165900,1,0,True,passed,165900,165900,165900,165900,0,256,256,165644,526.4043587082997,315.15696489878684,540.0
165950,1,0,True,passed,165950,165950,165950,165950,0,256,256,165694,526.5848605833016,315.14388738061336,540.0
166000,1,0,True,passed,166000,166000,166000,166000,0,256,256,165744,526.7114165830426,315.16309457823957,540.0
166050,1,0,True,passed,166050,166050,166050,166050,0,256,256,165794,526.8512235833332,315.1743652992305,540.0
166100,1,0,True,passed,166100,166100,166100,166100,0,256,256,165844,526.9726395411417,315.1966298376147,540.0
166150,1,0,True,passed,166150,166150,166150,166150,0,256,256,165894,527.0994794163853,315.2156404782727,540.0
166200,1,0,True,passed,166200,166200,166200,166200,0,256,256,165944,527.2382471254095,315.22751034499106,540.0
166250,1,0,True,passed,166250,166250,166250,166250,0,256,256,165994,527.3618000000715,315.24846888791996,540.0
166300,1,0,True,passed,166300,166300,166300,166300,0,256,256,166044,527.489643916022,315.26685294787603,540.0
166350,1,0,True,passed,166350,166350,166350,166350,0,256,256,166094,527.6313239582814,315.27696034428936,540.0
166400,1,0,True,passed,166400,166400,166400,166400,0,256,256,166144,527.7551264162175,315.297742591263,540.0
166450,1,0,True,passed,166450,166450,166450,166450,0,256,256,166194,527.8840404581279,315.3154618115471,540.0
166500,1,0,True,passed,166500,166500,166500,166500,0,256,256,166244,528.0199001664296,315.3290244316927,540.0
166550,1,0,True,passed,166550,166550,166550,166550,0,256,256,166294,528.146098208148,315.3483488092737,540.0
166600,1,0,True,passed,166600,166600,166600,166600,0,256,256,166344,528.2612410830334,315.3742637987961,540.0
166650,1,0,True,passed,166650,166650,166650,166650,0,256,256,166394,528.3843168332241,315.39543224671513,540.0
166700,1,0,True,passed,166700,166700,166700,166700,0,256,256,166444,528.5092450412922,315.4154852806327,540.0
166750,1,0,True,passed,166750,166750,166750,166750,0,256,256,166494,528.6195934163406,315.4442288495874,540.0
166800,1,0,True,passed,166800,166800,166800,166800,0,256,256,166544,528.7442160411738,315.46444375102374,540.0
166850,1,0,True,passed,166850,166850,166850,166850,0,256,256,166594,528.8758912500925,315.4804421234257,540.0
166900,1,0,True,passed,166900,166900,166900,166900,0,256,256,166644,529.0121921254322,315.4936738403695,540.0
166950,1,0,True,passed,166950,166950,166950,166950,0,256,256,166694,529.1332640410401,315.5159793300222,540.0
167000,1,0,True,passed,167000,167000,167000,167000,0,256,256,166744,529.2612380003557,315.53415971091346,540.0
167050,1,0,True,passed,167050,167050,167050,167050,0,256,256,166794,529.4347149580717,315.5252107207013,540.0
167100,1,0,True,passed,167100,167100,167100,167100,0,256,256,166844,529.5617641662247,315.5439295416139,540.0
167150,1,0,True,passed,167150,167150,167150,167150,0,256,256,166894,529.7846928332001,315.5055294370808,540.0
167200,1,0,True,passed,167200,167200,167200,167200,0,256,256,166944,529.9561490002088,315.49780168686016,540.0
167250,1,0,True,passed,167250,167250,167250,167250,0,256,256,166994,530.1092704162002,315.5009907083655,540.0
167300,1,0,True,passed,167300,167300,167300,167300,0,256,256,167044,530.2333929161541,315.5214330804231,540.0
167350,1,0,True,passed,167350,167350,167350,167350,0,256,256,167094,530.3584367083386,315.541317752302,540.0
167400,1,0,True,passed,167400,167400,167400,167400,0,256,256,167144,530.494875583332,315.55441476400125,540.0
167450,1,0,True,passed,167450,167450,167450,167450,0,256,256,167194,530.6209379159845,315.57367611172754,540.0
167500,1,0,True,passed,167500,167500,167500,167500,0,256,256,167244,530.755674041342,315.58777078086024,540.0
167550,1,0,True,passed,167550,167550,167550,167550,0,256,256,167294,530.8887406252325,315.60285080198696,540.0
167600,1,0,True,passed,167600,167600,167600,167600,0,256,256,167344,531.0208132080734,315.61851406063096,540.0
167650,1,0,True,passed,167650,167650,167650,167650,0,256,256,167394,531.1527595832013,315.6342445279884,540.0
167700,1,0,True,passed,167700,167700,167700,167700,0,256,256,167444,531.2867051661015,315.6487794054065,540.0
167750,1,0,True,passed,167750,167750,167750,167750,0,256,256,167494,531.4126759581268,315.66804404420725,540.0
167800,1,0,True,passed,167800,167800,167800,167800,0,256,256,167544,531.5667242500931,315.6706248622383,540.0
167850,1,0,True,passed,167850,167850,167850,167850,0,256,256,167594,531.7139371661469,315.6772622786286,540.0
167900,1,0,True,passed,167900,167900,167900,167900,0,256,256,167644,531.8511413331144,315.68983678243006,540.0
167950,1,0,True,passed,167950,167950,167950,167950,0,256,256,167694,531.9825550001115,315.7058411435405,540.0
168000,1,0,True,passed,168000,168000,168000,168000,0,256,256,167744,532.0930765001103,315.7342341400775,540.0
168050,1,0,True,passed,168050,168050,168050,168050,0,256,256,167794,532.2444383753464,315.738386131315,540.0
168100,1,0,True,passed,168100,168100,168100,168100,0,256,256,167844,532.3810655004345,315.7512745912313,540.0
168150,1,0,True,passed,168150,168150,168150,168150,0,256,256,167894,532.5023961253464,315.77322698172225,540.0
168200,1,0,True,passed,168200,168200,168200,168200,0,256,256,167944,532.6417434164323,315.78448756408704,540.0
168250,1,0,True,passed,168250,168250,168250,168250,0,256,256,167994,532.7664912082255,315.8043960655954,540.0
168300,1,0,True,passed,168300,168300,168300,168300,0,256,256,168044,532.8966814582236,315.82106974181613,540.0
168350,1,0,True,passed,168350,168350,168350,168350,0,256,256,168094,533.0411973753944,315.8292470242961,540.0
168400,1,0,True,passed,168400,168400,168400,168400,0,256,256,168144,533.1947328750975,315.83207713240523,540.0
168450,1,0,True,passed,168450,168450,168450,168450,0,256,256,168194,533.3267868752591,315.8476269060888,540.0
168500,1,0,True,passed,168500,168500,168500,168500,0,256,256,168244,533.4497629581019,315.8685441448669,540.0
168550,1,0,True,passed,168550,168550,168550,168550,0,256,256,168294,533.583514790982,315.88307233596834,540.0
168600,1,0,True,passed,168600,168600,168600,168600,0,256,256,168344,533.7054540002719,315.90458507833443,540.0
168650,1,0,True,passed,168650,168650,168650,168650,0,256,256,168394,533.8331117914058,315.9227036967681,540.0
168700,1,0,True,passed,168700,168700,168700,168700,0,256,256,168444,533.9586964161135,315.94204033439365,540.0
168750,1,0,True,passed,168750,168750,168750,168750,0,256,256,168494,534.0938168331049,315.95572665603703,540.0
168800,1,0,True,passed,168800,168800,168800,168800,0,256,256,168544,534.2347890413366,315.9659450536813,540.0
168850,1,0,True,passed,168850,168850,168850,168850,0,256,256,168594,534.3577682501636,315.9867976710158,540.0
168900,1,0,True,passed,168900,168900,168900,168900,0,256,256,168644,534.4870870411396,316.0038925075092,540.0
168950,1,0,True,passed,168950,168950,168950,168950,0,256,256,168694,534.6257285410538,316.01546835587123,540.0
169000,1,0,True,passed,169000,169000,169000,169000,0,256,256,168744,534.7535332501866,316.0334424960829,540.0
169050,1,0,True,passed,169050,169050,169050,169050,0,256,256,168794,534.8873573332094,316.04785135104606,540.0
169100,1,0,True,passed,169100,169100,169100,169100,0,256,256,168844,535.0163248330355,316.06512203673725,540.0
169150,1,0,True,passed,169150,169150,169150,169150,0,256,256,168894,535.1414703750052,316.0846418452052,540.0
169200,1,0,True,passed,169200,169200,169200,169200,0,256,256,168944,535.2647027503699,316.10528235953825,540.0
169250,1,0,True,passed,169250,169250,169250,169250,0,256,256,168994,535.3911188333295,316.1240335267656,540.0
169300,1,0,True,passed,169300,169300,169300,169300,0,256,256,169044,535.5320427911356,316.13421134919685,540.0
169350,1,0,True,passed,169350,169350,169350,169350,0,256,256,169094,535.6703656660393,316.1459189354901,540.0
169400,1,0,True,passed,169400,169400,169400,169400,0,256,256,169144,535.8029555412941,316.1610033092556,540.0
169450,1,0,True,passed,169450,169450,169450,169450,0,256,256,169194,535.9342532502487,316.1768425368347,540.0
169500,1,0,True,passed,169500,169500,169500,169500,0,256,256,169244,536.0659300410189,316.1924504081618,540.0
169550,1,0,True,passed,169550,169550,169550,169550,0,256,256,169294,536.1913227913901,316.2117565001418,540.0
169600,1,0,True,passed,169600,169600,169600,169600,0,256,256,169344,536.3218067083508,316.22805166344403,540.0
169650,1,0,True,passed,169650,169650,169650,169650,0,256,256,169394,536.4537637080066,316.24347050408807,540.0
169700,1,0,True,passed,169700,169700,169700,169700,0,256,256,169444,536.5780155831017,316.2634231586739,540.0
169750,1,0,True,passed,169750,169750,169750,169750,0,256,256,169494,536.7000902909786,316.2846496037814,540.0
169800,1,0,True,passed,169800,169800,169800,169800,0,256,256,169544,536.831399041228,316.3004256145598,540.0
169850,1,0,True,passed,169850,169850,169850,169850,0,256,256,169594,536.9674783330411,316.3133836843926,540.0
169900,1,0,True,passed,169900,169900,169900,169900,0,256,256,169644,537.0900053330697,316.3343169915043,540.0
169950,1,0,True,passed,169950,169950,169950,169950,0,256,256,169694,537.2143351254053,316.35417911982466,540.0
170000,1,0,True,passed,170000,170000,170000,170000,0,256,256,169744,537.335544291418,316.37586942843734,540.0
170050,1,0,True,passed,170050,170050,170050,170050,0,256,256,169794,537.4643052504398,316.39310432115593,540.0
170100,1,0,True,passed,170100,170100,170100,170100,0,256,256,169844,537.5879978332669,316.41331407245553,540.0
170150,1,0,True,passed,170150,170150,170150,170150,0,256,256,169894,537.7179514584132,316.4298300596336,540.0
170200,1,0,True,passed,170200,170200,170200,170200,0,256,256,169944,537.8474270002916,316.4466193493712,540.0
170250,1,0,True,passed,170250,170250,170250,170250,0,256,256,169994,537.9703727504238,316.46724173597323,540.0
170300,1,0,True,passed,170300,170300,170300,170300,0,256,256,170044,538.1078837499954,316.4792881553865,540.0
170350,1,0,True,passed,170350,170350,170350,170350,0,256,256,170094,538.2379282913171,316.4957188000311,540.0
170400,1,0,True,passed,170400,170400,170400,170400,0,256,256,170144,538.3834660830908,316.50303312565234,540.0
170450,1,0,True,passed,170450,170450,170450,170450,0,256,256,170194,538.5088020833209,316.5222171681923,540.0
170500,1,0,True,passed,170500,170500,170500,170500,0,256,256,170244,538.6312588751316,316.5430843283572,540.0
170550,1,0,True,passed,170550,170550,170550,170550,0,256,256,170294,538.7484139581211,316.56705724103995,540.0
170600,1,0,True,passed,170600,170600,170600,170600,0,256,256,170344,538.8671870832331,316.59006911038585,540.0
170650,1,0,True,passed,170650,170650,170650,170650,0,256,256,170394,539.0899179582484,316.55201537866,540.0
170700,1,0,True,passed,170700,170700,170700,170700,0,256,256,170444,539.2375256661326,316.55808780950537,540.0
170750,1,0,True,passed,170750,170750,170750,170750,0,256,256,170494,539.3656511250883,316.57559142638115,540.0
170800,1,0,True,passed,170800,170800,170800,170800,0,256,256,170544,539.4940052083693,316.5929525649349,540.0
170850,1,0,True,passed,170850,170850,170850,170850,0,256,256,170594,539.6641936660744,316.5857620446764,540.0
170900,1,0,True,passed,170900,170900,170900,170900,0,256,256,170644,539.8500317912549,316.5693987882959,540.0
170950,1,0,True,time-limit,170950,170944,170944,170944,6,256,256,170688,541.8064737911336,315.5074888711996,540.0
171000,1,0,True,time-limit,171000,170944,170944,170944,56,256,256,170688,541.8064737911336,315.5074888711996,540.0
50,1,0,True,passed,50,50,50,50,0,7,7,43,1.117854249663651,44.72855026945096,540.0
50,2,0,True,passed,50,50,50,50,0,8,8,42,0.8188399593345821,61.06199316485696,540.0
100,2,0,True,passed,100,100,100,100,0,14,14,86,0.9436617908068001,105.97016958215852,540.0
50,3,0,True,passed,50,50,50,50,0,8,8,42,0.737208915874362,67.82337940215741,540.0
150,3,0,True,passed,150,150,150,150,0,21,21,129,1.1285972078330815,132.90835646138234,540.0
50,4,0,True,passed,50,50,50,50,0,10,10,40,0.7051043747924268,70.9114874159153,540.0
200,4,0,True,passed,200,200,200,200,0,28,28,172,1.0880360840819776,183.81743301165284,540.0
100,1,0,True,passed,100,100,100,100,0,13,13,87,1.3192926249466836,75.79819526698354,540.0
200,2,0,True,passed,200,200,200,200,0,26,26,174,1.3925359998829663,143.62285787714552,540.0
100,3,0,True,passed,100,100,100,100,0,15,15,85,0.9221266247332096,108.4449763381814,540.0
300,3,0,True,passed,300,300,300,300,0,39,39,261,1.596063541714102,187.96244144378687,540.0
100,4,0,True,passed,100,100,100,100,0,16,16,84,0.8935750001110137,111.91002432652711,540.0
400,4,0,True,passed,400,400,400,400,0,52,52,348,1.5219609579071403,262.8188311413999,540.0
150,1,0,True,passed,150,150,150,150,0,19,19,131,1.5974427498877048,93.9000787418169,540.0
150,2,0,True,passed,150,150,150,150,0,20,20,130,1.2216556672938168,122.7841887168391,540.0
300,2,0,True,passed,300,300,300,300,0,39,39,261,1.7346892920322716,172.94163362738905,540.0
450,3,0,True,passed,450,450,450,450,0,59,59,391,1.9313640831969678,232.99594515349972,540.0
150,4,0,True,passed,150,150,150,150,0,21,21,129,0.9346064999699593,160.49535286221678,540.0
600,4,0,True,passed,600,600,600,600,0,78,78,522,2.5889980420470238,231.74988557565786,540.0
200,1,0,True,passed,200,200,200,200,0,25,25,175,2.2932827919721603,87.21122432005234,540.0
400,2,0,True,passed,400,400,400,400,0,50,50,350,2.3321532499976456,171.5153152994572,540.0
200,3,0,True,passed,200,200,200,200,0,27,27,173,1.246628041844815,160.43277809155583,540.0
600,3,0,True,passed,600,600,600,600,0,75,75,525,2.5391524587757885,236.29932024218834,540.0
800,4,0,True,passed,800,800,800,800,0,100,100,700,2.582810000050813,309.74016671155107,540.0
250,1,0,True,passed,250,250,250,250,0,32,32,218,2.6355025828815997,94.8585676310192,540.0
250,2,0,True,passed,250,250,250,250,0,33,33,217,2.0473762499168515,122.10750222884194,540.0
500,2,0,True,passed,500,500,500,500,0,64,64,436,2.8789783329702914,173.67272072664105,540.0
250,3,0,True,passed,250,250,250,250,0,34,34,216,1.474600000306964,169.5375016600828,540.0
750,3,0,True,passed,750,750,750,750,0,96,96,654,3.2512545841746032,230.6801822442959,540.0
250,4,0,True,passed,250,250,250,250,0,35,35,215,1.5823352499864995,157.9943314807232,540.0
1000,4,0,True,passed,1000,1000,1000,1000,0,128,128,872,3.5803796253167093,279.299991802278,540.0
300,1,0,True,passed,300,300,300,300,0,38,38,262,3.4009364997036755,88.21099718449288,540.0
600,2,0,True,passed,600,600,600,600,0,76,76,524,3.1433391249738634,190.8798179722301,540.0
900,3,0,True,passed,900,900,900,900,0,114,114,786,3.939141542185098,228.47617694406512,540.0
300,4,0,True,passed,300,300,300,300,0,41,41,259,1.384327916894108,216.71165938275882,540.0
1200,4,0,True,passed,1200,1200,1200,1200,0,152,152,1048,3.942702957894653,304.3597280381434,540.0
350,1,0,True,passed,350,350,350,350,0,44,44,306,3.5530373328365386,98.50726778617334,540.0
350,2,0,True,passed,350,350,350,350,0,45,45,305,2.16080033313483,161.97702056637024,540.0
700,2,0,True,passed,700,700,700,700,0,89,89,611,3.850949457846582,181.77335425000203,540.0
350,3,0,True,passed,350,350,350,350,0,46,46,304,1.7896070419810712,195.57366046825265,540.0
1050,3,0,True,passed,1050,1050,1050,1050,0,134,134,916,3.946739916689694,266.04235955853954,540.0
350,4,0,True,passed,350,350,350,350,0,47,47,303,1.6129695000126958,216.99108383465722,540.0
1400,4,0,True,passed,1400,1400,1400,1400,0,178,178,1222,4.436681457795203,315.55116438215657,540.0
400,1,0,True,passed,400,400,400,400,0,50,50,350,3.5348362922668457,113.15941303281264,540.0
800,2,0,True,passed,800,800,800,800,0,100,100,700,3.5296097500249743,226.653952322729,540.0
400,3,0,True,passed,400,400,400,400,0,52,52,348,1.6788135417737067,238.26350577169543,540.0
1200,3,0,True,passed,1200,1200,1200,1200,0,150,150,1050,3.840954083018005,312.42237581166495,540.0
1600,4,0,True,passed,1600,1600,1600,1600,0,200,200,1400,4.222155791707337,378.9533306995759,540.0
450,1,0,True,passed,450,450,450,450,0,57,57,393,4.1733530829660594,107.82696576446362,540.0
450,2,0,True,passed,450,450,450,450,0,58,58,392,2.3125650002621114,194.5891250403755,540.0
900,2,0,True,passed,900,900,900,900,0,114,114,786,4.080676417332143,220.55167034988781,540.0
1350,3,0,True,passed,1350,1350,1350,1350,0,171,171,1179,4.207394042052329,320.8636953199378,540.0
450,4,0,True,passed,450,450,450,450,0,59,59,391,1.5043864999897778,299.1252580391128,540.0
1800,4,0,True,passed,1800,1800,1800,1800,0,228,228,1572,4.646977916825563,387.34851600706844,540.0
500,1,0,True,passed,500,500,500,500,0,63,63,437,4.47770187491551,111.66442384229398,540.0
1000,2,0,True,passed,1000,1000,1000,1000,0,126,126,874,4.739685750100762,210.98445186555688,540.0
500,3,0,True,passed,500,500,500,500,0,65,65,435,1.98333549965173,252.10056497642432,540.0
1500,3,0,True,passed,1500,1500,1500,1500,0,189,189,1311,4.8207300840877,311.15618875887924,540.0
500,4,0,True,passed,500,500,500,500,0,66,66,434,2.1274925000034273,235.01845482378647,540.0
2000,4,0,True,passed,2000,2000,2000,2000,0,252,252,1748,6.287976750172675,318.06733381211654,540.0
